Mono path[0] = 'C:/Program Files (x86)/Steam/steamapps/common/RimWorld/RimWorldWin64_Data/Managed'
Mono config path = 'C:/Program Files (x86)/Steam/steamapps/common/RimWorld/MonoBleedingEdge/etc'
[PhysX] Initialized MultithreadedTaskDispatcher with 32 workers.
Initialize engine version: 2022.3.35f1 (011206c7a712)
[Subsystems] Discovering subsystems at path C:/Program Files (x86)/Steam/steamapps/common/RimWorld/RimWorldWin64_Data/UnitySubsystems
GfxDevice: creating device client; threaded=1; jobified=0
Direct3D:
    Version:  Direct3D 11.0 [level 11.1]
    Renderer: NVIDIA GeForce RTX 4090 Laptop GPU (ID=0x2757)
    Vendor:   NVIDIA
    VRAM:     16048 MB
    Driver:   32.0.16.1062
Begin MonoManager ReloadAssembly
- Loaded All Assemblies, in  0.124 seconds
- Finished resetting the current domain, in  0.001 seconds
<RI> Initializing input.
<RI> Input initialized.
<RI> Initialized touch support.
[PhysX] Initialized MultithreadedTaskDispatcher with 32 workers.
UnloadTime: 0.666700 ms
RimWorld 1.6.4871 rev591
Fallback handler could not load library C:/Program Files (x86)/Steam/steamapps/common/RimWorld/RimWorldWin64_Data/MonoBleedingEdge/data-0000026D65209020.dll
Fallback handler could not load library C:/Program Files (x86)/Steam/steamapps/common/RimWorld/RimWorldWin64_Data/MonoBleedingEdge/data-0000026D652EC1B0.dll
Fallback handler could not load library C:/Program Files (x86)/Steam/steamapps/common/RimWorld/RimWorldWin64_Data/MonoBleedingEdge/data-0000026D661A5010.dll
[CA][Regional][Root] RockNoises.Init: replaced 1 map.Tile read(s) with the footprint anchor - stone palette - NaturalRockTypesIn(map.Tile) fixes both the native rock set and, because each RockNoise draws Rand.Range in iteration order, the rockDef->Perlin pairing that CA's union postfix extends
[CA][Regional][Root] MapCellsInRandomOrder.CreateListIfShould: replaced 1 map.Tile read(s) with the footprint anchor - initial plant layout - GenStep_Plants walks this order and its shuffle is seeded worldSeed ^ map.Tile hash
[CA][Regional][Root] GenStep_Pollution.Generate: replaced 1 map.Tile read(s) with the footprint anchor - map-wide pollution percentage is read off the parented tile's pollution value
[CA][Regional][Root] GenStep_Snow.Generate: replaced 1 map.Tile read(s) with the footprint anchor - snow depth counts twelfths below freezing at map.Tile
[CA][Regional][Root] MapTemperature.get_SeasonalTemp: replaced 1 map.Tile read(s) with the footprint anchor - seasonal temperature is climate, and one backing map has one climate; it also feeds GenStep_Snow's depth
[CA][Regional][Root] MapTemperature.get_OutdoorTemp: replaced 1 map.Tile read(s) with the footprint anchor - outdoor temperature, same reason as SeasonalTemp
[CA][Regional][Root] GenLocalDate.Twelfth: replaced 1 map.Tile read(s) with the footprint anchor - the twelfth is a climate/season reading, and GenStep_Snow takes it from the map
[CA][Regional][Root] GenLocalDate.Season: replaced 1 map.Tile read(s) with the footprint anchor - season, same reason as Twelfth
[CA][Regional][Root] TileMutatorWorker_MineralRich.GeneratePostTerrain: replaced 1 map.Tile read(s) with the footprint anchor - which mineral the landmark yields is feature identity
[CA][Regional][Root] TileMutatorWorker_Stockpile.GeneratePostFog: replaced 1 map.Tile read(s) with the footprint anchor - which stockpile type the hatch carries is feature identity
[CA][Regional][Root] PollutionGrid.PollutionTick: replaced 3 map.Tile read(s) with the footprint anchor sentinel (write suppressed) - the only WRITE in the root trace; suppressed for regional maps rather than re-anchored
[CA][Regional][Root] MapGenerator.GenerateMap: replaced 1 parent.Tile read(s); the map generation master seed is now footprint-anchored.
[CA][Regional][Root] GenStep_Pollution.Generate: replaced 1 map.Tile read(s) with the footprint anchor - map-wide pollution percentage is read off the parented tile's pollution value
[CA][Regional][Root] GenStep_Snow.Generate: replaced 1 map.Tile read(s) with the footprint anchor - snow depth counts twelfths below freezing at map.Tile
[CA][Regional][Root] MapGenerator.GenerateMap: replaced 1 parent.Tile read(s); the map generation master seed is now footprint-anchored.
[CA][Regional] TerrainFrom: redirected 2 map.TileInfo.Mutators read(s) to the selected area owning the cell; geographic halo reads are neutral.
[CA][Regional] BeachTerrainAt: redirected 1 map.TileInfo.Mutators read(s) to the selected area owning the cell; geographic halo reads are neutral.
[CA][Regional] LakeshoreTerrainAt: redirected 1 map.TileInfo.Mutators read(s) to the selected area owning the cell; geographic halo reads are neutral.
[CA][Regional] MudTerrainAt: redirected 1 map.TileInfo.Mutators read(s) to the selected area owning the cell; geographic halo reads are neutral.
[CA][Regional] RiverbankTerrainAt: redirected 1 map.TileInfo.Mutators read(s) to the selected area owning the cell; geographic halo reads are neutral.
[CA][MapSize] transpiler: redirected 2 MapSizes/TestMapSizes field-read(s) in the size loop to CA's source-scale catalog; the drawn list no longer trusts the mutable field
[CA][Regional] TerrainFrom: redirected 2 map.TileInfo.Mutators read(s) to the selected area owning the cell; geographic halo reads are neutral.
[CA][Regional][Root] MapGenerator.GenerateMap: replaced 1 parent.Tile read(s); the map generation master seed is now footprint-anchored.
[CA][Regional][Root] GenStep_Pollution.Generate: replaced 1 map.Tile read(s) with the footprint anchor - map-wide pollution percentage is read off the parented tile's pollution value
[CA][Regional][Root] GenStep_Snow.Generate: replaced 1 map.Tile read(s) with the footprint anchor - snow depth counts twelfths below freezing at map.Tile
[CA][Regional][Root] RockNoises.Init: replaced 1 map.Tile read(s) with the footprint anchor - stone palette - NaturalRockTypesIn(map.Tile) fixes both the native rock set and, because each RockNoise draws Rand.Range in iteration order, the rockDef->Perlin pairing that CA's union postfix extends
[CA][Regional][Root] MapGenerator.GenerateMap: replaced 1 parent.Tile read(s); the map generation master seed is now footprint-anchored.
[Colonist Awareness] dual wield seams installed
[CA][Regional] advanced map sizes installed: 200, 225, 250, 275, 300, 325, 350, 400, 500; each is a local source scale independent of regional extent
[CA][Regional] persistent regional footprint layer verification deferred until Surface Def injection
[CA][Regional] Map Preview compatibility deferred until main-thread DefOf initialization
[Colonist Awareness] loaded; behavior trace on.
[CA][Regional] starting-region authoring, projected geography, strategic overview, and saved settlement overlays installed.
ReGrowth 2 5.1-rev6
Parsed 0.3 as int.
Parsed 0.3 as int.
Key binding conflict: MainTab_History and MainTab_AM_LevelSchedule are both bound to F9.
Key binding conflict: MainTab_AM_LevelSchedule and MainTab_History are both bound to F9.
[CA][Authoring] An incompatible pending creation draft or reusable authoring profile was discarded. Realized campaign history is governed by the durable campaign schema and was not reset through this path.
[CA][Regional] persistent regional footprint world layer verified from Surface Def
[CA][Regional] Map Preview compatibility installed against the 1.6 three-argument size API; regional requests use the selected composition's exact backing frame and shared projection steps; inhabited settlement materialization remains preview-inert
[CA][VehicleFramework] resolved bundled Shader Materials/ShaderRGBPattern.shader through its retained upstream identity.
[CA][VehicleFramework] resolved bundled Shader Materials/ShaderRGBSkin.shader through its retained upstream identity.
[CA][VehicleFramework] resolved bundled Shader Materials/ShaderRGB.shader through its retained upstream identity.
Translation data for language English has 1 errors. Generate translation report for more info.
[Simple FX: Splashes] The following terrains have been defined as being hard:
 - rough-hewn vacstone
 - rough vacstone
 - rough-hewn marble
 - rough marble
 - rough-hewn slate
 - rough slate
 - rough-hewn limestone
 - rough limestone
 - rough-hewn granite
 - rough granite
 - rough-hewn sandstone
 - rough sandstone
 - Striped ceramic tiles
 - ceramic tile（black）
 - ceramic tile
 - ancient heavy bridge
 - heavy bridge
 - gravship substructure
 - vacstone flagstone
 - vacstone tile
 - hex tile
 - totemic vacstone tile
 - totemic marble tile
 - totemic slate tile
 - totemic limestone tile
 - totemic granite tile
 - totemic sandstone tile
 - spikecore plates
 - vacstone spikecore tile
 - marble spikecore tile
 - slate spikecore tile
 - limestone spikecore tile
 - granite spikecore tile
 - sandstone spikecore tile
 - morbid vacstone tile
 - morbid marble tile
 - morbid slate tile
 - morbid limestone tile
 - morbid granite tile
 - morbid sandstone tile
 - fine vacstone tile
 - fine marble tile
 - fine slate tile
 - fine limestone tile
 - fine granite tile
 - fine sandstone tile
 - broken asphalt
 - marble flagstone
 - slate flagstone
 - limestone flagstone
 - granite flagstone
 - sandstone flagstone
 - marble tile
 - slate tile
 - limestone tile
 - granite tile
 - sandstone tile
 - sterile tile
 - gold tile
 - silver tile
 - steel tile
 - paved tile
 - concrete
[TrueTerrainColors v1.12.26] Loaded cached true colors for 568 terrain defs from file.
[CA][Regional][Root] PollutionGrid.PollutionTick: replaced 3 map.Tile read(s) with the footprint anchor sentinel (write suppressed) - the only WRITE in the root trace; suppressed for regional maps rather than re-anchored
[CA][TickProbe] armed: DoSingleTick attribution every 300 ticks
[CA][Exercise] ARMED: the exercise will author a two-faction regional candidate at the menu, generate it through the native lifecycle, run every receipt, capture screenshots and exit
[Colonist Awareness] Simple Sidearms bridge active
[CA][Regional][Jobs][MapListerIndex] installed; stable-order Add=True Remove=True; lists below 4096 entries stay native; env CA_REGIONAL_LISTER_INDEX=0 disables and CA_REGIONAL_LISTER_INDEX_AUDIT=n sets sampling
[CA][Regional][Jobs][PlantMask] plant frozen-term prediction screen installed in-chain on the AcceptanceReport overload; SERVE mode (proven rejects skip the original; postfix chain still runs and re-verifies); frozen-term surface gate allowing exactly 4 proven method/kind/owner entries; extraction after 4096 in-scope calls under a 96 MB checked cap; env CA_REGIONAL_PLANTMASK=0 disables at load, CA_REGIONAL_PLANTMASK_SERVE=0 restores full native audit mode
[CA][Regional][Jobs] regional RockChunks noise jobs installed: parallel grid build on regional maps only, native Rand/traversal/spawn order retained; workers=8 (processors 32 - 2, clamped 1-8); sequential-verify on; env CA_REGIONAL_JOBS=0 disables at load, CA_REGIONAL_JOBS_SEQUENTIAL=1 forces one worker, CA_REGIONAL_JOBS_WORKERS=n overrides, CA_REGIONAL_JOBS_VERIFY=0 skips the live equivalence pass; ReGrowth RockChunks postfix timing installed
[CA][Regional][Root] GenStep_Pollution.Generate: replaced 1 map.Tile read(s) with the footprint anchor - map-wide pollution percentage is read off the parented tile's pollution value
[CA][Regional][Root] GenStep_Snow.Generate: replaced 1 map.Tile read(s) with the footprint anchor - snow depth counts twelfths below freezing at map.Tile
[CA][Regional][Jobs][SpawnPath] ordered-commit attribution and spawned-things index installed; spawned-things index on; native-scan audit stride 256; env CA_REGIONAL_SPAWNPATH=0 disables at load, CA_REGIONAL_SPAWNPATH_INDEX=0 keeps receipts but serves native scans, CA_REGIONAL_SPAWNPATH_AUDIT=n samples every nth served index against the native scan; optional wraps: 16 installed [spawn,wipe,despawn,listerRemove,filth,rebuildAll,rebuildDirty,plantCheck,plantSaturated,plantCanGrow,plantClusters,plantSuccession,plantDistribution,scatterCalc,scatterFind,genstepBoundaries:98]
[CA][Regional][Jobs][NoiseGrids] regional terrain noise grids installed: elevation/fertility routed; TerrainAt routed; flood-fill lambda routed; workers=8; sequential-verify off; caps 16 grids / 160 MB per scope; worker graphs fail closed to exact Perlin/Const/Displace/Scale/Rotate/ScaleBias/Multiply types; materialize after max(4096, ceil(area/workers)) in-bounds requests; one worker stays native; env CA_REGIONAL_NOISEGRIDS=0 disables at load, _SEQUENTIAL=1 forces one worker, _WORKERS=n overrides, _VERIFY=1 enables the live full-grid bitwise rebuild; regional rock-selection noises routed directly.
[SmashPhil.VehicleFramework] Compatibility Patches: ludeon.rimworld.odyssey,VanillaExpanded.VCEF
[CA][VehicleFramework] resolved bundled Texture2D Textures/SmashTools/VideoSkiptoNext.png through its retained upstream identity.
[CA][VehicleFramework] resolved bundled Texture2D Textures/UI/Cursors/MouseHandOpen.png through its retained upstream identity.
[CA][VehicleFramework] resolved bundled Texture2D Textures/UI/Cursors/MouseHandClosed.png through its retained upstream identity.
[CA][VehicleFramework] resolved bundled Shader Materials/ShaderRGBUI.shader through its retained upstream identity.
[CA][VehicleFramework] resolved bundled Shader Materials/ShaderRGBPatternUI.shader through its retained upstream identity.
[CA][VehicleFramework] resolved bundled Shader Materials/ShaderRGBSkinUI.shader through its retained upstream identity.
[CA][VehicleFramework] resolved bundled Texture2D Textures/UI/Gizmos/GearDrive.png through its retained upstream identity.
[CA][VehicleFramework] resolved bundled Texture2D Textures/UI/Gizmos/GearReverse.png through its retained upstream identity.
[CA][VehicleFramework] resolved bundled Texture2D Textures/UI/Gizmos/RefuelFromCargo.png through its retained upstream identity.
[CA][VehicleFramework] resolved bundled Texture2D Textures/UI/Icons/Rotate.png through its retained upstream identity.
[VehicleFramework] version 1.4.1.0-alpha
[CA][VehicleFramework] resolved bundled Texture2D Textures/UI/Icons/EfficiencyHills.png through its retained upstream identity.
[CA][VehicleFramework] resolved bundled Texture2D Textures/UI/Icons/EfficiencyRiver.png through its retained upstream identity.
[CA][VehicleFramework] resolved bundled Texture2D Textures/UI/Icons/EfficiencyRoads.png through its retained upstream identity.
[CA][Regional][Root] MapGenerator.GenerateMap: replaced 1 parent.Tile read(s); the map generation master seed is now footprint-anchored.
Unloading 5 Unused Serialized files (Serialized files now loaded: 7)
MVCF successfully applied 0 patches
Unloading 193 unused Assets to reduce memory usage. Loaded Objects now: 31561.
Total: 298.065400 ms (FindLiveObjects: 1.191700 ms CreateObjectMapping: 0.732500 ms MarkObjects: 295.702600 ms  DeleteObjects: 0.438300 ms)

adding BorealForestto primary biomes
adding Tundrato primary biomes
adding ColdBogto primary biomes
adding IceSheetto primary biomes
adding TemperateForestto primary biomes
adding TemperateSwampto primary biomes
adding TropicalRainforestto primary biomes
adding TropicalSwampto primary biomes
adding AridShrublandto primary biomes
adding Desertto primary biomes
adding ExtremeDesertto primary biomes
adding GlacialPlainto primary biomes
adding Glowforestto primary biomes
adding Grasslandsto primary biomes
adding LavaFieldto primary biomes
adding Scarlandsto primary biomes
adding RG_AspenForestto primary biomes
finished biome cycle
finished biome cycle
finished biome cycle
finished biome cycle
finished biome cycle
finished biome cycle
finished biome cycle
finished biome cycle
finished biome cycle
finished biome cycle
finished biome cycle
finished biome cycle
finished biome cycle
finished biome cycle
finished biome cycle
finished biome cycle
finished biome cycle
[CA][Exercise] fixed benchmark setup: world seed CA-B18-PERFORMANCE-CONVERGENCE, starting-tile seed 181806, run RNG seed 181814, scale 400x6, geography peninsula @tile 180 (biome TropicalRainforest; hilliness Flat; water neighbours 3/6; rivers 0; elevation 0m)
[CA][Exercise] authored candidate CA-RG-0CDD6B7A at tile 180: contested · urban center; 4 settlements, 2 factions
Unloading 3 Unused Serialized files (Serialized files now loaded: 7)
[PhysX] Initialized MultithreadedTaskDispatcher with 32 workers.
UnloadTime: 1.371000 ms
Unloading 2 unused Assets to reduce memory usage. Loaded Objects now: 31759.
Total: 296.178000 ms (FindLiveObjects: 1.438700 ms CreateObjectMapping: 0.883700 ms MarkObjects: 293.788900 ms  DeleteObjects: 0.066100 ms)

Initializing new game with mods:
  - brrainz.harmony
  - Ludeon.RimWorld
  - Ludeon.RimWorld.Royalty
  - Ludeon.RimWorld.Ideology
  - Ludeon.RimWorld.Biotech
  - Ludeon.RimWorld.Odyssey
  - XMB.AncientUrbanrUins.MO
  - IH.Clean.Textures.Background
  - OskarPotocki.VanillaFactionsExpanded.Core
  - VanillaExpanded.VCEF
  - ReGrowth.BOTR.Core
  - IH.Clean.Textures
  - RedMattis.BetterGeneInheritance
  - Adamas.Hospital
  - costel.layeredapparel
  - m00nl1ght.MapPreview
  - ReGrowth.BOTR.AspenForest
  - PeteTimesSix.SimpleSidearms
  - weilbyte.snapout
  - Arylice.Rimworld.AutomaticStumpChopping
  - Nals.FacialAnimation
  - EdB.PrepareCarefully
  - ferny.ProgressionEducation
  - ferny.ProgressionTherapy
  - ferny.TraumaAndIntegrity
  - ellyj3rain.colonistawareness
[CA][Regional] transient developer exercise CA-RG-0CDD6B7A registered for this runtime only; it is excluded from durable regional world state and cannot be saved; compatibility at registration: 4 attachments across 3 source tiles; 8 obligations; mechanism [ConnectedRegional=6, MaskedPlacement=1, ProjectedScalar=1]; def readiness [ImplementedUnverified=4]; obligation readiness [ImplementedUnverified=8].
[CA][Regional] created authored world faction Assembly of the Ford from CannibalPirate; visible True
[CA][Regional] created authored world faction Charter Towns from CannibalPirate; visible True
[CA][Faction] setup pass (region CA-RG-0CDD6B7A): 15 Culture identities, 672 Culture questions, 15 political-belief sets, 0 political-belief fields, 15 technological-knowledge sets, 0 represented institutional mechanisms generated; 2 non-humanlike factions skipped; unsupported political fields remain unset; Ideoligions unchanged
[CA][Regional] queued regional 400-cell source scale; local tile scale 400x400; aggregate backing 1236x1100 for surface tile 180,0; source members 180,41048,41047,14405,73139,14406; landing 180; authored settlements 4
[CA][Regional][Root] engine root: map 0 parented to landing tile 180; footprint anchor 180 (CA-RG-0CDD6B7A) now answers every intercepted root read
[CA][Regional][Timing] projection 1236x1100 map 0: composition 6C64980DBAE7B621; classification 2765 ms; smoothing/cache 157 ms; water depth 69 ms; littoral 33 ms; diagnostics 104 ms; total 3128 ms
[CA][Regional][Jobs][SpawnPath] scope opened for 1236x1100 map 0 with 0 pre-spawned things; spawned-things index on; native-scan audit stride 256; env CA_REGIONAL_SPAWNPATH=0 disables at load, CA_REGIONAL_SPAWNPATH_INDEX=0 keeps receipts but serves native scans, CA_REGIONAL_SPAWNPATH_AUDIT=n samples every nth served index against the native scan
[CA][Regional][Jobs][NoiseGrids] scope opened for 1236x1100 map 0; workers=8; sequential-verify off; caps 16 grids / 160 MB per scope; worker graphs fail closed to exact Perlin/Const/Displace/Scale/Rotate/ScaleBias/Multiply types; materialize after max(4096, ceil(area/workers)) in-bounds requests; one worker stays native; env CA_REGIONAL_NOISEGRIDS=0 disables at load, _SEQUENTIAL=1 forces one worker, _WORKERS=n overrides, _VERIFY=1 enables the live full-grid bitwise rebuild; scope materialization threshold=169950
[CA][Regional][Timing][GenStep] starting RimWorld.GenStep_ElevationFertility [ElevationFertility] for 1236x1100 map 0
[CA][Regional][Jobs][NoiseGrids] Multiply#1 built for map 0: 416 ms across 8 workers, checksum 1347623CED447BB7, audit off
[CA][Regional][Jobs][NoiseGrids] ScaleBias#2 built for map 0: 123 ms across 8 workers, checksum 4961840F296FCB75, audit off
[CA][Regional][Timing][GenStep] RimWorld.GenStep_ElevationFertility [ElevationFertility] completed in 1011 ms for 1236x1100 map 0
[CA][Regional][Timing][GenStep] starting RimWorld.GenStep_MutatorPostElevationFertility [MutatorPostElevationFertility] for 1236x1100 map 0
[CA][Regional] member-mutator loss receipt for map 0; root tile 180 of 63 geographic source tiles (62 non-root); root mutators [Stockpile,CoastalIsland]; per-source [180:root:Stockpile,CoastalIsland | 5527:Coast | 5528:none | 5529:Mountain | 5530:none | 5532:none | 14404:WildPlants | 14405:none | 14406:Coast | 14407:none | 14408:none | 14409:none | 28751:none | 28757:PlantLife_Decreased | 28761:none | 28762:Mountain | 28763:Mountain | 28767:Mountain,Coast | 41047:none | 41048:Coast | 41049:none | 41050:none | 41051:none | 41052:Coast | 55386:none | 55390:none | 55392:none | 55395:none | 55396:none | 55398:Mountain,Caves | 55402:Mountain,Caves | 73126:Coast | 73127:none | 73130:none | 73131:WildPlants | 73132:none | 73133:none | 73134:WildPlants | 73135:none | 73136:PlantLife_Decreased,WetClimate | 73137:PlantGrove | 73138:AnimalHabitat | 73139:none | 73140:none | 73141:Mountain,Caves | 73142:Mountain | 73143:Mountain | 73144:Coast | 73145:none | 73146:SteamGeysers_Increased,Coast | 73147:none | 73148:none | 73149:none | 73150:none | 73151:none | 73155:none | 73156:none | 73157:none | 73158:none | 73160:none | 100751:none | 100752:none | 101004:none]; union [Stockpile,CoastalIsland,Coast,Mountain,WildPlants,PlantLife_Decreased,Caves,WetClimate,PlantGrove,AnimalHabitat,SteamGeysers_Increased]; member-only discarded [AnimalHabitat,Caves,Coast,Mountain,PlantGrove,PlantLife_Decreased,SteamGeysers_Increased,WetClimate,WildPlants]; provisional hook-shape classes, not verified scope [AnimalHabitat=region-wide (hooks none; on 1 member tiles 73138) | Caves=connected (hooks PostElevationFertility+PostTerrain; on 3 member tiles 55398,55402,73141) | Coast=connected (hooks PostElevationFertility+PostTerrain; on 8 member tiles 5527,14406,28767,41048,41052,73126,73144,73146) | Mountain=connected (hooks PostElevationFertility; on 9 member tiles 5529,28762,28763,28767,55398,55402,73141,73142,73143) | PlantGrove=region-wide (hooks none; on 1 member tiles 73137) | PlantLife_Decreased=region-wide (hooks none; on 2 member tiles 28757,73136) | SteamGeysers_Increased=region-wide (hooks none; on 1 member tiles 73146) | WetClimate=region-wide (hooks none; on 1 member tiles 73136) | WildPlants=region-wide (hooks none; on 3 member tiles 14404,73131,73134)]; suppression flags [preventNaturalElevation root=clear, root discards 0 member tiles carrying it, root imposes on 0 not carrying it | preventPatches root=clear, root discards 0 member tiles carrying it, root imposes on 0 not carrying it | preventsPondGeneration root=set, root discards 0 member tiles carrying it, root imposes on 62 not carrying it]; density factors [animal root=1.00, 0 member tiles differ, 0 non-unit, member range 1.00-1.00 | plant root=1.00, 2 member tiles differ, 2 non-unit, member range 0.50-1.00 | junk root=1.00, 0 member tiles differ, 0 non-unit, member range 1.00-1.00 | geyser root=1.00, 1 member tiles differ, 1 non-unit, member range 1.00-2.00 | chunk root=1.00, 0 member tiles differ, 0 non-unit, member range 1.00-1.00 | fish root=1.00, 0 member tiles differ, 0 non-unit, member range 1.00-1.00]
[CA][Regional] regional projection replaced root-local post-elevation topology mutators: CoastalIsland
[CA][Regional] projected mountain field: 0 mountainous source tiles; 0 cells raised (0.0% of map), 0 at or above 0.70; peak add 0.000
[CA][Regional] projected caves: no cave-bearing source tiles
[CA][Regional][Timing][GenStep] RimWorld.GenStep_MutatorPostElevationFertility [MutatorPostElevationFertility] completed in 35 ms for 1236x1100 map 0
[CA][Regional][Timing][GenStep] starting ColonistAwareness.GenStep_CARegionalProjection [CA_RegionalProjection] for 1236x1100 map 0
[CA][Regional] compatibility gate failed at GENERATION for candidate 37ce577fecc4 - This region contains content CA cannot yet generate correctly: Coast on 2 tiles - overall ImplementedUnverified; unresolved: generation (ImplementedUnverified: CA owns the topology; connected seam reconciliation unresolved), Init (ImplementedUnverified: native aggregate-map noise is replaced by a shared feature-centered, one-source-tile projection-kernel field); Stockpile on 1 tile - overall ImplementedUnverified; unresolved: generation (ImplementedUnverified: post-fog AncientHatch adapter places the full occupied rect inside the carrying area's ownership); CoastalIsland on 1 tile - overall ImplementedUnverified; unresolved: suppression flags (ImplementedUnverified: per-cell suppression installed: TerrainFrom now resolves the constituent owning the cell), generation (ImplementedUnverified: CA owns the topology; connected seam reconciliation unresolved), Init (ImplementedUnverified: native aggregate-map noise is replaced by a shared feature-centered, one-source-tile projection-kernel field). Choose a different region, or remove the landmarks carrying it, before continuing. (4 attachments across 3 source tiles; 8 obligations; mechanism [ConnectedRegional=6, MaskedPlacement=1, ProjectedScalar=1]; def readiness [ImplementedUnverified=4]; obligation readiness [ImplementedUnverified=8]) Continuing as the explicitly accepted transient test; saving is disabled and this result is evidence, not a durable-world compatibility claim.
[CA][Regional] compatibility: 4 attachments across 3 source tiles; 8 obligations; mechanism [ConnectedRegional=6, MaskedPlacement=1, ProjectedScalar=1]; def readiness [ImplementedUnverified=4]; obligation readiness [ImplementedUnverified=8]
[CA][Regional] candidate 37ce577fecc4 confirmed is generating; feature identities and seeds derive from it. Preview-to-generation equivalence is NOT established by this - it requires both to consume the same execution contracts and remains unverified.
[CA][Regional] continuously projected 63 geographic sampling tiles (land 42, water 21; 6 selected core) at 400 local cells each onto aggregate 1236x1100 map 0; landing member 180; sampling tile ids 180, 5527, 5528, 5529, 5530, 5532, 14404, 14405, 14406, 14407, 14408, 14409, 28751, 28757, 28761, 28762, 28763, 28767, 41047, 41048, 41049, 41050, 41051, 41052, 55386, 55390, 55392, 55395, 55396, 55398, 55402, 73126, 73127, 73130, 73131, 73132, 73133, 73134, 73135, 73136, 73137, 73138, 73139, 73140, 73141, 73142, 73143, 73144, 73145, 73146, 73147, 73148, 73149, 73150, 73151, 73155, 73156, 73157, 73158, 73160, 100751, 100752, 101004; frame origin -25.4621,0.0000; center offset -0.2515,0.2223; scale 1397.190 cells/degree; biomes TropicalRainforest, Ocean; perimeter water neighbors 5530, 5532, 14407, 14408, 14409, 41049, 41050, 41051, 73127, 73145, 73147, 73148, 73149, 73150, 73151, 73155, 73156, 73157, 73158, 73160, 101004; vanilla-profile beach cells 65664; shallow-water depth 40; biome cells [TropicalRainforest:1231975, Ocean:127625]; cross-biome edges 1827; triple-junction quads 0; micro-fragment cells reassigned 0; projected water 127625 (maximum depth 227, shallow 50598, deep 77027, isotropic chamfer); retained water 127625 (shoreline 1379, share 9.4%); selected-core land 859606; geographic-halo land 372369; vanilla-profile beach cells 65664; littoral components 1 (largest 65664, tiny 0); source-center checks land 0 flooded, water 0 dry; adjacent land joins 13 checked, 0 severed; coastal atolls 0 (lagoon cells 0, ring land 0, classification changes beyond carrier ownership 0); coves 0 (water cells 0, classification changes beyond carrier ownership 0); archipelagos 0 (water cells 0, classification changes beyond carrier ownership 0); timing classification 2765 ms; smoothing/cache 157 ms; water depth 69 ms; littoral 33 ms; diagnostics 104 ms; total 3128 ms; elevation application 159 ms; genstep total 159 ms; river-valley relief cells 0
[CA][Regional][Timing][GenStep] ColonistAwareness.GenStep_CARegionalProjection [CA_RegionalProjection] completed in 159 ms for 1236x1100 map 0
[CA][Regional][Timing][GenStep] starting RimWorld.GenStep_RocksFromGrid [RocksFromGrid] for 1236x1100 map 0
[CA][Regional][Timing][GenStep] starting RimWorld.GenStep_ScatterLumpsMineable for 1236x1100 map 0
Not generating ores for asteroid step
Not generating ores for asteroid step
Not generating ores for asteroid step
Not generating ores for asteroid step
Not generating ores for asteroid step
Not generating ores for asteroid step
Not generating ores for asteroid step
Not generating ores for asteroid step
Not generating ores for asteroid step
Not generating ores for asteroid step
Not generating ores for asteroid step
Not generating ores for asteroid step
Not generating ores for asteroid step
Not generating ores for asteroid step
Not generating ores for asteroid step
Not generating ores for asteroid step
Not generating ores for asteroid step
Not generating ores for asteroid step
Not generating ores for asteroid step
Not generating ores for asteroid step
Not generating ores for asteroid step
Not generating ores for asteroid step
Not generating ores for asteroid step
Not generating ores for asteroid step
Not generating ores for asteroid step
Not generating ores for asteroid step
Not generating ores for asteroid step
Not generating ores for asteroid step
Not generating ores for asteroid step
Not generating ores for asteroid step
Not generating ores for asteroid step
Not generating ores for asteroid step
Not generating ores for asteroid step
Not generating ores for asteroid step
Not generating ores for asteroid step
Not generating ores for asteroid step
Not generating ores for asteroid step
Not generating ores for asteroid step
Not generating ores for asteroid step
Not generating ores for asteroid step
Not generating ores for asteroid step
Not generating ores for asteroid step
Not generating ores for asteroid step
Not generating ores for asteroid step
Not generating ores for asteroid step
Not generating ores for asteroid step
Not generating ores for asteroid step
Not generating ores for asteroid step
Not generating ores for asteroid step
Not generating ores for asteroid step
Not generating ores for asteroid step
Not generating ores for asteroid step
Not generating ores for asteroid step
Not generating ores for asteroid step
Not generating ores for asteroid step
Not generating ores for asteroid step
Not generating ores for asteroid step
Not generating ores for asteroid step
Not generating ores for asteroid step
Not generating ores for asteroid step
Not generating ores for asteroid step
Not generating ores for asteroid step
Not generating ores for asteroid step
Not generating ores for asteroid step
Not generating ores for asteroid step
Not generating ores for asteroid step
Not generating ores for asteroid step
Not generating ores for asteroid step
Not generating ores for asteroid step
Not generating ores for asteroid step
Not generating ores for asteroid step
Not generating ores for asteroid step
Not generating ores for asteroid step
Not generating ores for asteroid step
Not generating ores for asteroid step
Not generating ores for asteroid step
Not generating ores for asteroid step
Not generating ores for asteroid step
Not generating ores for asteroid step
Not generating ores for asteroid step
Not generating ores for asteroid step
Not generating ores for asteroid step
Not generating ores for asteroid step
Not generating ores for asteroid step
Not generating ores for asteroid step
Not generating ores for asteroid step
Not generating ores for asteroid step
Not generating ores for asteroid step
Not generating ores for asteroid step
Not generating ores for asteroid step
Not generating ores for asteroid step
Not generating ores for asteroid step
Not generating ores for asteroid step
Not generating ores for asteroid step
Not generating ores for asteroid step
Not generating ores for asteroid step
Not generating ores for asteroid step
Not generating ores for asteroid step
Not generating ores for asteroid step
[CA][Regional][Timing][GenStep] RimWorld.GenStep_ScatterLumpsMineable completed in 1291 ms for 1236x1100 map 0
[CA][Regional][Timing][GenStep] RimWorld.GenStep_RocksFromGrid [RocksFromGrid] completed in 4529 ms for 1236x1100 map 0
[CA][Regional][Timing][IndexedRemoval] RimWorld.GenStep_RocksFromGrid [RocksFromGrid] completed with plantDespawns=0 ownerRemovals=9180 listerRemovals=9180 indexedLists=11 snapshotEntries=260070 indexWork=86 ms restore=29 ms comparisonsBypassed=869630395 shiftsBypassed=897637867 canonicalOrder=True for 1236x1100 map 0
[CA][Regional][Jobs][SpawnPath] RimWorld.GenStep_RocksFromGrid [RocksFromGrid] for map 0: spawn=96758/3315ms; wipe=96758/472ms; despawn=9180/153ms; ownerTryAdd=96758/29ms; ownerRemove=9180/22ms; mapListerRemove=9180/78ms; spawnedThings=87578
[CA][Regional][Timing][GenStep] starting RimWorld.GenStep_Terrain [Terrain] for 1236x1100 map 0
[CA][Regional][Jobs][NoiseGrids] Perlin#8 built for map 0: 124 ms across 8 workers, checksum 9CCE11D68A326D35, audit off
[CA][Regional][Jobs][NoiseGrids] Perlin#9 built for map 0: 134 ms across 8 workers, checksum E20BBFFA0135421D, audit off
[CA][Regional][Progress] Generating terrain: 55% (753664/1359600 cells after 25375 ms) for 1236x1100 map 0
[CA][Regional][Jobs][NoiseGrids] Perlin#7 built for map 0: 131 ms across 8 workers, checksum 8B09B7AC8B25D8CA, audit off
[CA][Regional][Jobs][NoiseGrids] Perlin#5 built for map 0: 124 ms across 8 workers, checksum 7B63CA44CAEEC691, audit off
[CA][Regional][Jobs][NoiseGrids] Perlin#4 built for map 0: 126 ms across 8 workers, checksum 72B566473A123C2E, audit off
[CA][Regional][Jobs][NoiseGrids] Perlin#6 built for map 0: 126 ms across 8 workers, checksum 85C10A3D7D334E1E, audit off
[CA][Regional][Timing][GenStep] RimWorld.GenStep_Terrain [Terrain] completed in 49312 ms for 1236x1100 map 0
[CA][Regional][Timing][GenStep] starting RimWorld.GenStep_MutatorPostTerrain [MutatorPostTerrain] for 1236x1100 map 0
[CA][Regional] regional projection replaced root-local post-terrain topology mutators: CoastalIsland
[CA][Regional][Timing][GenStep] RimWorld.GenStep_MutatorPostTerrain [MutatorPostTerrain] completed in 2 ms for 1236x1100 map 0
[CA][Regional][Timing][GenStep] starting ColonistAwareness.GenStep_CARegionalWorldLinks [CA_RegionalWorldLinks] for 1236x1100 map 0
[CA][Regional][Jobs][SpawnPath] region rebuild entry RebuildAllRegionsAndRooms during regional generation of map 0; caller stack:
  at System.Environment.get_StackTrace () [0x00000] in <51fded79cd284d4d911c5949aff4cb21>:0 
  at ColonistAwareness.CARegionalSpawnPathPatches.TraceRebuild (System.String entryPoint) [0x00000] in <a15ea838ba614e8f97e1ff67398c7701>:0 
  at ColonistAwareness.CARegionalSpawnPathPatches.RebuildAllPrefix (System.Int64& __state) [0x00000] in <a15ea838ba614e8f97e1ff67398c7701>:0 
  at MonoMod.Utils.DynamicMethodDefinition.Verse.RegionAndRoomUpdater.RebuildAllRegionsAndRooms_Patch2 (Verse.RegionAndRoomUpdater ) [0x00000] in <e53399289d9b419d83f9f5b02c5cf609>:0 
  at MonoMod.Utils.DynamicMethodDefinition.ColonistAwareness.GenStep_CARegionalWorldLinks.Generate_Patch3 (ColonistAwareness.GenStep_CARegionalWorldLinks , Verse.Map , Verse.GenStepParams ) [0x00000] in <e53399289d9b419d83f9f5b02c5cf609>:0 
  at MonoMod.Utils.DynamicMethodDefinition.Verse.MapGenerator.GenerateContentsIntoMap_Patch5 (System.Collections.Generic.IEnumerable`1[T] , Verse.Map , System.Int32 , System.Boolean ) [0x00000] in <e53399289d9b419d83f9f5b02c5cf609>:0 
  at MonoMod.Utils.DynamicMethodDefinition.Verse.MapGenerator.GenerateMap_Patch6 (Verse.IntVec3 , RimWorld.Planet.MapParent , Verse.MapGeneratorDef , System.Collections.Generic.IEnumerable`1[T] , System.Action`1[T] , System.Boolean , System.Boolean ) [0x00000] in <e53399289d9b419d83f9f5b02c5cf609>:0 
  at MonoMod.Utils.DynamicMethodDefinition.Verse.Game.InitNewGame_Patch3 (Verse.Game ) [0x00000] in <e53399289d9b419d83f9f5b02c5cf609>:0 
  at Verse.Root_Play+<>c.<Start>b__1_2 () [0x00000] in <61e4173561894da49d210260257b5097>:0 
  at Verse.LongEventHandler.RunEventFromAnotherThread (System.Action action) [0x00000] in <61e4173561894da49d210260257b5097>:0 
  at Verse.LongEventHandler+<>c.<UpdateCurrentAsynchronousEvent>b__28_0 () [0x00000] in <61e4173561894da49d210260257b5097>:0 
  at System.Threading.ThreadHelper.ThreadStart_Context (System.Object state) [0x00000] in <51fded79cd284d4d911c5949aff4cb21>:0 
  at System.Threading.ExecutionContext.RunInternal (System.Threading.ExecutionContext executionContext, System.Threading.ContextCallback callback, System.Object state, System.Boolean preserveSyncCtx) [0x00000] in <51fded79cd284d4d911c5949aff4cb21>:0 
  at System.Threading.ExecutionContext.Run (System.Threading.ExecutionContext executionContext, System.Threading.ContextCallback callback, System.Object state, System.Boolean preserveSyncCtx) [0x00000] in <51fded79cd284d4d911c5949aff4cb21>:0 
  at System.Threading.ExecutionContext.Run (System.Threading.ExecutionContext executionContext, System.Threading.ContextCallback callback, System.Object state) [0x00000] in <51fded79cd284d4d911c5949aff4cb21>:0 
  at System.Threading.ThreadHelper.ThreadStart () [0x00000] in <51fded79cd284d4d911c5949aff4cb21>:0 
[CA][Regional][Jobs][SpawnPath] region rebuild entry TryRebuildDirtyRegionsAndRooms during regional generation of map 0; caller stack:
  at System.Environment.get_StackTrace () [0x00000] in <51fded79cd284d4d911c5949aff4cb21>:0 
  at ColonistAwareness.CARegionalSpawnPathPatches.TraceRebuild (System.String entryPoint) [0x00000] in <a15ea838ba614e8f97e1ff67398c7701>:0 
  at ColonistAwareness.CARegionalSpawnPathPatches.RebuildDirtyPrefix (System.Int64& __state) [0x00000] in <a15ea838ba614e8f97e1ff67398c7701>:0 
  at MonoMod.Utils.DynamicMethodDefinition.Verse.RegionAndRoomUpdater.TryRebuildDirtyRegionsAndRooms_Patch3 (Verse.RegionAndRoomUpdater ) [0x00000] in <e53399289d9b419d83f9f5b02c5cf609>:0 
  at MonoMod.Utils.DynamicMethodDefinition.Verse.RegionAndRoomUpdater.RebuildAllRegionsAndRooms_Patch2 (Verse.RegionAndRoomUpdater ) [0x00000] in <e53399289d9b419d83f9f5b02c5cf609>:0 
  at MonoMod.Utils.DynamicMethodDefinition.ColonistAwareness.GenStep_CARegionalWorldLinks.Generate_Patch3 (ColonistAwareness.GenStep_CARegionalWorldLinks , Verse.Map , Verse.GenStepParams ) [0x00000] in <e53399289d9b419d83f9f5b02c5cf609>:0 
  at MonoMod.Utils.DynamicMethodDefinition.Verse.MapGenerator.GenerateContentsIntoMap_Patch5 (System.Collections.Generic.IEnumerable`1[T] , Verse.Map , System.Int32 , System.Boolean ) [0x00000] in <e53399289d9b419d83f9f5b02c5cf609>:0 
  at MonoMod.Utils.DynamicMethodDefinition.Verse.MapGenerator.GenerateMap_Patch6 (Verse.IntVec3 , RimWorld.Planet.MapParent , Verse.MapGeneratorDef , System.Collections.Generic.IEnumerable`1[T] , System.Action`1[T] , System.Boolean , System.Boolean ) [0x00000] in <e53399289d9b419d83f9f5b02c5cf609>:0 
  at MonoMod.Utils.DynamicMethodDefinition.Verse.Game.InitNewGame_Patch3 (Verse.Game ) [0x00000] in <e53399289d9b419d83f9f5b02c5cf609>:0 
  at Verse.Root_Play+<>c.<Start>b__1_2 () [0x00000] in <61e4173561894da49d210260257b5097>:0 
  at Verse.LongEventHandler.RunEventFromAnotherThread (System.Action action) [0x00000] in <61e4173561894da49d210260257b5097>:0 
  at Verse.LongEventHandler+<>c.<UpdateCurrentAsynchronousEvent>b__28_0 () [0x00000] in <61e4173561894da49d210260257b5097>:0 
  at System.Threading.ThreadHelper.ThreadStart_Context (System.Object state) [0x00000] in <51fded79cd284d4d911c5949aff4cb21>:0 
  at System.Threading.ExecutionContext.RunInternal (System.Threading.ExecutionContext executionContext, System.Threading.ContextCallback callback, System.Object state, System.Boolean preserveSyncCtx) [0x00000] in <51fded79cd284d4d911c5949aff4cb21>:0 
  at System.Threading.ExecutionContext.Run (System.Threading.ExecutionContext executionContext, System.Threading.ContextCallback callback, System.Object state, System.Boolean preserveSyncCtx) [0x00000] in <51fded79cd284d4d911c5949aff4cb21>:0 
  at System.Threading.ExecutionContext.Run (System.Threading.ExecutionContext executionContext, System.Threading.ContextCallback callback, System.Object state) [0x00000] in <51fded79cd284d4d911c5949aff4cb21>:0 
  at System.Threading.ThreadHelper.ThreadStart () [0x00000] in <51fded79cd284d4d911c5949aff4cb21>:0 
[CA][Regional][Timing] region/room rebuild for 1236x1100 map 0 took 1028 ms; dirty 1359600/1359600 (100.0 %); initialized=False
[CA][Regional][Timing] initial region classification snapshot classified 1359600 cells in 13 ms and served 1844621 exact indexed queries during a 1042 ms region build
[CA][Regional] projected world links for region CA-RG-0CDD6B7A: roads 4, rivers 0/0 painted
[CA][Regional][Timing][GenStep] ColonistAwareness.GenStep_CARegionalWorldLinks [CA_RegionalWorldLinks] completed in 1713 ms for 1236x1100 map 0
[CA][Regional][Jobs][SpawnPath] ColonistAwareness.GenStep_CARegionalWorldLinks [CA_RegionalWorldLinks] for map 0: regionRebuildAll=2/1304ms; regionRebuildDirty=24/1029ms; spawnedThings=87578
[CA][Regional][Timing][GenStep] starting KCSG.GenStep_BiomeStructures [KCSG_GenerateBiomeStructures] for 1236x1100 map 0
[CA][Regional][Timing][GenStep] KCSG.GenStep_BiomeStructures [KCSG_GenerateBiomeStructures] completed in 0 ms for 1236x1100 map 0
[CA][Regional][Timing][GenStep] starting ColonistAwareness.GenStep_CARegionalSettlements [CA_RegionalSettlements] for 1236x1100 map 0
[CA][Faction] setup pass (region CA-RG-0CDD6B7A): 0 Culture identities, 0 Culture questions, 0 political-belief sets, 0 political-belief fields, 0 technological-knowledge sets, 0 represented institutional mechanisms generated; 2 non-humanlike factions skipped; unsupported political fields remain unset; Ideoligions unchanged
[CA][Settlement][Boundary] slot 0: pop 605; land 3; econ 2; trade 0; spec 2; hist 1; urban 64; roles 0; form Industrial; constructRank 4; programs [agriculture:4x1, housing:3x1, medicine:1x1, provision.communal:1x1]
[CA][Settlement][Requirements] Black Township: households 4 x95 + program lots 5 x95 + extents 81 x2 vs land ceiling 3576 -> body 1017; quarters 1; wall form idiom; accretion 0.25 (history 1); plaza 0; infrastructure 1 (economy 2)
[CA] morphology Industrial [82 ms] grown over (631,356,702,427) for Assembly of the Ford: 467 cells materialized, 14 lots, 199 cells roofed, 1 district(s), seed 1985005769; ground: 18 paved, 0 wild plants purged, 0 garden(s), 0 gradient street cells, desire streets 0 cells from 14 lots; no pier
[CA][Regional][Jobs][SpawnPath] region rebuild entry TryRebuildDirtyRegionsAndRooms during regional generation of map 0; caller stack:
  at System.Environment.get_StackTrace () [0x00000] in <51fded79cd284d4d911c5949aff4cb21>:0 
  at ColonistAwareness.CARegionalSpawnPathPatches.TraceRebuild (System.String entryPoint) [0x00000] in <a15ea838ba614e8f97e1ff67398c7701>:0 
  at ColonistAwareness.CARegionalSpawnPathPatches.RebuildDirtyPrefix (System.Int64& __state) [0x00000] in <a15ea838ba614e8f97e1ff67398c7701>:0 
  at MonoMod.Utils.DynamicMethodDefinition.Verse.RegionAndRoomUpdater.TryRebuildDirtyRegionsAndRooms_Patch3 (Verse.RegionAndRoomUpdater ) [0x00000] in <e53399289d9b419d83f9f5b02c5cf609>:0 
  at MonoMod.Utils.DynamicMethodDefinition.Verse.RegionGrid.GetValidRegionAt_Patch1 (Verse.RegionGrid , Verse.IntVec3 ) [0x00000] in <e53399289d9b419d83f9f5b02c5cf609>:0 
  at Verse.RegionAndRoomQuery.RegionAt (Verse.IntVec3 c, Verse.Map map, Verse.RegionType allowedRegionTypes) [0x00000] in <61e4173561894da49d210260257b5097>:0 
  at Verse.RegionAndRoomQuery.DistrictAt (Verse.IntVec3 c, Verse.Map map, Verse.RegionType allowedRegionTypes) [0x00000] in <61e4173561894da49d210260257b5097>:0 
  at Verse.RegionAndRoomQuery.RoomAt (Verse.IntVec3 c, Verse.Map map, Verse.RegionType allowedRegionTypes) [0x00000] in <61e4173561894da49d210260257b5097>:0 
  at MonoMod.Utils.DynamicMethodDefinition.Verse.GridsUtility.GetRoom_Patch1 (Verse.IntVec3 , Verse.Map ) [0x00000] in <e53399289d9b419d83f9f5b02c5cf609>:0 
  at ColonistAwareness.CAApertures.CutApertures (Verse.Map map, ColonistAwareness.CARegionalSettlementRecord record) [0x00000] in <a15ea838ba614e8f97e1ff67398c7701>:0 
  at ColonistAwareness.GenStep_CARegionalSettlements.Materialize (ColonistAwareness.CARegionalSettlementRecord record, Verse.CellRect rect, Verse.Map map, System.Int32 districts) [0x00000] in <a15ea838ba614e8f97e1ff67398c7701>:0 
  at MonoMod.Utils.DynamicMethodDefinition.ColonistAwareness.GenStep_CARegionalSettlements.Generate_Patch3 (ColonistAwareness.GenStep_CARegionalSettlements , Verse.Map , Verse.GenStepParams ) [0x00000] in <e53399289d9b419d83f9f5b02c5cf609>:0 
  at MonoMod.Utils.DynamicMethodDefinition.Verse.MapGenerator.GenerateContentsIntoMap_Patch5 (System.Collections.Generic.IEnumerable`1[T] , Verse.Map , System.Int32 , System.Boolean ) [0x00000] in <e53399289d9b419d83f9f5b02c5cf609>:0 
  at MonoMod.Utils.DynamicMethodDefinition.Verse.MapGenerator.GenerateMap_Patch6 (Verse.IntVec3 , RimWorld.Planet.MapParent , Verse.MapGeneratorDef , System.Collections.Generic.IEnumerable`1[T] , System.Action`1[T] , System.Boolean , System.Boolean ) [0x00000] in <e53399289d9b419d83f9f5b02c5cf609>:0 
  at MonoMod.Utils.DynamicMethodDefinition.Verse.Game.InitNewGame_Patch3 (Verse.Game ) [0x00000] in <e53399289d9b419d83f9f5b02c5cf609>:0 
  at Verse.Root_Play+<>c.<Start>b__1_2 () [0x00000] in <61e4173561894da49d210260257b5097>:0 
  at Verse.LongEventHandler.RunEventFromAnotherThread (System.Action action) [0x00000] in <61e4173561894da49d210260257b5097>:0 
  at Verse.LongEventHandler+<>c.<UpdateCurrentAsynchronousEvent>b__28_0 () [0x00000] in <61e4173561894da49d210260257b5097>:0 
  at System.Threading.ThreadHelper.ThreadStart_Context (System.Object state) [0x00000] in <51fded79cd284d4d911c5949aff4cb21>:0 
  at System.Threading.ExecutionContext.RunInternal (System.Threading.ExecutionContext executionContext, System.Threading.ContextCallback callback, System.Object state, System.Boolean preserveSyncCtx) [0x00000] in <51fded79cd284d4d911c5949aff4cb21>:0 
  at System.Threading.ExecutionContext.Run (System.Threading.ExecutionContext executionContext, System.Threading.ContextCallback callback, System.Object state, System.Boolean preserveSyncCtx) [0x00000] in <51fded79cd284d4d911c5949aff4cb21>:0 
  at System.Threading.ExecutionContext.Run (System.Threading.ExecutionContext executionContext, System.Threading.ContextCallback callback, System.Object state) [0x00000] in <51fded79cd284d4d911c5949aff4cb21>:0 
  at System.Threading.ThreadHelper.ThreadStart () [0x00000] in <51fded79cd284d4d911c5949aff4cb21>:0 
[CA][Regional][Jobs][SpawnPath] region rebuild entry TryRebuildDirtyRegionsAndRooms during regional generation of map 0; caller stack:
  at System.Environment.get_StackTrace () [0x00000] in <51fded79cd284d4d911c5949aff4cb21>:0 
  at ColonistAwareness.CARegionalSpawnPathPatches.TraceRebuild (System.String entryPoint) [0x00000] in <a15ea838ba614e8f97e1ff67398c7701>:0 
  at ColonistAwareness.CARegionalSpawnPathPatches.RebuildDirtyPrefix (System.Int64& __state) [0x00000] in <a15ea838ba614e8f97e1ff67398c7701>:0 
  at MonoMod.Utils.DynamicMethodDefinition.Verse.RegionAndRoomUpdater.TryRebuildDirtyRegionsAndRooms_Patch3 (Verse.RegionAndRoomUpdater ) [0x00000] in <e53399289d9b419d83f9f5b02c5cf609>:0 
  at MonoMod.Utils.DynamicMethodDefinition.Verse.RegionGrid.GetValidRegionAt_Patch1 (Verse.RegionGrid , Verse.IntVec3 ) [0x00000] in <e53399289d9b419d83f9f5b02c5cf609>:0 
  at Verse.RegionAndRoomQuery.RegionAt (Verse.IntVec3 c, Verse.Map map, Verse.RegionType allowedRegionTypes) [0x00000] in <61e4173561894da49d210260257b5097>:0 
  at Verse.RegionAndRoomQuery.DistrictAt (Verse.IntVec3 c, Verse.Map map, Verse.RegionType allowedRegionTypes) [0x00000] in <61e4173561894da49d210260257b5097>:0 
  at Verse.RegionAndRoomQuery.RoomAt (Verse.IntVec3 c, Verse.Map map, Verse.RegionType allowedRegionTypes) [0x00000] in <61e4173561894da49d210260257b5097>:0 
  at MonoMod.Utils.DynamicMethodDefinition.Verse.GridsUtility.GetRoom_Patch1 (Verse.IntVec3 , Verse.Map ) [0x00000] in <e53399289d9b419d83f9f5b02c5cf609>:0 
  at ColonistAwareness.CAApertures.CutApertures (Verse.Map map, ColonistAwareness.CARegionalSettlementRecord record) [0x00000] in <a15ea838ba614e8f97e1ff67398c7701>:0 
  at ColonistAwareness.GenStep_CARegionalSettlements.Materialize (ColonistAwareness.CARegionalSettlementRecord record, Verse.CellRect rect, Verse.Map map, System.Int32 districts) [0x00000] in <a15ea838ba614e8f97e1ff67398c7701>:0 
  at MonoMod.Utils.DynamicMethodDefinition.ColonistAwareness.GenStep_CARegionalSettlements.Generate_Patch3 (ColonistAwareness.GenStep_CARegionalSettlements , Verse.Map , Verse.GenStepParams ) [0x00000] in <e53399289d9b419d83f9f5b02c5cf609>:0 
  at MonoMod.Utils.DynamicMethodDefinition.Verse.MapGenerator.GenerateContentsIntoMap_Patch5 (System.Collections.Generic.IEnumerable`1[T] , Verse.Map , System.Int32 , System.Boolean ) [0x00000] in <e53399289d9b419d83f9f5b02c5cf609>:0 
  at MonoMod.Utils.DynamicMethodDefinition.Verse.MapGenerator.GenerateMap_Patch6 (Verse.IntVec3 , RimWorld.Planet.MapParent , Verse.MapGeneratorDef , System.Collections.Generic.IEnumerable`1[T] , System.Action`1[T] , System.Boolean , System.Boolean ) [0x00000] in <e53399289d9b419d83f9f5b02c5cf609>:0 
  at MonoMod.Utils.DynamicMethodDefinition.Verse.Game.InitNewGame_Patch3 (Verse.Game ) [0x00000] in <e53399289d9b419d83f9f5b02c5cf609>:0 
  at Verse.Root_Play+<>c.<Start>b__1_2 () [0x00000] in <61e4173561894da49d210260257b5097>:0 
  at Verse.LongEventHandler.RunEventFromAnotherThread (System.Action action) [0x00000] in <61e4173561894da49d210260257b5097>:0 
  at Verse.LongEventHandler+<>c.<UpdateCurrentAsynchronousEvent>b__28_0 () [0x00000] in <61e4173561894da49d210260257b5097>:0 
  at System.Threading.ThreadHelper.ThreadStart_Context (System.Object state) [0x00000] in <51fded79cd284d4d911c5949aff4cb21>:0 
  at System.Threading.ExecutionContext.RunInternal (System.Threading.ExecutionContext executionContext, System.Threading.ContextCallback callback, System.Object state, System.Boolean preserveSyncCtx) [0x00000] in <51fded79cd284d4d911c5949aff4cb21>:0 
  at System.Threading.ExecutionContext.Run (System.Threading.ExecutionContext executionContext, System.Threading.ContextCallback callback, System.Object state, System.Boolean preserveSyncCtx) [0x00000] in <51fded79cd284d4d911c5949aff4cb21>:0 
  at System.Threading.ExecutionContext.Run (System.Threading.ExecutionContext executionContext, System.Threading.ContextCallback callback, System.Object state) [0x00000] in <51fded79cd284d4d911c5949aff4cb21>:0 
  at System.Threading.ThreadHelper.ThreadStart () [0x00000] in <51fded79cd284d4d911c5949aff4cb21>:0 
[CA][Regional][Timing] region/room rebuild for 1236x1100 map 0 took 26 ms; dirty 101/1359600 (0.0 %); initialized=True
[CA][Regional][Timing] region/room rebuild for 1236x1100 map 0 took 38 ms; dirty 100/1359600 (0.0 %); initialized=True
[CA][Apertures] Black Township (tier 2, construction era 2, wealth 2, Industrial, 31C): 30 aperture(s) - 16 CA_WindowGlazed, 14 CA_ApertureShuttered
Tried to get a resource "Things/Gas/GasCloudThickA" from a different thread. All resources must be loaded in the main thread.
Tried to get a resource "Things/Gas/GasCloudThickA" from a different thread. All resources must be loaded in the main thread.
Tried to get a resource "Things/Gas/DeadlifeDust" from a different thread. All resources must be loaded in the main thread.
[CA][Settlement][FitOut] Black Township: programs consumed [agriculture, housing, medicine, provision.communal]; mix Dwelling x10, Hall x1, Kitchen x1, Infirmary x1, Granary x1; fittings 33; beds 10/10; material Steel; knowledge mfg/med/elec 4/4/4; env CA_SETTLEMENT_FITOUT=0 disables
[CA][Population] Black Township: 14 residents across 2 population groups (Assembly of the Ford 80%, Charter Towns 20%)
[CA] Black Township settlement program: 4 entries, 31 placed assets
[CA][Regional] settlement CA-RS-CA-RG-0CDD6B7A-0 materialized: Black Township of Assembly of the Ford at (631,356,702,427); native relation Neutral goodwill -100; tech knowledge tier 3; medicine 0, production 0, logistics 0, civic 0, research 0, security 0, commerce 0, communications 0; declared operational roles No operational roles; population 14, buildings 295
[CA][Settlement][Boundary] slot 1: pop 605; land 3; econ 2; trade 0; spec 2; hist 1; urban 58; roles 0; form Industrial; constructRank 4; programs [agriculture:4x1, housing:3x1, medicine:1x1, provision.communal:1x1]
[CA][Settlement][Requirements] Shanker's Canyon: households 4 x95 + program lots 5 x95 + extents 81 x2 vs land ceiling 3005 -> body 1017; quarters 1; wall form idiom; accretion 0.25 (history 1); plaza 0; infrastructure 1 (economy 2)
[CA] morphology Industrial [22 ms] grown over (531,417,596,482) for Assembly of the Ford: 394 cells materialized, 10 lots, 179 cells roofed, 1 district(s), seed 1985005770; ground: 15 paved, 0 wild plants purged, 0 garden(s), 0 gradient street cells, desire streets 0 cells from 10 lots; no pier
[CA][Apertures] Shanker's Canyon (tier 2, construction era 2, wealth 2, Industrial, 31C): 27 aperture(s) - 10 CA_ApertureShuttered, 17 CA_WindowGlazed
[CA][Settlement][FitOut] Shanker's Canyon: programs consumed [agriculture, housing, medicine, provision.communal]; mix Dwelling x6, Hall x1, Kitchen x1, Infirmary x1, Granary x1; fittings 25; beds 6/10; material Steel; knowledge mfg/med/elec 4/4/4; env CA_SETTLEMENT_FITOUT=0 disables
[CA][Population] Shanker's Canyon: 12 residents across 1 population groups (Assembly of the Ford 100%)
[CA] Shanker's Canyon settlement program: 4 entries, 28 placed assets
[CA][Regional] settlement CA-RS-CA-RG-0CDD6B7A-1 materialized: Shanker's Canyon of Assembly of the Ford at (531,417,596,482); native relation Hostile goodwill -100; tech knowledge tier 3; medicine 0, production 0, logistics 0, civic 0, research 0, security 0, commerce 0, communications 0; declared operational roles No operational roles; population 12, buildings 237
[CA][Settlement][Boundary] slot 2: pop 605; land 3; econ 2; trade 0; spec 2; hist 1; urban 54; roles 0; form Industrial; constructRank 4; programs [agriculture:4x1, housing:3x1, medicine:1x1, provision.communal:1x1]
[CA][Settlement][Requirements] Pirate's Cliff: households 4 x95 + program lots 5 x95 + extents 81 x2 vs land ceiling 3005 -> body 1017; quarters 1; wall form idiom; accretion 0.25 (history 1); plaza 0; infrastructure 1 (economy 2)
[CA] morphology Industrial [26 ms] grown over (951,637,1016,702) for Assembly of the Ford: 413 cells materialized, 13 lots, 173 cells roofed, 1 district(s), seed 1985005771; ground: 22 paved, 0 wild plants purged, 0 garden(s), 0 gradient street cells, desire streets 0 cells from 13 lots; no pier
[CA][Apertures] Pirate's Cliff (tier 2, construction era 2, wealth 2, Industrial, 31C): 27 aperture(s) - 12 CA_ApertureShuttered, 15 CA_WindowGlazed
[CA][Settlement][FitOut] Pirate's Cliff: programs consumed [agriculture, housing, medicine, provision.communal]; mix Dwelling x8, Hall x1, Kitchen x1, Infirmary x1, Granary x1; fittings 29; beds 8/10; material Steel; knowledge mfg/med/elec 4/4/4; env CA_SETTLEMENT_FITOUT=0 disables
[CA][Population] Pirate's Cliff: 12 residents across 1 population groups (Assembly of the Ford 100%)
[CA] Pirate's Cliff settlement program: 4 entries, 32 placed assets
[CA][Regional] settlement CA-RS-CA-RG-0CDD6B7A-2 materialized: Pirate's Cliff of Assembly of the Ford at (951,637,1016,702); native relation Hostile goodwill -100; tech knowledge tier 3; medicine 0, production 0, logistics 0, civic 0, research 0, security 0, commerce 0, communications 0; declared operational roles No operational roles; population 12, buildings 265
[CA][Settlement][Boundary] slot 3: pop 605; land 3; econ 2; trade 0; spec 2; hist 1; urban 50; roles 0; form Industrial; constructRank 4; programs [agriculture:4x1, housing:3x1, medicine:1x1, provision.communal:1x1]
[CA][Settlement][Requirements] Frog Village: households 4 x95 + program lots 5 x95 + extents 81 x2 vs land ceiling 3005 -> body 1017; quarters 1; wall form idiom; accretion 0.25 (history 1); plaza 0; infrastructure 1 (economy 2)
[CA] morphology Industrial [23 ms] grown over (577,859,642,924) for Charter Towns: 337 cells materialized, 9 lots, 149 cells roofed, 1 district(s), seed 1985005772; ground: 12 paved, 0 wild plants purged, 0 garden(s), 0 gradient street cells, desire streets 0 cells from 9 lots; no pier
[CA][Apertures] Frog Village (tier 2, construction era 2, wealth 2, Industrial, 31C): 23 aperture(s) - 16 CA_WindowGlazed, 7 CA_ApertureShuttered
[CA][Settlement][FitOut] Frog Village: programs consumed [agriculture, housing, medicine, provision.communal]; mix Dwelling x5, Hall x1, Kitchen x1, Infirmary x1, Granary x1; fittings 23; beds 5/10; material Steel; knowledge mfg/med/elec 4/4/4; env CA_SETTLEMENT_FITOUT=0 disables
[CA][Population] Frog Village: 14 residents across 1 population groups (Charter Towns 100%)
[CA] Frog Village settlement program: 4 entries, 24 placed assets
[CA][Regional] settlement CA-RS-CA-RG-0CDD6B7A-3 materialized: Frog Village of Charter Towns at (577,859,642,924); native relation Neutral goodwill -100; tech knowledge tier 3; medicine 0, production 0, logistics 0, civic 0, research 0, security 0, commerce 0, communications 0; declared operational roles No operational roles; population 14, buildings 209
[CA][B14][GenerationReceipt] PASS region=CA-RG-0CDD6B7A gate=pass expected=4 materialized=4 slots=0,1,2,3 ownership=4/4 populations=4/4 relations=1-2:NativeInitial:Hostile unsupportedSourceProbe=rejected
[CA][Regional] materialized 4/4 authored settlements on regional 400-cell source scale 1236x1100 region CA-RG-0CDD6B7A (contested · urban center); bundle tiles 180,41048,41047,14405,73139,14406; clear visual horizon 988.8 cells
[CA][Regional][Timing][GenStep] ColonistAwareness.GenStep_CARegionalSettlements [CA_RegionalSettlements] completed in 4565 ms for 1236x1100 map 0
[CA][Regional][Timing][IndexedRemoval] ColonistAwareness.GenStep_CARegionalSettlements [CA_RegionalSettlements] completed with plantDespawns=0 ownerRemovals=107 listerRemovals=355 indexedLists=749 snapshotEntries=195637 indexWork=33 ms restore=37 ms comparisonsBypassed=9580689 shiftsBypassed=68092 canonicalOrder=False for 1236x1100 map 0
[CA][Regional][Jobs][SpawnPath] ColonistAwareness.GenStep_CARegionalSettlements [CA_RegionalSettlements] for map 0: spawn=1168/206ms; wipe=1168/1ms; despawn=107/55ms; ownerTryAdd=1556/7ms; ownerRemove=107/13ms; mapListerRemove=107/14ms; otherListerRemove=248/7ms; regionRebuildDirty=41928/829ms; spawnedThings=88639
[CA][Regional][Timing][GenStep] starting RimWorld.GenStep_Power [CA_RegionalSettlementPower] for 1236x1100 map 0
[CA][Regional][Jobs][SpawnPath] region rebuild entry TryRebuildDirtyRegionsAndRooms during regional generation of map 0; caller stack:
  at System.Environment.get_StackTrace () [0x00000] in <51fded79cd284d4d911c5949aff4cb21>:0 
  at ColonistAwareness.CARegionalSpawnPathPatches.TraceRebuild (System.String entryPoint) [0x00000] in <a15ea838ba614e8f97e1ff67398c7701>:0 
  at ColonistAwareness.CARegionalSpawnPathPatches.RebuildDirtyPrefix (System.Int64& __state) [0x00000] in <a15ea838ba614e8f97e1ff67398c7701>:0 
  at MonoMod.Utils.DynamicMethodDefinition.Verse.RegionAndRoomUpdater.TryRebuildDirtyRegionsAndRooms_Patch3 (Verse.RegionAndRoomUpdater ) [0x00000] in <e53399289d9b419d83f9f5b02c5cf609>:0 
  at MonoMod.Utils.DynamicMethodDefinition.Verse.RegionGrid.GetValidRegionAt_Patch1 (Verse.RegionGrid , Verse.IntVec3 ) [0x00000] in <e53399289d9b419d83f9f5b02c5cf609>:0 
  at Verse.RegionAndRoomQuery.DistirctAtFast (Verse.IntVec3 c, Verse.Map map, Verse.RegionType allowedRegionTypes) [0x00000] in <61e4173561894da49d210260257b5097>:0 
  at MonoMod.Utils.DynamicMethodDefinition.Verse.Reachability.CanReach_Patch1 (Verse.Reachability , Verse.IntVec3 , Verse.LocalTargetInfo , Verse.AI.PathEndMode , Verse.TraverseParms ) [0x00000] in <e53399289d9b419d83f9f5b02c5cf609>:0 
  at RimWorld.GenStep_Power+<>c__DisplayClass26_0.<TrySpawnPowerTransmittingBuildingNear>b__0 (Verse.IntVec3 x) [0x00000] in <61e4173561894da49d210260257b5097>:0 
  at RimWorld.RCellFinder.TryFindRandomCellNearWith (Verse.IntVec3 near, System.Predicate`1[T] validator, Verse.Map map, Verse.IntVec3& result, System.Int32 startingSearchRadius, System.Int32 maxSearchRadius) [0x00000] in <61e4173561894da49d210260257b5097>:0 
  at RimWorld.GenStep_Power.TrySpawnPowerTransmittingBuildingNear (Verse.IntVec3 position, Verse.Map map, RimWorld.Faction faction, Verse.ThingDef def, Verse.Building& newBuilding, System.Predicate`1[T] extraValidator) [0x00000] in <61e4173561894da49d210260257b5097>:0 
  at RimWorld.GenStep_Power.TrySpawnPowerGeneratorNear (Verse.IntVec3 position, Verse.Map map, RimWorld.Faction faction, Verse.Building& newPowerGenerator) [0x00000] in <61e4173561894da49d210260257b5097>:0 
  at RimWorld.GenStep_Power.TrySpawnPowerGeneratorAndBatteryIfCanAndConnect (Verse.Thing forThing, Verse.Map map) [0x00000] in <61e4173561894da49d210260257b5097>:0 
  at RimWorld.GenStep_Power.EnsurePowerUsersConnected (Verse.Map map) [0x00000] in <61e4173561894da49d210260257b5097>:0 
  at MonoMod.Utils.DynamicMethodDefinition.RimWorld.GenStep_Power.Generate_Patch3 (RimWorld.GenStep_Power , Verse.Map , Verse.GenStepParams ) [0x00000] in <e53399289d9b419d83f9f5b02c5cf609>:0 
  at MonoMod.Utils.DynamicMethodDefinition.Verse.MapGenerator.GenerateContentsIntoMap_Patch5 (System.Collections.Generic.IEnumerable`1[T] , Verse.Map , System.Int32 , System.Boolean ) [0x00000] in <e53399289d9b419d83f9f5b02c5cf609>:0 
  at MonoMod.Utils.DynamicMethodDefinition.Verse.MapGenerator.GenerateMap_Patch6 (Verse.IntVec3 , RimWorld.Planet.MapParent , Verse.MapGeneratorDef , System.Collections.Generic.IEnumerable`1[T] , System.Action`1[T] , System.Boolean , System.Boolean ) [0x00000] in <e53399289d9b419d83f9f5b02c5cf609>:0 
  at MonoMod.Utils.DynamicMethodDefinition.Verse.Game.InitNewGame_Patch3 (Verse.Game ) [0x00000] in <e53399289d9b419d83f9f5b02c5cf609>:0 
  at Verse.Root_Play+<>c.<Start>b__1_2 () [0x00000] in <61e4173561894da49d210260257b5097>:0 
  at Verse.LongEventHandler.RunEventFromAnotherThread (System.Action action) [0x00000] in <61e4173561894da49d210260257b5097>:0 
  at Verse.LongEventHandler+<>c.<UpdateCurrentAsynchronousEvent>b__28_0 () [0x00000] in <61e4173561894da49d210260257b5097>:0 
  at System.Threading.ThreadHelper.ThreadStart_Context (System.Object state) [0x00000] in <51fded79cd284d4d911c5949aff4cb21>:0 
  at System.Threading.ExecutionContext.RunInternal (System.Threading.ExecutionContext executionContext, System.Threading.ContextCallback callback, System.Object state, System.Boolean preserveSyncCtx) [0x00000] in <51fded79cd284d4d911c5949aff4cb21>:0 
  at System.Threading.ExecutionContext.Run (System.Threading.ExecutionContext executionContext, System.Threading.ContextCallback callback, System.Object state, System.Boolean preserveSyncCtx) [0x00000] in <51fded79cd284d4d911c5949aff4cb21>:0 
  at System.Threading.ExecutionContext.Run (System.Threading.ExecutionContext executionContext, System.Threading.ContextCallback callback, System.Object state) [0x00000] in <51fded79cd284d4d911c5949aff4cb21>:0 
  at System.Threading.ThreadHelper.ThreadStart () [0x00000] in <51fded79cd284d4d911c5949aff4cb21>:0 
[CA][Regional][Jobs][SpawnPath] region rebuild entry TryRebuildDirtyRegionsAndRooms during regional generation of map 0; caller stack:
  at System.Environment.get_StackTrace () [0x00000] in <51fded79cd284d4d911c5949aff4cb21>:0 
  at ColonistAwareness.CARegionalSpawnPathPatches.TraceRebuild (System.String entryPoint) [0x00000] in <a15ea838ba614e8f97e1ff67398c7701>:0 
  at ColonistAwareness.CARegionalSpawnPathPatches.RebuildDirtyPrefix (System.Int64& __state) [0x00000] in <a15ea838ba614e8f97e1ff67398c7701>:0 
  at MonoMod.Utils.DynamicMethodDefinition.Verse.RegionAndRoomUpdater.TryRebuildDirtyRegionsAndRooms_Patch3 (Verse.RegionAndRoomUpdater ) [0x00000] in <e53399289d9b419d83f9f5b02c5cf609>:0 
  at MonoMod.Utils.DynamicMethodDefinition.Verse.RegionGrid.GetValidRegionAt_Patch1 (Verse.RegionGrid , Verse.IntVec3 ) [0x00000] in <e53399289d9b419d83f9f5b02c5cf609>:0 
  at Verse.RegionAndRoomQuery.DistirctAtFast (Verse.IntVec3 c, Verse.Map map, Verse.RegionType allowedRegionTypes) [0x00000] in <61e4173561894da49d210260257b5097>:0 
  at MonoMod.Utils.DynamicMethodDefinition.Verse.Reachability.CanReach_Patch1 (Verse.Reachability , Verse.IntVec3 , Verse.LocalTargetInfo , Verse.AI.PathEndMode , Verse.TraverseParms ) [0x00000] in <e53399289d9b419d83f9f5b02c5cf609>:0 
  at RimWorld.GenStep_Power+<>c__DisplayClass26_0.<TrySpawnPowerTransmittingBuildingNear>b__0 (Verse.IntVec3 x) [0x00000] in <61e4173561894da49d210260257b5097>:0 
  at RimWorld.RCellFinder.TryFindRandomCellNearWith (Verse.IntVec3 near, System.Predicate`1[T] validator, Verse.Map map, Verse.IntVec3& result, System.Int32 startingSearchRadius, System.Int32 maxSearchRadius) [0x00000] in <61e4173561894da49d210260257b5097>:0 
  at RimWorld.GenStep_Power.TrySpawnPowerTransmittingBuildingNear (Verse.IntVec3 position, Verse.Map map, RimWorld.Faction faction, Verse.ThingDef def, Verse.Building& newBuilding, System.Predicate`1[T] extraValidator) [0x00000] in <61e4173561894da49d210260257b5097>:0 
  at RimWorld.GenStep_Power.TrySpawnPowerGeneratorNear (Verse.IntVec3 position, Verse.Map map, RimWorld.Faction faction, Verse.Building& newPowerGenerator) [0x00000] in <61e4173561894da49d210260257b5097>:0 
  at RimWorld.GenStep_Power.TrySpawnPowerGeneratorAndBatteryIfCanAndConnect (Verse.Thing forThing, Verse.Map map) [0x00000] in <61e4173561894da49d210260257b5097>:0 
  at RimWorld.GenStep_Power.EnsurePowerUsersConnected (Verse.Map map) [0x00000] in <61e4173561894da49d210260257b5097>:0 
  at MonoMod.Utils.DynamicMethodDefinition.RimWorld.GenStep_Power.Generate_Patch3 (RimWorld.GenStep_Power , Verse.Map , Verse.GenStepParams ) [0x00000] in <e53399289d9b419d83f9f5b02c5cf609>:0 
  at MonoMod.Utils.DynamicMethodDefinition.Verse.MapGenerator.GenerateContentsIntoMap_Patch5 (System.Collections.Generic.IEnumerable`1[T] , Verse.Map , System.Int32 , System.Boolean ) [0x00000] in <e53399289d9b419d83f9f5b02c5cf609>:0 
  at MonoMod.Utils.DynamicMethodDefinition.Verse.MapGenerator.GenerateMap_Patch6 (Verse.IntVec3 , RimWorld.Planet.MapParent , Verse.MapGeneratorDef , System.Collections.Generic.IEnumerable`1[T] , System.Action`1[T] , System.Boolean , System.Boolean ) [0x00000] in <e53399289d9b419d83f9f5b02c5cf609>:0 
  at MonoMod.Utils.DynamicMethodDefinition.Verse.Game.InitNewGame_Patch3 (Verse.Game ) [0x00000] in <e53399289d9b419d83f9f5b02c5cf609>:0 
  at Verse.Root_Play+<>c.<Start>b__1_2 () [0x00000] in <61e4173561894da49d210260257b5097>:0 
  at Verse.LongEventHandler.RunEventFromAnotherThread (System.Action action) [0x00000] in <61e4173561894da49d210260257b5097>:0 
  at Verse.LongEventHandler+<>c.<UpdateCurrentAsynchronousEvent>b__28_0 () [0x00000] in <61e4173561894da49d210260257b5097>:0 
  at System.Threading.ThreadHelper.ThreadStart_Context (System.Object state) [0x00000] in <51fded79cd284d4d911c5949aff4cb21>:0 
  at System.Threading.ExecutionContext.RunInternal (System.Threading.ExecutionContext executionContext, System.Threading.ContextCallback callback, System.Object state, System.Boolean preserveSyncCtx) [0x00000] in <51fded79cd284d4d911c5949aff4cb21>:0 
  at System.Threading.ExecutionContext.Run (System.Threading.ExecutionContext executionContext, System.Threading.ContextCallback callback, System.Object state, System.Boolean preserveSyncCtx) [0x00000] in <51fded79cd284d4d911c5949aff4cb21>:0 
  at System.Threading.ExecutionContext.Run (System.Threading.ExecutionContext executionContext, System.Threading.ContextCallback callback, System.Object state) [0x00000] in <51fded79cd284d4d911c5949aff4cb21>:0 
  at System.Threading.ThreadHelper.ThreadStart () [0x00000] in <51fded79cd284d4d911c5949aff4cb21>:0 
[CA][Regional][Timing][GenStep] RimWorld.GenStep_Power [CA_RegionalSettlementPower] completed in 1549 ms for 1236x1100 map 0
[CA][Regional][SettlementAudit] CA-RS-CA-RG-0CDD6B7A-0 Black Township after RimWorld.GenStep_Power [CA_RegionalSettlementPower]: buildings 295->416; removed [none]; added [count 121; defs PowerConduit=120,SolarGenerator=1; ids SolarGenerator#Thing_SolarGenerator98786,PowerConduit#Thing_PowerConduit98787,PowerConduit#Thing_PowerConduit98788,PowerConduit#Thing_PowerConduit98789,PowerConduit#Thing_PowerConduit98790,PowerConduit#Thing_PowerConduit98791,PowerConduit#Thing_PowerConduit98792,PowerConduit#Thing_PowerConduit98793,PowerConduit#Thing_PowerConduit98794,PowerConduit#Thing_PowerConduit98795,PowerConduit#Thing_PowerConduit98796,PowerConduit#Thing_PowerConduit98797,PowerConduit#Thing_PowerConduit98798,PowerConduit#Thing_PowerConduit98799,PowerConduit#Thing_PowerConduit98800,PowerConduit#Thing_PowerConduit98801,PowerConduit#Thing_PowerConduit98802,PowerConduit#Thing_PowerConduit98803,PowerConduit#Thing_PowerConduit98804,PowerConduit#Thing_PowerConduit98805,PowerConduit#Thing_PowerConduit98806,PowerConduit#Thing_PowerConduit98807,PowerConduit#Thing_PowerConduit98808,PowerConduit#Thing_PowerConduit98809,...+97]
[CA][Regional][SettlementAudit] CA-RS-CA-RG-0CDD6B7A-1 Shanker's Canyon after RimWorld.GenStep_Power [CA_RegionalSettlementPower]: buildings 237->309; removed [none]; added [count 72; defs PowerConduit=72; ids PowerConduit#Thing_PowerConduit98866,PowerConduit#Thing_PowerConduit98867,PowerConduit#Thing_PowerConduit98868,PowerConduit#Thing_PowerConduit98869,PowerConduit#Thing_PowerConduit98870,PowerConduit#Thing_PowerConduit98871,PowerConduit#Thing_PowerConduit98872,PowerConduit#Thing_PowerConduit98873,PowerConduit#Thing_PowerConduit98874,PowerConduit#Thing_PowerConduit98875,PowerConduit#Thing_PowerConduit98876,PowerConduit#Thing_PowerConduit98877,PowerConduit#Thing_PowerConduit98878,PowerConduit#Thing_PowerConduit98879,PowerConduit#Thing_PowerConduit98880,PowerConduit#Thing_PowerConduit98881,PowerConduit#Thing_PowerConduit98882,PowerConduit#Thing_PowerConduit98883,PowerConduit#Thing_PowerConduit98884,PowerConduit#Thing_PowerConduit98885,PowerConduit#Thing_PowerConduit98886,PowerConduit#Thing_PowerConduit98887,PowerConduit#Thing_PowerConduit98888,PowerConduit#Thing_PowerConduit98889,...+48]
[CA][Regional][SettlementAudit] CA-RS-CA-RG-0CDD6B7A-2 Pirate's Cliff after RimWorld.GenStep_Power [CA_RegionalSettlementPower]: buildings 265->346; removed [none]; added [count 81; defs PowerConduit=80,SolarGenerator=1; ids PowerConduit#Thing_PowerConduit99036,PowerConduit#Thing_PowerConduit99037,PowerConduit#Thing_PowerConduit99038,PowerConduit#Thing_PowerConduit99039,PowerConduit#Thing_PowerConduit99040,PowerConduit#Thing_PowerConduit99041,PowerConduit#Thing_PowerConduit99042,PowerConduit#Thing_PowerConduit99043,PowerConduit#Thing_PowerConduit99044,PowerConduit#Thing_PowerConduit99045,PowerConduit#Thing_PowerConduit99046,PowerConduit#Thing_PowerConduit99047,PowerConduit#Thing_PowerConduit99048,PowerConduit#Thing_PowerConduit99049,PowerConduit#Thing_PowerConduit99050,PowerConduit#Thing_PowerConduit99051,PowerConduit#Thing_PowerConduit99052,PowerConduit#Thing_PowerConduit99053,PowerConduit#Thing_PowerConduit99054,PowerConduit#Thing_PowerConduit99055,PowerConduit#Thing_PowerConduit99056,PowerConduit#Thing_PowerConduit99057,PowerConduit#Thing_PowerConduit99058,PowerConduit#Thing_PowerConduit99059,...+57]
[CA][Regional][SettlementAudit] CA-RS-CA-RG-0CDD6B7A-3 Frog Village after RimWorld.GenStep_Power [CA_RegionalSettlementPower]: buildings 209->325; removed [none]; added [count 116; defs PowerConduit=116; ids PowerConduit#Thing_PowerConduit99659,PowerConduit#Thing_PowerConduit99660,PowerConduit#Thing_PowerConduit99661,PowerConduit#Thing_PowerConduit99662,PowerConduit#Thing_PowerConduit99663,PowerConduit#Thing_PowerConduit99664,PowerConduit#Thing_PowerConduit99665,PowerConduit#Thing_PowerConduit99666,PowerConduit#Thing_PowerConduit99667,PowerConduit#Thing_PowerConduit99668,PowerConduit#Thing_PowerConduit99669,PowerConduit#Thing_PowerConduit99670,PowerConduit#Thing_PowerConduit99671,PowerConduit#Thing_PowerConduit99672,PowerConduit#Thing_PowerConduit99673,PowerConduit#Thing_PowerConduit99674,PowerConduit#Thing_PowerConduit99675,PowerConduit#Thing_PowerConduit99676,PowerConduit#Thing_PowerConduit99677,PowerConduit#Thing_PowerConduit99678,PowerConduit#Thing_PowerConduit99679,PowerConduit#Thing_PowerConduit99680,PowerConduit#Thing_PowerConduit99681,PowerConduit#Thing_PowerConduit99682,...+92]
[CA][Regional][Jobs][SpawnPath] RimWorld.GenStep_Power [CA_RegionalSettlementPower] for map 0: spawn=1951/78ms; wipe=1951/1ms; ownerTryAdd=1951/0ms; regionRebuildDirty=42/1ms; spawnedThings=90590
[CA][Regional] selected-area Archean trees: no selected area carries ArcheanTrees
[CA][Regional][Timing][GenStep] starting RimWorld.GenStep_MutatorNonCriticalStructures [MutatorNonCriticalStructures] for 1236x1100 map 0
[CA][Regional][Timing][GenStep] RimWorld.GenStep_MutatorNonCriticalStructures [MutatorNonCriticalStructures] completed in 0 ms for 1236x1100 map 0
[CA][Regional][Timing][GenStep] starting Verse.GenStep_Scatterer [ScatterShrines] for 1236x1100 map 0
[CA][Regional][Jobs][SpawnPath] region rebuild entry TryRebuildDirtyRegionsAndRooms during regional generation of map 0; caller stack:
  at System.Environment.get_StackTrace () [0x00000] in <51fded79cd284d4d911c5949aff4cb21>:0 
  at ColonistAwareness.CARegionalSpawnPathPatches.TraceRebuild (System.String entryPoint) [0x00000] in <a15ea838ba614e8f97e1ff67398c7701>:0 
  at ColonistAwareness.CARegionalSpawnPathPatches.RebuildDirtyPrefix (System.Int64& __state) [0x00000] in <a15ea838ba614e8f97e1ff67398c7701>:0 
  at MonoMod.Utils.DynamicMethodDefinition.Verse.RegionAndRoomUpdater.TryRebuildDirtyRegionsAndRooms_Patch3 (Verse.RegionAndRoomUpdater ) [0x00000] in <e53399289d9b419d83f9f5b02c5cf609>:0 
  at MonoMod.Utils.DynamicMethodDefinition.Verse.RegionGrid.GetValidRegionAt_Patch1 (Verse.RegionGrid , Verse.IntVec3 ) [0x00000] in <e53399289d9b419d83f9f5b02c5cf609>:0 
  at Verse.RegionAndRoomQuery.RegionAt (Verse.IntVec3 c, Verse.Map map, Verse.RegionType allowedRegionTypes) [0x00000] in <61e4173561894da49d210260257b5097>:0 
  at Verse.RegionAndRoomQuery.DistrictAt (Verse.IntVec3 c, Verse.Map map, Verse.RegionType allowedRegionTypes) [0x00000] in <61e4173561894da49d210260257b5097>:0 
  at Verse.RegionAndRoomQuery.GetDistrict (Verse.Thing thing, Verse.RegionType allowedRegionTypes) [0x00000] in <61e4173561894da49d210260257b5097>:0 
  at Verse.RegionAndRoomQuery.GetRoom (Verse.Thing thing, Verse.RegionType allowedRegionTypes) [0x00000] in <61e4173561894da49d210260257b5097>:0 
  at RimWorld.CompSpawnerHives.CalculateNextHiveSpawnTick () [0x00000] in <61e4173561894da49d210260257b5097>:0 
  at RimWorld.CompSpawnerHives.PostSpawnSetup (System.Boolean respawningAfterLoad) [0x00000] in <61e4173561894da49d210260257b5097>:0 
  at Verse.ThingWithComps.SpawnSetup (Verse.Map map, System.Boolean respawningAfterLoad) [0x00000] in <61e4173561894da49d210260257b5097>:0 
  at MonoMod.Utils.DynamicMethodDefinition.Verse.Building.SpawnSetup_Patch2 (Verse.Building , Verse.Map , System.Boolean ) [0x00000] in <e53399289d9b419d83f9f5b02c5cf609>:0 
  at RimWorld.Hive.SpawnSetup (Verse.Map map, System.Boolean respawningAfterLoad) [0x00000] in <61e4173561894da49d210260257b5097>:0 
  at MonoMod.Utils.DynamicMethodDefinition.Verse.GenSpawn.Spawn_Patch3 (Verse.Thing , Verse.IntVec3 , Verse.Map , Verse.Rot4 , Verse.WipeMode , System.Boolean , System.Boolean ) [0x00000] in <e53399289d9b419d83f9f5b02c5cf609>:0 
  at Verse.GenSpawn.Spawn (Verse.Thing newThing, Verse.IntVec3 loc, Verse.Map map, Verse.WipeMode wipeMode) [0x00000] in <61e4173561894da49d210260257b5097>:0 
  at RimWorld.HiveUtility.SpawnHive (Verse.IntVec3 spawnCell, Verse.Map map, Verse.WipeMode wipeMode, System.Boolean spawnInsectsImmediately, System.Boolean canSpawnHives, System.Boolean canSpawnInsects, System.Boolean dormant, System.Boolean aggressive, System.Boolean spawnJellyImmediately, System.Boolean spawnSludge) [0x00000] in <61e4173561894da49d210260257b5097>:0 
  at RimWorld.HiveUtility.SpawnHives (Verse.IntVec3 spawnCell, Verse.Map map, System.Int32 count, System.Single radius, Verse.WipeMode wipeMode, System.Boolean spawnInsectsImmediately, System.Boolean canSpawnHives, System.Boolean canSpawnInsects, System.Boolean dormant, System.Boolean aggressive, System.Boolean spawnSludge) [0x00000] in <61e4173561894da49d210260257b5097>:0 
  at RimWorld.BaseGen.SymbolResolver_Hives.Resolve (RimWorld.BaseGen.ResolveParams rp) [0x00000] in <61e4173561894da49d210260257b5097>:0 
  at RimWorld.BaseGen.BaseGen.Resolve (RimWorld.BaseGen.SymbolStack+Element toResolve) [0x00000] in <61e4173561894da49d210260257b5097>:0 
  at RimWorld.BaseGen.BaseGen.Generate () [0x00000] in <61e4173561894da49d210260257b5097>:0 
  at RimWorld.GenStep_ScatterShrines.ScatterAt (Verse.IntVec3 loc, Verse.Map map, Verse.GenStepParams parms, System.Int32 stackCount) [0x00000] in <61e4173561894da49d210260257b5097>:0 
  at MonoMod.Utils.DynamicMethodDefinition.Verse.GenStep_Scatterer.Generate_Patch1 (Verse.GenStep_Scatterer , Verse.Map , Verse.GenStepParams ) [0x00000] in <e53399289d9b419d83f9f5b02c5cf609>:0 
  at MonoMod.Utils.DynamicMethodDefinition.Verse.MapGenerator.GenerateContentsIntoMap_Patch5 (System.Collections.Generic.IEnumerable`1[T] , Verse.Map , System.Int32 , System.Boolean ) [0x00000] in <e53399289d9b419d83f9f5b02c5cf609>:0 
  at MonoMod.Utils.DynamicMethodDefinition.Verse.MapGenerator.GenerateMap_Patch6 (Verse.IntVec3 , RimWorld.Planet.MapParent , Verse.MapGeneratorDef , System.Collections.Generic.IEnumerable`1[T] , System.Action`1[T] , System.Boolean , System.Boolean ) [0x00000] in <e53399289d9b419d83f9f5b02c5cf609>:0 
  at MonoMod.Utils.DynamicMethodDefinition.Verse.Game.InitNewGame_Patch3 (Verse.Game ) [0x00000] in <e53399289d9b419d83f9f5b02c5cf609>:0 
  at Verse.Root_Play+<>c.<Start>b__1_2 () [0x00000] in <61e4173561894da49d210260257b5097>:0 
  at Verse.LongEventHandler.RunEventFromAnotherThread (System.Action action) [0x00000] in <61e4173561894da49d210260257b5097>:0 
  at Verse.LongEventHandler+<>c.<UpdateCurrentAsynchronousEvent>b__28_0 () [0x00000] in <61e4173561894da49d210260257b5097>:0 
  at System.Threading.ThreadHelper.ThreadStart_Context (System.Object state) [0x00000] in <51fded79cd284d4d911c5949aff4cb21>:0 
  at System.Threading.ExecutionContext.RunInternal (System.Threading.ExecutionContext executionContext, System.Threading.ContextCallback callback, System.Object state, System.Boolean preserveSyncCtx) [0x00000] in <51fded79cd284d4d911c5949aff4cb21>:0 
  at System.Threading.ExecutionContext.Run (System.Threading.ExecutionContext executionContext, System.Threading.ContextCallback callback, System.Object state, System.Boolean preserveSyncCtx) [0x00000] in <51fded79cd284d4d911c5949aff4cb21>:0 
  at System.Threading.ExecutionContext.Run (System.Threading.ExecutionContext executionContext, System.Threading.ContextCallback callback, System.Object state) [0x00000] in <51fded79cd284d4d911c5949aff4cb21>:0 
  at System.Threading.ThreadHelper.ThreadStart () [0x00000] in <51fded79cd284d4d911c5949aff4cb21>:0 
[CA][Regional][Jobs][SpawnPath] region rebuild entry TryRebuildDirtyRegionsAndRooms during regional generation of map 0; caller stack:
  at System.Environment.get_StackTrace () [0x00000] in <51fded79cd284d4d911c5949aff4cb21>:0 
  at ColonistAwareness.CARegionalSpawnPathPatches.TraceRebuild (System.String entryPoint) [0x00000] in <a15ea838ba614e8f97e1ff67398c7701>:0 
  at ColonistAwareness.CARegionalSpawnPathPatches.RebuildDirtyPrefix (System.Int64& __state) [0x00000] in <a15ea838ba614e8f97e1ff67398c7701>:0 
  at MonoMod.Utils.DynamicMethodDefinition.Verse.RegionAndRoomUpdater.TryRebuildDirtyRegionsAndRooms_Patch3 (Verse.RegionAndRoomUpdater ) [0x00000] in <e53399289d9b419d83f9f5b02c5cf609>:0 
  at MonoMod.Utils.DynamicMethodDefinition.Verse.RegionGrid.GetValidRegionAt_Patch1 (Verse.RegionGrid , Verse.IntVec3 ) [0x00000] in <e53399289d9b419d83f9f5b02c5cf609>:0 
  at Verse.RegionAndRoomQuery.RegionAt (Verse.IntVec3 c, Verse.Map map, Verse.RegionType allowedRegionTypes) [0x00000] in <61e4173561894da49d210260257b5097>:0 
  at Verse.RegionAndRoomQuery.DistrictAt (Verse.IntVec3 c, Verse.Map map, Verse.RegionType allowedRegionTypes) [0x00000] in <61e4173561894da49d210260257b5097>:0 
  at Verse.RegionAndRoomQuery.RoomAt (Verse.IntVec3 c, Verse.Map map, Verse.RegionType allowedRegionTypes) [0x00000] in <61e4173561894da49d210260257b5097>:0 
  at MonoMod.Utils.DynamicMethodDefinition.Verse.GridsUtility.GetRoom_Patch1 (Verse.IntVec3 , Verse.Map ) [0x00000] in <e53399289d9b419d83f9f5b02c5cf609>:0 
  at RimWorld.CompSpawnerHives.CalculateNextHiveSpawnTick () [0x00000] in <61e4173561894da49d210260257b5097>:0 
  at RimWorld.CompSpawnerHives.PostSpawnSetup (System.Boolean respawningAfterLoad) [0x00000] in <61e4173561894da49d210260257b5097>:0 
  at Verse.ThingWithComps.SpawnSetup (Verse.Map map, System.Boolean respawningAfterLoad) [0x00000] in <61e4173561894da49d210260257b5097>:0 
  at MonoMod.Utils.DynamicMethodDefinition.Verse.Building.SpawnSetup_Patch2 (Verse.Building , Verse.Map , System.Boolean ) [0x00000] in <e53399289d9b419d83f9f5b02c5cf609>:0 
  at RimWorld.Hive.SpawnSetup (Verse.Map map, System.Boolean respawningAfterLoad) [0x00000] in <61e4173561894da49d210260257b5097>:0 
  at MonoMod.Utils.DynamicMethodDefinition.Verse.GenSpawn.Spawn_Patch3 (Verse.Thing , Verse.IntVec3 , Verse.Map , Verse.Rot4 , Verse.WipeMode , System.Boolean , System.Boolean ) [0x00000] in <e53399289d9b419d83f9f5b02c5cf609>:0 
  at Verse.GenSpawn.Spawn (Verse.Thing newThing, Verse.IntVec3 loc, Verse.Map map, Verse.WipeMode wipeMode) [0x00000] in <61e4173561894da49d210260257b5097>:0 
  at RimWorld.HiveUtility.SpawnHive (Verse.IntVec3 spawnCell, Verse.Map map, Verse.WipeMode wipeMode, System.Boolean spawnInsectsImmediately, System.Boolean canSpawnHives, System.Boolean canSpawnInsects, System.Boolean dormant, System.Boolean aggressive, System.Boolean spawnJellyImmediately, System.Boolean spawnSludge) [0x00000] in <61e4173561894da49d210260257b5097>:0 
  at RimWorld.HiveUtility.SpawnHives (Verse.IntVec3 spawnCell, Verse.Map map, System.Int32 count, System.Single radius, Verse.WipeMode wipeMode, System.Boolean spawnInsectsImmediately, System.Boolean canSpawnHives, System.Boolean canSpawnInsects, System.Boolean dormant, System.Boolean aggressive, System.Boolean spawnSludge) [0x00000] in <61e4173561894da49d210260257b5097>:0 
  at RimWorld.BaseGen.SymbolResolver_Hives.Resolve (RimWorld.BaseGen.ResolveParams rp) [0x00000] in <61e4173561894da49d210260257b5097>:0 
  at RimWorld.BaseGen.BaseGen.Resolve (RimWorld.BaseGen.SymbolStack+Element toResolve) [0x00000] in <61e4173561894da49d210260257b5097>:0 
  at RimWorld.BaseGen.BaseGen.Generate () [0x00000] in <61e4173561894da49d210260257b5097>:0 
  at RimWorld.GenStep_ScatterShrines.ScatterAt (Verse.IntVec3 loc, Verse.Map map, Verse.GenStepParams parms, System.Int32 stackCount) [0x00000] in <61e4173561894da49d210260257b5097>:0 
  at MonoMod.Utils.DynamicMethodDefinition.Verse.GenStep_Scatterer.Generate_Patch1 (Verse.GenStep_Scatterer , Verse.Map , Verse.GenStepParams ) [0x00000] in <e53399289d9b419d83f9f5b02c5cf609>:0 
  at MonoMod.Utils.DynamicMethodDefinition.Verse.MapGenerator.GenerateContentsIntoMap_Patch5 (System.Collections.Generic.IEnumerable`1[T] , Verse.Map , System.Int32 , System.Boolean ) [0x00000] in <e53399289d9b419d83f9f5b02c5cf609>:0 
  at MonoMod.Utils.DynamicMethodDefinition.Verse.MapGenerator.GenerateMap_Patch6 (Verse.IntVec3 , RimWorld.Planet.MapParent , Verse.MapGeneratorDef , System.Collections.Generic.IEnumerable`1[T] , System.Action`1[T] , System.Boolean , System.Boolean ) [0x00000] in <e53399289d9b419d83f9f5b02c5cf609>:0 
  at MonoMod.Utils.DynamicMethodDefinition.Verse.Game.InitNewGame_Patch3 (Verse.Game ) [0x00000] in <e53399289d9b419d83f9f5b02c5cf609>:0 
  at Verse.Root_Play+<>c.<Start>b__1_2 () [0x00000] in <61e4173561894da49d210260257b5097>:0 
  at Verse.LongEventHandler.RunEventFromAnotherThread (System.Action action) [0x00000] in <61e4173561894da49d210260257b5097>:0 
  at Verse.LongEventHandler+<>c.<UpdateCurrentAsynchronousEvent>b__28_0 () [0x00000] in <61e4173561894da49d210260257b5097>:0 
  at System.Threading.ThreadHelper.ThreadStart_Context (System.Object state) [0x00000] in <51fded79cd284d4d911c5949aff4cb21>:0 
  at System.Threading.ExecutionContext.RunInternal (System.Threading.ExecutionContext executionContext, System.Threading.ContextCallback callback, System.Object state, System.Boolean preserveSyncCtx) [0x00000] in <51fded79cd284d4d911c5949aff4cb21>:0 
  at System.Threading.ExecutionContext.Run (System.Threading.ExecutionContext executionContext, System.Threading.ContextCallback callback, System.Object state, System.Boolean preserveSyncCtx) [0x00000] in <51fded79cd284d4d911c5949aff4cb21>:0 
  at System.Threading.ExecutionContext.Run (System.Threading.ExecutionContext executionContext, System.Threading.ContextCallback callback, System.Object state) [0x00000] in <51fded79cd284d4d911c5949aff4cb21>:0 
  at System.Threading.ThreadHelper.ThreadStart () [0x00000] in <51fded79cd284d4d911c5949aff4cb21>:0 
[CA][Regional][Timing] region/room rebuild for 1236x1100 map 0 took 87 ms; dirty 1426/1359600 (0.1 %); initialized=True
[CA][Regional][Timing] region/room rebuild for 1236x1100 map 0 took 290 ms; dirty 4296/1359600 (0.3 %); initialized=True
[CA][Regional][Timing] region/room rebuild for 1236x1100 map 0 took 337 ms; dirty 3975/1359600 (0.3 %); initialized=True
[CA][Regional][Timing] region/room rebuild for 1236x1100 map 0 took 106 ms; dirty 2167/1359600 (0.2 %); initialized=True
[CA][Regional][Timing][GenStep] Verse.GenStep_Scatterer [ScatterShrines] completed in 2923 ms for 1236x1100 map 0
[CA][Regional][Timing][GenStep] starting Verse.GenStep_Scatterer [ScatterRuinsSimple] for 1236x1100 map 0
[CA][Regional][Timing][GenStep] Verse.GenStep_Scatterer [ScatterRuinsSimple] completed in 72 ms for 1236x1100 map 0
[CA][Regional][Timing][GenStep] starting RimWorld.GenStep_ScatterAncientUtilityBuilding [AncientUtilityBuilding] for 1236x1100 map 0
[CA][Regional][Timing][GenStep] starting Verse.GenStep_Scatterer [AncientUtilityBuilding] for 1236x1100 map 0
[CA][Regional][Timing][GenStep] Verse.GenStep_Scatterer [AncientUtilityBuilding] completed in 30 ms for 1236x1100 map 0
[CA][Regional][Timing][GenStep] RimWorld.GenStep_ScatterAncientUtilityBuilding [AncientUtilityBuilding] completed in 37 ms for 1236x1100 map 0
[CA][Regional][Jobs][SpawnPath] RimWorld.GenStep_ScatterAncientUtilityBuilding [AncientUtilityBuilding] for map 0: spawn=56/2ms; wipe=56/0ms; ownerTryAdd=56/0ms; spawnedThings=89964
[CA][Regional][Timing][GenStep] starting ColonistAwareness.GenStep_CARegionalPlayerStart [CA_RegionalPlayerStart] for 1236x1100 map 0
[CA][Regional] landing anchor tile 180 projected to cell (967, 0, 241)
[CA][Regional][Timing][GenStep] ColonistAwareness.GenStep_CARegionalPlayerStart [CA_RegionalPlayerStart] completed in 14 ms for 1236x1100 map 0
[CA][Regional][Timing][GenStep] starting RimWorld.GenStep_ScenParts [ScenParts] for 1236x1100 map 0
[CA][tick=0] operational access: starting cargo arrives allowed
[CA][Regional] starting cargo uses bounded local drop validation without reading or rebuilding the global region graph
[CA][Regional] starting cargo entered the exact near-placement scope; room identity is deferred only for this bounded placement call
[CA][Regional][Timing] starting cargo drop placement for 1236x1100 map 0 took 18 ms
[CA][Regional][Timing][GenStep] starting Verse.GenStep_ScatterThings for 1236x1100 map 0
[CA][Regional][Jobs][SpawnPath] region rebuild entry TryRebuildDirtyRegionsAndRooms during regional generation of map 0; caller stack:
  at System.Environment.get_StackTrace () [0x00000] in <51fded79cd284d4d911c5949aff4cb21>:0 
  at ColonistAwareness.CARegionalSpawnPathPatches.TraceRebuild (System.String entryPoint) [0x00000] in <a15ea838ba614e8f97e1ff67398c7701>:0 
  at ColonistAwareness.CARegionalSpawnPathPatches.RebuildDirtyPrefix (System.Int64& __state) [0x00000] in <a15ea838ba614e8f97e1ff67398c7701>:0 
  at MonoMod.Utils.DynamicMethodDefinition.Verse.RegionAndRoomUpdater.TryRebuildDirtyRegionsAndRooms_Patch3 (Verse.RegionAndRoomUpdater ) [0x00000] in <e53399289d9b419d83f9f5b02c5cf609>:0 
  at MonoMod.Utils.DynamicMethodDefinition.Verse.RegionGrid.GetValidRegionAt_Patch1 (Verse.RegionGrid , Verse.IntVec3 ) [0x00000] in <e53399289d9b419d83f9f5b02c5cf609>:0 
  at Verse.RegionAndRoomQuery.RegionAt (Verse.IntVec3 c, Verse.Map map, Verse.RegionType allowedRegionTypes) [0x00000] in <61e4173561894da49d210260257b5097>:0 
  at Verse.GridsUtility.GetRegion (Verse.IntVec3 loc, Verse.Map map, Verse.RegionType allowedRegionTypes) [0x00000] in <61e4173561894da49d210260257b5097>:0 
  at Verse.CellFinder.TryFindRandomReachableNearbyCell (Verse.IntVec3 root, Verse.Map map, System.Single radius, Verse.TraverseParms traverseParms, System.Predicate`1[T] cellValidator, System.Predicate`1[T] regionValidator, Verse.IntVec3& result, System.Int32 maxRegions) [0x00000] in <61e4173561894da49d210260257b5097>:0 
  at Verse.CellFinder.TryRandomClosewalkCellNear (Verse.IntVec3 root, Verse.Map map, System.Int32 radius, Verse.IntVec3& result, System.Predicate`1[T] extraValidator) [0x00000] in <61e4173561894da49d210260257b5097>:0 
  at Verse.CellFinder.RandomClosewalkCellNear (Verse.IntVec3 root, Verse.Map map, System.Int32 radius, System.Predicate`1[T] extraValidator) [0x00000] in <61e4173561894da49d210260257b5097>:0 
  at MonoMod.Utils.DynamicMethodDefinition.Verse.GenStep_Scatterer.TryFindScatterCell_Patch1 (Verse.GenStep_Scatterer , Verse.Map , Verse.IntVec3& ) [0x00000] in <e53399289d9b419d83f9f5b02c5cf609>:0 
  at Verse.GenStep_ScatterThings.TryFindScatterCell (Verse.Map map, Verse.IntVec3& result) [0x00000] in <61e4173561894da49d210260257b5097>:0 
  at MonoMod.Utils.DynamicMethodDefinition.Verse.GenStep_ScatterThings.Generate_Patch3 (Verse.GenStep_ScatterThings , Verse.Map , Verse.GenStepParams ) [0x00000] in <e53399289d9b419d83f9f5b02c5cf609>:0 
  at RimWorld.ScenPart_ScatterThings.GenerateIntoMap (Verse.Map map) [0x00000] in <61e4173561894da49d210260257b5097>:0 
  at RimWorld.Scenario.GenerateIntoMap (Verse.Map map) [0x00000] in <61e4173561894da49d210260257b5097>:0 
  at MonoMod.Utils.DynamicMethodDefinition.RimWorld.GenStep_ScenParts.Generate_Patch3 (RimWorld.GenStep_ScenParts , Verse.Map , Verse.GenStepParams ) [0x00000] in <e53399289d9b419d83f9f5b02c5cf609>:0 
  at MonoMod.Utils.DynamicMethodDefinition.Verse.MapGenerator.GenerateContentsIntoMap_Patch5 (System.Collections.Generic.IEnumerable`1[T] , Verse.Map , System.Int32 , System.Boolean ) [0x00000] in <e53399289d9b419d83f9f5b02c5cf609>:0 
  at MonoMod.Utils.DynamicMethodDefinition.Verse.MapGenerator.GenerateMap_Patch6 (Verse.IntVec3 , RimWorld.Planet.MapParent , Verse.MapGeneratorDef , System.Collections.Generic.IEnumerable`1[T] , System.Action`1[T] , System.Boolean , System.Boolean ) [0x00000] in <e53399289d9b419d83f9f5b02c5cf609>:0 
  at MonoMod.Utils.DynamicMethodDefinition.Verse.Game.InitNewGame_Patch3 (Verse.Game ) [0x00000] in <e53399289d9b419d83f9f5b02c5cf609>:0 
  at Verse.Root_Play+<>c.<Start>b__1_2 () [0x00000] in <61e4173561894da49d210260257b5097>:0 
  at Verse.LongEventHandler.RunEventFromAnotherThread (System.Action action) [0x00000] in <61e4173561894da49d210260257b5097>:0 
  at Verse.LongEventHandler+<>c.<UpdateCurrentAsynchronousEvent>b__28_0 () [0x00000] in <61e4173561894da49d210260257b5097>:0 
  at System.Threading.ThreadHelper.ThreadStart_Context (System.Object state) [0x00000] in <51fded79cd284d4d911c5949aff4cb21>:0 
  at System.Threading.ExecutionContext.RunInternal (System.Threading.ExecutionContext executionContext, System.Threading.ContextCallback callback, System.Object state, System.Boolean preserveSyncCtx) [0x00000] in <51fded79cd284d4d911c5949aff4cb21>:0 
  at System.Threading.ExecutionContext.Run (System.Threading.ExecutionContext executionContext, System.Threading.ContextCallback callback, System.Object state, System.Boolean preserveSyncCtx) [0x00000] in <51fded79cd284d4d911c5949aff4cb21>:0 
  at System.Threading.ExecutionContext.Run (System.Threading.ExecutionContext executionContext, System.Threading.ContextCallback callback, System.Object state) [0x00000] in <51fded79cd284d4d911c5949aff4cb21>:0 
  at System.Threading.ThreadHelper.ThreadStart () [0x00000] in <51fded79cd284d4d911c5949aff4cb21>:0 
[CA][Regional][Timing] region/room rebuild for 1236x1100 map 0 took 244 ms; dirty 5583/1359600 (0.4 %); initialized=True
[CA][Regional][Jobs][SpawnPath] region rebuild entry TryRebuildDirtyRegionsAndRooms during regional generation of map 0; caller stack:
  at System.Environment.get_StackTrace () [0x00000] in <51fded79cd284d4d911c5949aff4cb21>:0 
  at ColonistAwareness.CARegionalSpawnPathPatches.TraceRebuild (System.String entryPoint) [0x00000] in <a15ea838ba614e8f97e1ff67398c7701>:0 
  at ColonistAwareness.CARegionalSpawnPathPatches.RebuildDirtyPrefix (System.Int64& __state) [0x00000] in <a15ea838ba614e8f97e1ff67398c7701>:0 
  at MonoMod.Utils.DynamicMethodDefinition.Verse.RegionAndRoomUpdater.TryRebuildDirtyRegionsAndRooms_Patch3 (Verse.RegionAndRoomUpdater ) [0x00000] in <e53399289d9b419d83f9f5b02c5cf609>:0 
  at Verse.RegionGrid.get_DirectGrid () [0x00000] in <61e4173561894da49d210260257b5097>:0 
  at Verse.Region.get_RandomCell () [0x00000] in <61e4173561894da49d210260257b5097>:0 
  at Verse.CellFinder.TryFindRandomCellInRegion (Verse.Region reg, System.Predicate`1[T] validator, Verse.IntVec3& result) [0x00000] in <61e4173561894da49d210260257b5097>:0 
  at Verse.CellFinder.TryFindRandomReachableNearbyCell (Verse.IntVec3 root, Verse.Map map, System.Single radius, Verse.TraverseParms traverseParms, System.Predicate`1[T] cellValidator, System.Predicate`1[T] regionValidator, Verse.IntVec3& result, System.Int32 maxRegions) [0x00000] in <61e4173561894da49d210260257b5097>:0 
  at Verse.CellFinder.TryRandomClosewalkCellNear (Verse.IntVec3 root, Verse.Map map, System.Int32 radius, Verse.IntVec3& result, System.Predicate`1[T] extraValidator) [0x00000] in <61e4173561894da49d210260257b5097>:0 
  at Verse.CellFinder.RandomClosewalkCellNear (Verse.IntVec3 root, Verse.Map map, System.Int32 radius, System.Predicate`1[T] extraValidator) [0x00000] in <61e4173561894da49d210260257b5097>:0 
  at MonoMod.Utils.DynamicMethodDefinition.Verse.GenStep_Scatterer.TryFindScatterCell_Patch1 (Verse.GenStep_Scatterer , Verse.Map , Verse.IntVec3& ) [0x00000] in <e53399289d9b419d83f9f5b02c5cf609>:0 
  at Verse.GenStep_ScatterThings.TryFindScatterCell (Verse.Map map, Verse.IntVec3& result) [0x00000] in <61e4173561894da49d210260257b5097>:0 
  at MonoMod.Utils.DynamicMethodDefinition.Verse.GenStep_ScatterThings.Generate_Patch3 (Verse.GenStep_ScatterThings , Verse.Map , Verse.GenStepParams ) [0x00000] in <e53399289d9b419d83f9f5b02c5cf609>:0 
  at RimWorld.ScenPart_ScatterThings.GenerateIntoMap (Verse.Map map) [0x00000] in <61e4173561894da49d210260257b5097>:0 
  at RimWorld.Scenario.GenerateIntoMap (Verse.Map map) [0x00000] in <61e4173561894da49d210260257b5097>:0 
  at MonoMod.Utils.DynamicMethodDefinition.RimWorld.GenStep_ScenParts.Generate_Patch3 (RimWorld.GenStep_ScenParts , Verse.Map , Verse.GenStepParams ) [0x00000] in <e53399289d9b419d83f9f5b02c5cf609>:0 
  at MonoMod.Utils.DynamicMethodDefinition.Verse.MapGenerator.GenerateContentsIntoMap_Patch5 (System.Collections.Generic.IEnumerable`1[T] , Verse.Map , System.Int32 , System.Boolean ) [0x00000] in <e53399289d9b419d83f9f5b02c5cf609>:0 
  at MonoMod.Utils.DynamicMethodDefinition.Verse.MapGenerator.GenerateMap_Patch6 (Verse.IntVec3 , RimWorld.Planet.MapParent , Verse.MapGeneratorDef , System.Collections.Generic.IEnumerable`1[T] , System.Action`1[T] , System.Boolean , System.Boolean ) [0x00000] in <e53399289d9b419d83f9f5b02c5cf609>:0 
  at MonoMod.Utils.DynamicMethodDefinition.Verse.Game.InitNewGame_Patch3 (Verse.Game ) [0x00000] in <e53399289d9b419d83f9f5b02c5cf609>:0 
  at Verse.Root_Play+<>c.<Start>b__1_2 () [0x00000] in <61e4173561894da49d210260257b5097>:0 
  at Verse.LongEventHandler.RunEventFromAnotherThread (System.Action action) [0x00000] in <61e4173561894da49d210260257b5097>:0 
  at Verse.LongEventHandler+<>c.<UpdateCurrentAsynchronousEvent>b__28_0 () [0x00000] in <61e4173561894da49d210260257b5097>:0 
  at System.Threading.ThreadHelper.ThreadStart_Context (System.Object state) [0x00000] in <51fded79cd284d4d911c5949aff4cb21>:0 
  at System.Threading.ExecutionContext.RunInternal (System.Threading.ExecutionContext executionContext, System.Threading.ContextCallback callback, System.Object state, System.Boolean preserveSyncCtx) [0x00000] in <51fded79cd284d4d911c5949aff4cb21>:0 
  at System.Threading.ExecutionContext.Run (System.Threading.ExecutionContext executionContext, System.Threading.ContextCallback callback, System.Object state, System.Boolean preserveSyncCtx) [0x00000] in <51fded79cd284d4d911c5949aff4cb21>:0 
  at System.Threading.ExecutionContext.Run (System.Threading.ExecutionContext executionContext, System.Threading.ContextCallback callback, System.Object state) [0x00000] in <51fded79cd284d4d911c5949aff4cb21>:0 
  at System.Threading.ThreadHelper.ThreadStart () [0x00000] in <51fded79cd284d4d911c5949aff4cb21>:0 
[CA][Regional][Timing][GenStep] Verse.GenStep_ScatterThings completed in 252 ms for 1236x1100 map 0
[CA][Regional][Timing][GenStep] starting Verse.GenStep_ScatterThings for 1236x1100 map 0
[CA][Regional][Timing][GenStep] Verse.GenStep_ScatterThings completed in 1 ms for 1236x1100 map 0
[CA][Regional][Timing][GenStep] starting Verse.GenStep_ScatterThings for 1236x1100 map 0
[CA][Regional][Timing][GenStep] Verse.GenStep_ScatterThings completed in 0 ms for 1236x1100 map 0
[CA][Regional][Timing][GenStep] starting Verse.GenStep_ScatterThings for 1236x1100 map 0
[CA][Regional][Timing][GenStep] Verse.GenStep_ScatterThings completed in 1 ms for 1236x1100 map 0
[CA][Regional][Timing][GenStep] starting Verse.GenStep_ScatterThings for 1236x1100 map 0
[CA][Regional][Timing][GenStep] Verse.GenStep_ScatterThings completed in 1 ms for 1236x1100 map 0
[CA][Regional][Timing][GenStep] RimWorld.GenStep_ScenParts [ScenParts] completed in 324 ms for 1236x1100 map 0
[CA][Regional][Jobs][SpawnPath] RimWorld.GenStep_ScenParts [ScenParts] for map 0: spawn=59/12ms; wipe=59/0ms; ownerTryAdd=59/0ms; regionRebuildDirty=337/245ms; spawnedThings=90023
[CA][Regional][Timing][GenStep] starting RimWorld.GenStep_Pollution [Pollution] for 1236x1100 map 0
[CA][Regional][Timing][GenStep] RimWorld.GenStep_Pollution [Pollution] completed in 57 ms for 1236x1100 map 0
[CA][Regional][Timing][Plants] initialized bounded ecology spatial summaries in 236 ms for 1236x1100 map 0; desired plants 961829.1
[CA][Regional][Jobs][PlantMask] scope opened for 1236x1100 map 0; SERVE mode (proven rejects skip the original; postfix chain still runs and re-verifies); frozen-term surface gate allowing exactly 4 proven method/kind/owner entries; extraction after 4096 in-scope calls under a 96 MB checked cap; env CA_REGIONAL_PLANTMASK=0 disables at load, CA_REGIONAL_PLANTMASK_SERVE=0 restores full native audit mode
[CA][Regional][Timing][GenStep] starting RimWorld.GenStep_Plants [Plants] for 1236x1100 map 0
[CA][Regional][Jobs][PlantMask] frozen-term surface verified for map 0: 5 surface patches, every (method, kind, owner) explicitly proven
[CA][Regional][Jobs][PlantMask] frozen terms extracted for map 0 in 73 ms (1359600 cells, 5608352 bytes, native fertility/pollution reads, after 4097-call warmup)
[CA][Regional] plant density receipt for map 0: 4096 calls, 3267 resolved to a non-root constituent, 0 of 4096 sampled differed from the root-tile value
[CA][Regional][Timing][Plants] bounded initial native seed examined 160000 of 1359600 cells and spawned 113589 plants in 32643 ms for 1236x1100 map 0; full ecological target 961829.1.
[CA][Regional][Timing][GenStep] RimWorld.GenStep_Plants [Plants] completed in 32644 ms for 1236x1100 map 0
[CA][Regional][Timing][Plants] bounded ecology index served 113592 cluster, 149562 saturation, 1484040 succession, and 681462 distribution queries; bypassed 142785144 ThingGrid cell visits; inspected 5221606 cluster block summaries and 39397969 local density blocks for 1236x1100 map 0
[CA][Regional][Jobs][SpawnPath] RimWorld.GenStep_Plants [Plants] for map 0: spawn=113589/2200ms; wipe=113589/128ms; ownerTryAdd=113589/49ms; plantCheck=159848/31421ms; plantSaturated=149562/8ms; plantCanGrow=135190/16568ms; plantClusters=113592/7ms; plantSuccession=1484040/62ms; plantDistribution=681462/39ms; spawnedThings=203612
[CA][Regional][Jobs][PlantMask] scope closed for map 0: 3603309 in-scope evaluations = 4096 warmup native + 0 native (of which 0 audited predictions: 0 confirmed, 0 mismatches) + 0 full base audits (0 confirmed, 0 mismatches) + 2503292 served accepts + 1095921 served rejects (0 serve anomalies) + 0 degraded native; 31 defs cached (0 whole-def temperature rejections); extraction 73 ms, 5608352 bytes
[CA][Regional][Timing][GenStep] starting Verse.GenStep_ScatterThings [SteamGeysers] for 1236x1100 map 0
[CA][Regional] geysers recomputed per constituent from native inputs: total 99 [180:15, 5529:2, 14404:3, 14405:10, 14406:13, 41047:10, 41048:13, 41052:3, 73133:7, 73137:1, 73138:6, 73139:11, 73143:3, 73144:2]
[CA][Regional][Timing][GenStep] Verse.GenStep_ScatterThings [SteamGeysers] completed in 175 ms for 1236x1100 map 0
[CA][Regional][Timing][IndexedRemoval] Verse.GenStep_ScatterThings [SteamGeysers] completed with plantDespawns=47 ownerRemovals=47 listerRemovals=106 indexedLists=277 snapshotEntries=858980 indexWork=82 ms restore=107 ms comparisonsBypassed=19162666 shiftsBypassed=12885524 canonicalOrder=True for 1236x1100 map 0
[CA][Regional][Jobs][SpawnPath] RimWorld.GenStep_ScatterGeysers [SteamGeysers] for map 0: spawn=99/94ms; wipe=99/84ms; despawn=47/83ms; ownerTryAdd=99/0ms; ownerRemove=47/18ms; mapListerRemove=47/62ms; otherListerRemove=59/1ms; spawnedThings=203664
[CA][Regional][Timing][GenStep] starting RimWorld.GenStep_ScatterRoadDebris [ScatterRoadDebris] for 1236x1100 map 0
[CA][Regional][Timing][GenStep] starting Verse.GenStep_Scatterer [ScatterRoadDebris] for 1236x1100 map 0
[CA][Regional][Jobs][SpawnPath] region rebuild entry TryRebuildDirtyRegionsAndRooms during regional generation of map 0; caller stack:
  at System.Environment.get_StackTrace () [0x00000] in <51fded79cd284d4d911c5949aff4cb21>:0 
  at ColonistAwareness.CARegionalSpawnPathPatches.TraceRebuild (System.String entryPoint) [0x00000] in <a15ea838ba614e8f97e1ff67398c7701>:0 
  at ColonistAwareness.CARegionalSpawnPathPatches.RebuildDirtyPrefix (System.Int64& __state) [0x00000] in <a15ea838ba614e8f97e1ff67398c7701>:0 
  at MonoMod.Utils.DynamicMethodDefinition.Verse.RegionAndRoomUpdater.TryRebuildDirtyRegionsAndRooms_Patch3 (Verse.RegionAndRoomUpdater ) [0x00000] in <e53399289d9b419d83f9f5b02c5cf609>:0 
  at MonoMod.Utils.DynamicMethodDefinition.Verse.RegionGrid.GetValidRegionAt_Patch1 (Verse.RegionGrid , Verse.IntVec3 ) [0x00000] in <e53399289d9b419d83f9f5b02c5cf609>:0 
  at Verse.RegionAndRoomQuery.RegionAt (Verse.IntVec3 c, Verse.Map map, Verse.RegionType allowedRegionTypes) [0x00000] in <61e4173561894da49d210260257b5097>:0 
  at Verse.GridsUtility.GetRegion (Verse.IntVec3 loc, Verse.Map map, Verse.RegionType allowedRegionTypes) [0x00000] in <61e4173561894da49d210260257b5097>:0 
  at MonoMod.Utils.DynamicMethodDefinition.Verse.Reachability.CanReachMapEdge_Patch1 (Verse.Reachability , Verse.IntVec3 , Verse.TraverseParms ) [0x00000] in <e53399289d9b419d83f9f5b02c5cf609>:0 
  at RimWorld.ScatterDebrisUtility.CanPlaceThingAt (Verse.IntVec3 c, Verse.Rot4 rot, Verse.Map map, Verse.ThingDef thingDef) [0x00000] in <61e4173561894da49d210260257b5097>:0 
  at RimWorld.GenStep_ScatterRoadDebris.CanPlaceThingAt (Verse.IntVec3 c, Verse.Rot4 rot, Verse.Map map, Verse.ThingDef thingDef) [0x00000] in <61e4173561894da49d210260257b5097>:0 
  at RimWorld.GenStep_ScatterRoadDebris.CanScatterAt (Verse.IntVec3 c, Verse.Map map) [0x00000] in <61e4173561894da49d210260257b5097>:0 
  at Verse.GenStep_Scatterer+<>c__DisplayClass28_0.<TryFindScatterCell>b__2 (Verse.IntVec3 x) [0x00000] in <61e4173561894da49d210260257b5097>:0 
  at Verse.CellFinderLoose.TryFindRandomNotEdgeCellWith (System.Int32 minEdgeDistance, System.Predicate`1[T] validator, Verse.Map map, Verse.IntVec3& result) [0x00000] in <61e4173561894da49d210260257b5097>:0 
  at MonoMod.Utils.DynamicMethodDefinition.Verse.GenStep_Scatterer.TryFindScatterCell_Patch1 (Verse.GenStep_Scatterer , Verse.Map , Verse.IntVec3& ) [0x00000] in <e53399289d9b419d83f9f5b02c5cf609>:0 
  at MonoMod.Utils.DynamicMethodDefinition.Verse.GenStep_Scatterer.Generate_Patch1 (Verse.GenStep_Scatterer , Verse.Map , Verse.GenStepParams ) [0x00000] in <e53399289d9b419d83f9f5b02c5cf609>:0 
  at MonoMod.Utils.DynamicMethodDefinition.RimWorld.GenStep_ScatterRoadDebris.Generate_Patch3 (RimWorld.GenStep_ScatterRoadDebris , Verse.Map , Verse.GenStepParams ) [0x00000] in <e53399289d9b419d83f9f5b02c5cf609>:0 
  at MonoMod.Utils.DynamicMethodDefinition.Verse.MapGenerator.GenerateContentsIntoMap_Patch5 (System.Collections.Generic.IEnumerable`1[T] , Verse.Map , System.Int32 , System.Boolean ) [0x00000] in <e53399289d9b419d83f9f5b02c5cf609>:0 
  at MonoMod.Utils.DynamicMethodDefinition.Verse.MapGenerator.GenerateMap_Patch6 (Verse.IntVec3 , RimWorld.Planet.MapParent , Verse.MapGeneratorDef , System.Collections.Generic.IEnumerable`1[T] , System.Action`1[T] , System.Boolean , System.Boolean ) [0x00000] in <e53399289d9b419d83f9f5b02c5cf609>:0 
  at MonoMod.Utils.DynamicMethodDefinition.Verse.Game.InitNewGame_Patch3 (Verse.Game ) [0x00000] in <e53399289d9b419d83f9f5b02c5cf609>:0 
  at Verse.Root_Play+<>c.<Start>b__1_2 () [0x00000] in <61e4173561894da49d210260257b5097>:0 
  at Verse.LongEventHandler.RunEventFromAnotherThread (System.Action action) [0x00000] in <61e4173561894da49d210260257b5097>:0 
  at Verse.LongEventHandler+<>c.<UpdateCurrentAsynchronousEvent>b__28_0 () [0x00000] in <61e4173561894da49d210260257b5097>:0 
  at System.Threading.ThreadHelper.ThreadStart_Context (System.Object state) [0x00000] in <51fded79cd284d4d911c5949aff4cb21>:0 
  at System.Threading.ExecutionContext.RunInternal (System.Threading.ExecutionContext executionContext, System.Threading.ContextCallback callback, System.Object state, System.Boolean preserveSyncCtx) [0x00000] in <51fded79cd284d4d911c5949aff4cb21>:0 
  at System.Threading.ExecutionContext.Run (System.Threading.ExecutionContext executionContext, System.Threading.ContextCallback callback, System.Object state, System.Boolean preserveSyncCtx) [0x00000] in <51fded79cd284d4d911c5949aff4cb21>:0 
  at System.Threading.ExecutionContext.Run (System.Threading.ExecutionContext executionContext, System.Threading.ContextCallback callback, System.Object state) [0x00000] in <51fded79cd284d4d911c5949aff4cb21>:0 
  at System.Threading.ThreadHelper.ThreadStart () [0x00000] in <51fded79cd284d4d911c5949aff4cb21>:0 
[CA][Regional][Jobs][SpawnPath] region rebuild entry TryRebuildDirtyRegionsAndRooms during regional generation of map 0; caller stack:
  at System.Environment.get_StackTrace () [0x00000] in <51fded79cd284d4d911c5949aff4cb21>:0 
  at ColonistAwareness.CARegionalSpawnPathPatches.TraceRebuild (System.String entryPoint) [0x00000] in <a15ea838ba614e8f97e1ff67398c7701>:0 
  at ColonistAwareness.CARegionalSpawnPathPatches.RebuildDirtyPrefix (System.Int64& __state) [0x00000] in <a15ea838ba614e8f97e1ff67398c7701>:0 
  at MonoMod.Utils.DynamicMethodDefinition.Verse.RegionAndRoomUpdater.TryRebuildDirtyRegionsAndRooms_Patch3 (Verse.RegionAndRoomUpdater ) [0x00000] in <e53399289d9b419d83f9f5b02c5cf609>:0 
  at MonoMod.Utils.DynamicMethodDefinition.Verse.RegionGrid.GetValidRegionAt_Patch1 (Verse.RegionGrid , Verse.IntVec3 ) [0x00000] in <e53399289d9b419d83f9f5b02c5cf609>:0 
  at Verse.RegionAndRoomQuery.RegionAt (Verse.IntVec3 c, Verse.Map map, Verse.RegionType allowedRegionTypes) [0x00000] in <61e4173561894da49d210260257b5097>:0 
  at Verse.GridsUtility.GetRegion (Verse.IntVec3 loc, Verse.Map map, Verse.RegionType allowedRegionTypes) [0x00000] in <61e4173561894da49d210260257b5097>:0 
  at MonoMod.Utils.DynamicMethodDefinition.Verse.Reachability.CanReachMapEdge_Patch1 (Verse.Reachability , Verse.IntVec3 , Verse.TraverseParms ) [0x00000] in <e53399289d9b419d83f9f5b02c5cf609>:0 
  at RimWorld.ScatterDebrisUtility.CanPlaceThingAt (Verse.IntVec3 c, Verse.Rot4 rot, Verse.Map map, Verse.ThingDef thingDef) [0x00000] in <61e4173561894da49d210260257b5097>:0 
  at RimWorld.GenStep_ScatterRoadDebris.CanPlaceThingAt (Verse.IntVec3 c, Verse.Rot4 rot, Verse.Map map, Verse.ThingDef thingDef) [0x00000] in <61e4173561894da49d210260257b5097>:0 
  at RimWorld.GenStep_ScatterRoadDebris.CanScatterAt (Verse.IntVec3 c, Verse.Map map) [0x00000] in <61e4173561894da49d210260257b5097>:0 
  at Verse.GenStep_Scatterer+<>c__DisplayClass28_0.<TryFindScatterCell>b__2 (Verse.IntVec3 x) [0x00000] in <61e4173561894da49d210260257b5097>:0 
  at Verse.CellFinderLoose.TryFindRandomNotEdgeCellWith (System.Int32 minEdgeDistance, System.Predicate`1[T] validator, Verse.Map map, Verse.IntVec3& result) [0x00000] in <61e4173561894da49d210260257b5097>:0 
  at MonoMod.Utils.DynamicMethodDefinition.Verse.GenStep_Scatterer.TryFindScatterCell_Patch1 (Verse.GenStep_Scatterer , Verse.Map , Verse.IntVec3& ) [0x00000] in <e53399289d9b419d83f9f5b02c5cf609>:0 
  at MonoMod.Utils.DynamicMethodDefinition.Verse.GenStep_Scatterer.Generate_Patch1 (Verse.GenStep_Scatterer , Verse.Map , Verse.GenStepParams ) [0x00000] in <e53399289d9b419d83f9f5b02c5cf609>:0 
  at MonoMod.Utils.DynamicMethodDefinition.RimWorld.GenStep_ScatterRoadDebris.Generate_Patch3 (RimWorld.GenStep_ScatterRoadDebris , Verse.Map , Verse.GenStepParams ) [0x00000] in <e53399289d9b419d83f9f5b02c5cf609>:0 
  at MonoMod.Utils.DynamicMethodDefinition.Verse.MapGenerator.GenerateContentsIntoMap_Patch5 (System.Collections.Generic.IEnumerable`1[T] , Verse.Map , System.Int32 , System.Boolean ) [0x00000] in <e53399289d9b419d83f9f5b02c5cf609>:0 
  at MonoMod.Utils.DynamicMethodDefinition.Verse.MapGenerator.GenerateMap_Patch6 (Verse.IntVec3 , RimWorld.Planet.MapParent , Verse.MapGeneratorDef , System.Collections.Generic.IEnumerable`1[T] , System.Action`1[T] , System.Boolean , System.Boolean ) [0x00000] in <e53399289d9b419d83f9f5b02c5cf609>:0 
  at MonoMod.Utils.DynamicMethodDefinition.Verse.Game.InitNewGame_Patch3 (Verse.Game ) [0x00000] in <e53399289d9b419d83f9f5b02c5cf609>:0 
  at Verse.Root_Play+<>c.<Start>b__1_2 () [0x00000] in <61e4173561894da49d210260257b5097>:0 
  at Verse.LongEventHandler.RunEventFromAnotherThread (System.Action action) [0x00000] in <61e4173561894da49d210260257b5097>:0 
  at Verse.LongEventHandler+<>c.<UpdateCurrentAsynchronousEvent>b__28_0 () [0x00000] in <61e4173561894da49d210260257b5097>:0 
  at System.Threading.ThreadHelper.ThreadStart_Context (System.Object state) [0x00000] in <51fded79cd284d4d911c5949aff4cb21>:0 
  at System.Threading.ExecutionContext.RunInternal (System.Threading.ExecutionContext executionContext, System.Threading.ContextCallback callback, System.Object state, System.Boolean preserveSyncCtx) [0x00000] in <51fded79cd284d4d911c5949aff4cb21>:0 
  at System.Threading.ExecutionContext.Run (System.Threading.ExecutionContext executionContext, System.Threading.ContextCallback callback, System.Object state, System.Boolean preserveSyncCtx) [0x00000] in <51fded79cd284d4d911c5949aff4cb21>:0 
  at System.Threading.ExecutionContext.Run (System.Threading.ExecutionContext executionContext, System.Threading.ContextCallback callback, System.Object state) [0x00000] in <51fded79cd284d4d911c5949aff4cb21>:0 
  at System.Threading.ThreadHelper.ThreadStart () [0x00000] in <51fded79cd284d4d911c5949aff4cb21>:0 
[CA][Regional][Timing][GenStep] Verse.GenStep_Scatterer [ScatterRoadDebris] completed in 6 ms for 1236x1100 map 0
[CA][Regional][Timing][GenStep] RimWorld.GenStep_ScatterRoadDebris [ScatterRoadDebris] completed in 18 ms for 1236x1100 map 0
[CA][Regional][Jobs][SpawnPath] RimWorld.GenStep_ScatterRoadDebris [ScatterRoadDebris] for map 0: spawn=27/0ms; wipe=27/0ms; ownerTryAdd=27/0ms; filth=25/0ms; regionRebuildDirty=16/1ms; spawnedThings=203691
[CA][Regional][Timing][GenStep] starting RimWorld.GenStep_ScatterCaveDebris [ScatterCaveDebris] for 1236x1100 map 0
[CA][Regional][Timing][GenStep] RimWorld.GenStep_ScatterCaveDebris [ScatterCaveDebris] completed in 0 ms for 1236x1100 map 0
[CA][Regional][Timing][GenStep] starting Verse.GenStep_ScatterGroup [MechanoidRemains] for 1236x1100 map 0
[CA][Regional][Timing][GenStep] starting Verse.GenStep_Scatterer [MechanoidRemains] for 1236x1100 map 0
[CA][Regional][Timing][GenStep] Verse.GenStep_Scatterer [MechanoidRemains] completed in 202 ms for 1236x1100 map 0
[CA][Regional][Timing][GenStep] Verse.GenStep_ScatterGroup [MechanoidRemains] completed in 212 ms for 1236x1100 map 0
[CA][Regional][Timing][IndexedRemoval] Verse.GenStep_ScatterGroup [MechanoidRemains] completed with plantDespawns=2 ownerRemovals=3 listerRemovals=9 indexedLists=26 snapshotEntries=796132 indexWork=186 ms restore=74 ms comparisonsBypassed=1306342 shiftsBypassed=56598 canonicalOrder=True for 1236x1100 map 0
[CA][Regional][Jobs][SpawnPath] Verse.GenStep_ScatterGroup [MechanoidRemains] for map 0: spawn=71/188ms; wipe=71/187ms; despawn=3/187ms; ownerTryAdd=71/0ms; ownerRemove=3/22ms; mapListerRemove=3/163ms; otherListerRemove=6/0ms; filth=59/0ms; scatterCalc=2/10ms; scatterFind=1/8ms; spawnedThings=203759
[CA][Regional][Timing][GenStep] starting RimWorld.GenStep_ScatterAncientTurret [AncientTurret] for 1236x1100 map 0
[CA][Regional][Timing][GenStep] RimWorld.GenStep_ScatterAncientTurret [AncientTurret] completed in 0 ms for 1236x1100 map 0
[CA][Regional][Timing][GenStep] starting RimWorld.GenStep_ScatterAncientMechs [AncientMechs] for 1236x1100 map 0
[CA][Regional][Timing][GenStep] starting Verse.GenStep_Scatterer [AncientMechs] for 1236x1100 map 0
[CA][Regional][Jobs][SpawnPath] region rebuild entry TryRebuildDirtyRegionsAndRooms during regional generation of map 0; caller stack:
  at System.Environment.get_StackTrace () [0x00000] in <51fded79cd284d4d911c5949aff4cb21>:0 
  at ColonistAwareness.CARegionalSpawnPathPatches.TraceRebuild (System.String entryPoint) [0x00000] in <a15ea838ba614e8f97e1ff67398c7701>:0 
  at ColonistAwareness.CARegionalSpawnPathPatches.RebuildDirtyPrefix (System.Int64& __state) [0x00000] in <a15ea838ba614e8f97e1ff67398c7701>:0 
  at MonoMod.Utils.DynamicMethodDefinition.Verse.RegionAndRoomUpdater.TryRebuildDirtyRegionsAndRooms_Patch3 (Verse.RegionAndRoomUpdater ) [0x00000] in <e53399289d9b419d83f9f5b02c5cf609>:0 
  at MonoMod.Utils.DynamicMethodDefinition.Verse.RegionGrid.GetValidRegionAt_Patch1 (Verse.RegionGrid , Verse.IntVec3 ) [0x00000] in <e53399289d9b419d83f9f5b02c5cf609>:0 
  at Verse.RegionAndRoomQuery.RegionAt (Verse.IntVec3 c, Verse.Map map, Verse.RegionType allowedRegionTypes) [0x00000] in <61e4173561894da49d210260257b5097>:0 
  at Verse.GridsUtility.GetRegion (Verse.IntVec3 loc, Verse.Map map, Verse.RegionType allowedRegionTypes) [0x00000] in <61e4173561894da49d210260257b5097>:0 
  at MonoMod.Utils.DynamicMethodDefinition.Verse.Reachability.CanReachMapEdge_Patch1 (Verse.Reachability , Verse.IntVec3 , Verse.TraverseParms ) [0x00000] in <e53399289d9b419d83f9f5b02c5cf609>:0 
  at RimWorld.ScatterDebrisUtility.CanPlaceThingAt (Verse.IntVec3 c, Verse.Rot4 rot, Verse.Map map, Verse.ThingDef thingDef) [0x00000] in <61e4173561894da49d210260257b5097>:0 
  at RimWorld.GenStep_ScatterAncientMechs.CanPlaceThingAt (Verse.IntVec3 c, Verse.Rot4 rot, Verse.Map map, Verse.ThingDef thingDef) [0x00000] in <61e4173561894da49d210260257b5097>:0 
  at RimWorld.GenStep_ScatterAncientMechs.CanScatterAt (Verse.IntVec3 c, Verse.Map map) [0x00000] in <61e4173561894da49d210260257b5097>:0 
  at Verse.GenStep_Scatterer+<>c__DisplayClass28_0.<TryFindScatterCell>b__2 (Verse.IntVec3 x) [0x00000] in <61e4173561894da49d210260257b5097>:0 
  at Verse.CellFinderLoose.TryFindRandomNotEdgeCellWith (System.Int32 minEdgeDistance, System.Predicate`1[T] validator, Verse.Map map, Verse.IntVec3& result) [0x00000] in <61e4173561894da49d210260257b5097>:0 
  at MonoMod.Utils.DynamicMethodDefinition.Verse.GenStep_Scatterer.TryFindScatterCell_Patch1 (Verse.GenStep_Scatterer , Verse.Map , Verse.IntVec3& ) [0x00000] in <e53399289d9b419d83f9f5b02c5cf609>:0 
  at MonoMod.Utils.DynamicMethodDefinition.Verse.GenStep_Scatterer.Generate_Patch1 (Verse.GenStep_Scatterer , Verse.Map , Verse.GenStepParams ) [0x00000] in <e53399289d9b419d83f9f5b02c5cf609>:0 
  at MonoMod.Utils.DynamicMethodDefinition.RimWorld.GenStep_ScatterAncientMechs.Generate_Patch3 (RimWorld.GenStep_ScatterAncientMechs , Verse.Map , Verse.GenStepParams ) [0x00000] in <e53399289d9b419d83f9f5b02c5cf609>:0 
  at MonoMod.Utils.DynamicMethodDefinition.Verse.MapGenerator.GenerateContentsIntoMap_Patch5 (System.Collections.Generic.IEnumerable`1[T] , Verse.Map , System.Int32 , System.Boolean ) [0x00000] in <e53399289d9b419d83f9f5b02c5cf609>:0 
  at MonoMod.Utils.DynamicMethodDefinition.Verse.MapGenerator.GenerateMap_Patch6 (Verse.IntVec3 , RimWorld.Planet.MapParent , Verse.MapGeneratorDef , System.Collections.Generic.IEnumerable`1[T] , System.Action`1[T] , System.Boolean , System.Boolean ) [0x00000] in <e53399289d9b419d83f9f5b02c5cf609>:0 
  at MonoMod.Utils.DynamicMethodDefinition.Verse.Game.InitNewGame_Patch3 (Verse.Game ) [0x00000] in <e53399289d9b419d83f9f5b02c5cf609>:0 
  at Verse.Root_Play+<>c.<Start>b__1_2 () [0x00000] in <61e4173561894da49d210260257b5097>:0 
  at Verse.LongEventHandler.RunEventFromAnotherThread (System.Action action) [0x00000] in <61e4173561894da49d210260257b5097>:0 
  at Verse.LongEventHandler+<>c.<UpdateCurrentAsynchronousEvent>b__28_0 () [0x00000] in <61e4173561894da49d210260257b5097>:0 
  at System.Threading.ThreadHelper.ThreadStart_Context (System.Object state) [0x00000] in <51fded79cd284d4d911c5949aff4cb21>:0 
  at System.Threading.ExecutionContext.RunInternal (System.Threading.ExecutionContext executionContext, System.Threading.ContextCallback callback, System.Object state, System.Boolean preserveSyncCtx) [0x00000] in <51fded79cd284d4d911c5949aff4cb21>:0 
  at System.Threading.ExecutionContext.Run (System.Threading.ExecutionContext executionContext, System.Threading.ContextCallback callback, System.Object state, System.Boolean preserveSyncCtx) [0x00000] in <51fded79cd284d4d911c5949aff4cb21>:0 
  at System.Threading.ExecutionContext.Run (System.Threading.ExecutionContext executionContext, System.Threading.ContextCallback callback, System.Object state) [0x00000] in <51fded79cd284d4d911c5949aff4cb21>:0 
  at System.Threading.ThreadHelper.ThreadStart () [0x00000] in <51fded79cd284d4d911c5949aff4cb21>:0 
[CA][Regional][Jobs][SpawnPath] region rebuild entry TryRebuildDirtyRegionsAndRooms during regional generation of map 0; caller stack:
  at System.Environment.get_StackTrace () [0x00000] in <51fded79cd284d4d911c5949aff4cb21>:0 
  at ColonistAwareness.CARegionalSpawnPathPatches.TraceRebuild (System.String entryPoint) [0x00000] in <a15ea838ba614e8f97e1ff67398c7701>:0 
  at ColonistAwareness.CARegionalSpawnPathPatches.RebuildDirtyPrefix (System.Int64& __state) [0x00000] in <a15ea838ba614e8f97e1ff67398c7701>:0 
  at MonoMod.Utils.DynamicMethodDefinition.Verse.RegionAndRoomUpdater.TryRebuildDirtyRegionsAndRooms_Patch3 (Verse.RegionAndRoomUpdater ) [0x00000] in <e53399289d9b419d83f9f5b02c5cf609>:0 
  at MonoMod.Utils.DynamicMethodDefinition.Verse.RegionGrid.GetValidRegionAt_Patch1 (Verse.RegionGrid , Verse.IntVec3 ) [0x00000] in <e53399289d9b419d83f9f5b02c5cf609>:0 
  at Verse.RegionAndRoomQuery.RegionAt (Verse.IntVec3 c, Verse.Map map, Verse.RegionType allowedRegionTypes) [0x00000] in <61e4173561894da49d210260257b5097>:0 
  at Verse.GridsUtility.GetRegion (Verse.IntVec3 loc, Verse.Map map, Verse.RegionType allowedRegionTypes) [0x00000] in <61e4173561894da49d210260257b5097>:0 
  at MonoMod.Utils.DynamicMethodDefinition.Verse.Reachability.CanReachMapEdge_Patch1 (Verse.Reachability , Verse.IntVec3 , Verse.TraverseParms ) [0x00000] in <e53399289d9b419d83f9f5b02c5cf609>:0 
  at RimWorld.ScatterDebrisUtility.CanPlaceThingAt (Verse.IntVec3 c, Verse.Rot4 rot, Verse.Map map, Verse.ThingDef thingDef) [0x00000] in <61e4173561894da49d210260257b5097>:0 
  at RimWorld.GenStep_ScatterAncientMechs.CanPlaceThingAt (Verse.IntVec3 c, Verse.Rot4 rot, Verse.Map map, Verse.ThingDef thingDef) [0x00000] in <61e4173561894da49d210260257b5097>:0 
  at RimWorld.GenStep_ScatterAncientMechs.CanScatterAt (Verse.IntVec3 c, Verse.Map map) [0x00000] in <61e4173561894da49d210260257b5097>:0 
  at Verse.GenStep_Scatterer+<>c__DisplayClass28_0.<TryFindScatterCell>b__2 (Verse.IntVec3 x) [0x00000] in <61e4173561894da49d210260257b5097>:0 
  at Verse.CellFinderLoose.TryFindRandomNotEdgeCellWith (System.Int32 minEdgeDistance, System.Predicate`1[T] validator, Verse.Map map, Verse.IntVec3& result) [0x00000] in <61e4173561894da49d210260257b5097>:0 
  at MonoMod.Utils.DynamicMethodDefinition.Verse.GenStep_Scatterer.TryFindScatterCell_Patch1 (Verse.GenStep_Scatterer , Verse.Map , Verse.IntVec3& ) [0x00000] in <e53399289d9b419d83f9f5b02c5cf609>:0 
  at MonoMod.Utils.DynamicMethodDefinition.Verse.GenStep_Scatterer.Generate_Patch1 (Verse.GenStep_Scatterer , Verse.Map , Verse.GenStepParams ) [0x00000] in <e53399289d9b419d83f9f5b02c5cf609>:0 
  at MonoMod.Utils.DynamicMethodDefinition.RimWorld.GenStep_ScatterAncientMechs.Generate_Patch3 (RimWorld.GenStep_ScatterAncientMechs , Verse.Map , Verse.GenStepParams ) [0x00000] in <e53399289d9b419d83f9f5b02c5cf609>:0 
  at MonoMod.Utils.DynamicMethodDefinition.Verse.MapGenerator.GenerateContentsIntoMap_Patch5 (System.Collections.Generic.IEnumerable`1[T] , Verse.Map , System.Int32 , System.Boolean ) [0x00000] in <e53399289d9b419d83f9f5b02c5cf609>:0 
  at MonoMod.Utils.DynamicMethodDefinition.Verse.MapGenerator.GenerateMap_Patch6 (Verse.IntVec3 , RimWorld.Planet.MapParent , Verse.MapGeneratorDef , System.Collections.Generic.IEnumerable`1[T] , System.Action`1[T] , System.Boolean , System.Boolean ) [0x00000] in <e53399289d9b419d83f9f5b02c5cf609>:0 
  at MonoMod.Utils.DynamicMethodDefinition.Verse.Game.InitNewGame_Patch3 (Verse.Game ) [0x00000] in <e53399289d9b419d83f9f5b02c5cf609>:0 
  at Verse.Root_Play+<>c.<Start>b__1_2 () [0x00000] in <61e4173561894da49d210260257b5097>:0 
  at Verse.LongEventHandler.RunEventFromAnotherThread (System.Action action) [0x00000] in <61e4173561894da49d210260257b5097>:0 
  at Verse.LongEventHandler+<>c.<UpdateCurrentAsynchronousEvent>b__28_0 () [0x00000] in <61e4173561894da49d210260257b5097>:0 
  at System.Threading.ThreadHelper.ThreadStart_Context (System.Object state) [0x00000] in <51fded79cd284d4d911c5949aff4cb21>:0 
  at System.Threading.ExecutionContext.RunInternal (System.Threading.ExecutionContext executionContext, System.Threading.ContextCallback callback, System.Object state, System.Boolean preserveSyncCtx) [0x00000] in <51fded79cd284d4d911c5949aff4cb21>:0 
  at System.Threading.ExecutionContext.Run (System.Threading.ExecutionContext executionContext, System.Threading.ContextCallback callback, System.Object state, System.Boolean preserveSyncCtx) [0x00000] in <51fded79cd284d4d911c5949aff4cb21>:0 
  at System.Threading.ExecutionContext.Run (System.Threading.ExecutionContext executionContext, System.Threading.ContextCallback callback, System.Object state) [0x00000] in <51fded79cd284d4d911c5949aff4cb21>:0 
  at System.Threading.ThreadHelper.ThreadStart () [0x00000] in <51fded79cd284d4d911c5949aff4cb21>:0 
[CA][Regional][Timing][GenStep] Verse.GenStep_Scatterer [AncientMechs] completed in 2 ms for 1236x1100 map 0
[CA][Regional][Timing][GenStep] RimWorld.GenStep_ScatterAncientMechs [AncientMechs] completed in 13 ms for 1236x1100 map 0
[CA][Regional][Jobs][SpawnPath] RimWorld.GenStep_ScatterAncientMechs [AncientMechs] for map 0: spawn=10/0ms; wipe=10/0ms; ownerTryAdd=10/0ms; filth=9/0ms; regionRebuildDirty=5/0ms; spawnedThings=203769
[CA][Regional][Timing][GenStep] starting RimWorld.GenStep_ScatterAncientLandingPad [AncientLandingPad] for 1236x1100 map 0
[CA][Regional][Timing][GenStep] starting Verse.GenStep_Scatterer [AncientLandingPad] for 1236x1100 map 0
[CA][Regional][Timing][GenStep] Verse.GenStep_Scatterer [AncientLandingPad] completed in 79 ms for 1236x1100 map 0
[CA][Regional][Timing][GenStep] RimWorld.GenStep_ScatterAncientLandingPad [AncientLandingPad] completed in 91 ms for 1236x1100 map 0
[CA][Regional][Timing][IndexedRemoval] RimWorld.GenStep_ScatterAncientLandingPad [AncientLandingPad] completed with plantDespawns=9 ownerRemovals=9 listerRemovals=24 indexedLists=33 snapshotEntries=821151 indexWork=73 ms restore=85 ms comparisonsBypassed=3142135 shiftsBypassed=3305763 canonicalOrder=True for 1236x1100 map 0
[CA][Regional][Jobs][SpawnPath] RimWorld.GenStep_ScatterAncientLandingPad [AncientLandingPad] for map 0: spawn=6/0ms; wipe=6/0ms; despawn=9/73ms; ownerTryAdd=6/0ms; ownerRemove=9/18ms; mapListerRemove=9/55ms; otherListerRemove=15/0ms; filth=4/0ms; spawnedThings=203766
[CA][Regional][Timing][GenStep] starting RimWorld.GenStep_ScatterAncientFences [AncientFences] for 1236x1100 map 0
[CA][Regional][Timing][GenStep] starting Verse.GenStep_Scatterer [AncientFences] for 1236x1100 map 0
[CA][Regional][Timing][GenStep] Verse.GenStep_Scatterer [AncientFences] completed in 83 ms for 1236x1100 map 0
[CA][Regional][Timing][GenStep] RimWorld.GenStep_ScatterAncientFences [AncientFences] completed in 96 ms for 1236x1100 map 0
[CA][Regional][Timing][IndexedRemoval] RimWorld.GenStep_ScatterAncientFences [AncientFences] completed with plantDespawns=3 ownerRemovals=3 listerRemovals=3 indexedLists=8 snapshotEntries=840521 indexWork=79 ms restore=81 ms comparisonsBypassed=962574 shiftsBypassed=1228583 canonicalOrder=True for 1236x1100 map 0
[CA][Regional][Jobs][SpawnPath] RimWorld.GenStep_ScatterAncientFences [AncientFences] for map 0: spawn=25/80ms; wipe=25/79ms; despawn=3/79ms; ownerTryAdd=25/0ms; ownerRemove=3/20ms; mapListerRemove=3/58ms; spawnedThings=203788
[CA][Regional][Timing][GenStep] starting Verse.GenStep_ScatterThings [AncientPipelineSection] for 1236x1100 map 0
[CA][Regional] junk(GenStep_ScatterThings) recomputed per constituent from native inputs: total 57 [180:8, 5529:1, 14404:2, 14405:6, 14406:7, 41047:6, 41048:7, 41052:2, 73133:4, 73138:4, 73139:7, 73143:2, 73144:1]
[CA][Regional][Timing][GenStep] Verse.GenStep_ScatterThings [AncientPipelineSection] completed in 175 ms for 1236x1100 map 0
[CA][Regional][Timing][IndexedRemoval] Verse.GenStep_ScatterThings [AncientPipelineSection] completed with plantDespawns=12 ownerRemovals=12 listerRemovals=29 indexedLists=88 snapshotEntries=842284 indexWork=164 ms restore=81 ms comparisonsBypassed=4932426 shiftsBypassed=3218413 canonicalOrder=True for 1236x1100 map 0
[CA][Regional][Jobs][SpawnPath] Verse.GenStep_ScatterThings [AncientPipelineSection] for map 0: spawn=345/170ms; wipe=345/164ms; despawn=12/164ms; ownerTryAdd=345/0ms; ownerRemove=12/22ms; mapListerRemove=12/140ms; otherListerRemove=17/0ms; filth=290/3ms; spawnedThings=204121
[CA][Regional][Timing][GenStep] starting Verse.GenStep_ScatterGroup [AncientJunkClusters] for 1236x1100 map 0
[CA][Regional][Timing][GenStep] starting Verse.GenStep_Scatterer [AncientJunkClusters] for 1236x1100 map 0
[CA][Regional] junk(GenStep_ScatterGroup) recomputed per constituent from native inputs: total 52 [180:8, 5529:1, 14404:1, 14405:5, 14406:7, 41047:5, 41048:7, 41052:2, 73133:4, 73138:3, 73139:6, 73143:2, 73144:1]
[CA][Regional] scatter surrendered 51 of 52 allocated placements: no cell owned by a constituent still holding quota satisfied the native validators. No cross-constituent item was produced.
Scatterer Verse.GenStep_ScatterGroup from def AncientJunkClusters could not find cell to generate at.
[CA][Regional][Timing][GenStep] Verse.GenStep_Scatterer [AncientJunkClusters] completed in 86 ms for 1236x1100 map 0
[CA][Regional][Timing][GenStep] Verse.GenStep_ScatterGroup [AncientJunkClusters] completed in 96 ms for 1236x1100 map 0
[CA][Regional][Timing][AncientJunkClusters] completed with 2641 indexed walls built in 0 ms; answered 417 indoor-ruin queries by inspecting 0 local walls instead of a worst-case full-list budget of 0 comparisons for 1236x1100 map 0; def AncientJunkClusters
[CA][Regional][Timing][IndexedRemoval] Verse.GenStep_ScatterGroup [AncientJunkClusters] completed with plantDespawns=2 ownerRemovals=6 listerRemovals=16 indexedLists=27 snapshotEntries=763239 indexWork=61 ms restore=74 ms comparisonsBypassed=1749272 shiftsBypassed=290987 canonicalOrder=True for 1236x1100 map 0
[CA][Regional][Jobs][SpawnPath] Verse.GenStep_ScatterGroup [AncientJunkClusters] for map 0: spawn=53/63ms; wipe=53/61ms; despawn=6/61ms; ownerTryAdd=53/0ms; ownerRemove=6/17ms; mapListerRemove=6/44ms; otherListerRemove=10/0ms; filth=49/0ms; scatterCalc=417/3ms; scatterFind=2/21ms; spawnedThings=204168
[CA][Regional][Timing][GenStep] starting Verse.GenStep_ScatterGroup [AncientPollutionJunk] for 1236x1100 map 0
[CA][Regional][Timing][GenStep] starting Verse.GenStep_Scatterer [AncientPollutionJunk] for 1236x1100 map 0
[CA][Regional][Timing][GenStep] Verse.GenStep_Scatterer [AncientPollutionJunk] completed in 0 ms for 1236x1100 map 0
[CA][Regional][Timing][GenStep] Verse.GenStep_ScatterGroup [AncientPollutionJunk] completed in 10 ms for 1236x1100 map 0
[CA][Regional][Jobs][RockChunks] starting RimWorld.GenStep_RockChunks [RockChunks] for 1236x1100 map 0; workers=8 (processors 32 - 2, clamped 1-8); sequential-verify on; env CA_REGIONAL_JOBS=0 disables at load, CA_REGIONAL_JOBS_SEQUENTIAL=1 forces one worker, CA_REGIONAL_JOBS_WORKERS=n overrides, CA_REGIONAL_JOBS_VERIFY=0 skips the live equivalence pass
[CA][Regional][Timing][GenStep] starting RimWorld.GenStep_RockChunks [RockChunks] for 1236x1100 map 0
[CA][Regional][Timing][GenStep] RimWorld.GenStep_RockChunks [RockChunks] completed in 10744 ms for 1236x1100 map 0
[CA][Regional] selected-source geology [Granite, Limestone, Marble, Sandstone, Slate]; materialized [Granite:natural=13903,chunks=6390 | Limestone:natural=10725,chunks=6007 | Marble:natural=17342,chunks=4701 | Sandstone:natural=19692,chunks=7013 | Slate:natural=11950,chunks=5434]; missing [none]
[CA][Regional][Timing][IndexedRemoval] RimWorld.GenStep_RockChunks [RockChunks] completed with plantDespawns=4333 ownerRemovals=29755 listerRemovals=58805 indexedLists=27885 snapshotEntries=1336026 indexWork=619 ms restore=288 ms comparisonsBypassed=10812989470 shiftsBypassed=2028070006 canonicalOrder=False for 1236x1100 map 0
[CA][Regional][Jobs][RockChunks] completed RimWorld.GenStep_RockChunks [RockChunks] in 11067 ms for 1236x1100 map 0: parallel noise build 130 ms across 8 workers, grid audit 581 ms (sequential rebuild 575 ms plus checksums/comparison), ordered native remainder 10356 ms, 1359600 of 1359600 cell values served from the grid
[CA][Regional][Jobs][RockChunks] checksums for map 0: parallel=A66235CD34631989; sequential=A66235CD34631989; bitIdentical=True
[CA][Regional][Jobs][RockChunks] formations=6304 chunkThings=26938 rubbleFilthThings=90454 maxFormationLength=40 lengths [0:1675 1:452 2:1122 3:730 4:540 5-8:1133 9-16:145 17-32:493 33-64:14 65+:0] for map 0 (chunkThings counts non-filth things spawned during formation growth; rubble thickened onto existing filth does not add a thing)
[CA][Regional][Jobs][RockChunks][ReGrowth] timed calls=6304 elapsed=3045 ms netThings=32741 netRubble=27237 exceptions=0 for map 0
[CA][Regional][Jobs][SpawnPath] RimWorld.GenStep_RockChunks [RockChunks] for map 0: spawn=147128/9163ms; wipe=147128/699ms; despawn=29755/793ms; ownerTryAdd=147128/129ms; ownerRemove=29755/45ms; mapListerRemove=29755/290ms; otherListerRemove=29050/322ms; filth=115549/6348ms; spawnedThings=321541
[CA][Regional][Timing][GenStep] starting RimWorld.GenStep_SpecialTrees [PoluxTrees] for 1236x1100 map 0
[CA][Regional][Timing][GenStep] RimWorld.GenStep_SpecialTrees [PoluxTrees] completed in 0 ms for 1236x1100 map 0
[CA][Regional][Timing][GenStep] starting RimWorld.GenStep_CaveHives [CaveHives] for 1236x1100 map 0
[CA][Regional][Timing][GenStep] RimWorld.GenStep_CaveHives [CaveHives] completed in 329 ms for 1236x1100 map 0
[CA][Regional][Timing][GenStep] starting RimWorld.GenStep_Snow [Snow] for 1236x1100 map 0
[CA][Regional][Timing][GenStep] RimWorld.GenStep_Snow [Snow] completed in 0 ms for 1236x1100 map 0
[CA][Regional][Timing][GenStep] starting RimWorld.GenStep_Animals [Animals] for 1236x1100 map 0
[CA][Regional][Timing] animal edge-locality mask classified 1359600 cells and reached 1186411 in 98 ms for 1236x1100 map 0; native animal selection no longer requires a dirty global region rebuild
[CA][Regional][Jobs][SpawnPath] region rebuild entry TryRebuildDirtyRegionsAndRooms during regional generation of map 0; caller stack:
  at System.Environment.get_StackTrace () [0x00000] in <51fded79cd284d4d911c5949aff4cb21>:0 
  at ColonistAwareness.CARegionalSpawnPathPatches.TraceRebuild (System.String entryPoint) [0x00000] in <a15ea838ba614e8f97e1ff67398c7701>:0 
  at ColonistAwareness.CARegionalSpawnPathPatches.RebuildDirtyPrefix (System.Int64& __state) [0x00000] in <a15ea838ba614e8f97e1ff67398c7701>:0 
  at MonoMod.Utils.DynamicMethodDefinition.Verse.RegionAndRoomUpdater.TryRebuildDirtyRegionsAndRooms_Patch3 (Verse.RegionAndRoomUpdater ) [0x00000] in <e53399289d9b419d83f9f5b02c5cf609>:0 
  at MonoMod.Utils.DynamicMethodDefinition.Verse.RegionGrid.GetValidRegionAt_Patch1 (Verse.RegionGrid , Verse.IntVec3 ) [0x00000] in <e53399289d9b419d83f9f5b02c5cf609>:0 
  at Verse.RegionAndRoomQuery.RegionAt (Verse.IntVec3 c, Verse.Map map, Verse.RegionType allowedRegionTypes) [0x00000] in <61e4173561894da49d210260257b5097>:0 
  at Verse.GridsUtility.GetRegion (Verse.IntVec3 loc, Verse.Map map, Verse.RegionType allowedRegionTypes) [0x00000] in <61e4173561894da49d210260257b5097>:0 
  at Verse.CellFinder.TryFindRandomReachableNearbyCell (Verse.IntVec3 root, Verse.Map map, System.Single radius, Verse.TraverseParms traverseParms, System.Predicate`1[T] cellValidator, System.Predicate`1[T] regionValidator, Verse.IntVec3& result, System.Int32 maxRegions) [0x00000] in <61e4173561894da49d210260257b5097>:0 
  at Verse.CellFinder.TryRandomClosewalkCellNear (Verse.IntVec3 root, Verse.Map map, System.Int32 radius, Verse.IntVec3& result, System.Predicate`1[T] extraValidator) [0x00000] in <61e4173561894da49d210260257b5097>:0 
  at Verse.CellFinder.RandomClosewalkCellNear (Verse.IntVec3 root, Verse.Map map, System.Int32 radius, System.Predicate`1[T] extraValidator) [0x00000] in <61e4173561894da49d210260257b5097>:0 
  at RimWorld.WildAnimalSpawner.SpawnRandomWildAnimalAt (Verse.IntVec3 loc, System.Boolean canFlyIn, Verse.PawnKindDef animalKind) [0x00000] in <61e4173561894da49d210260257b5097>:0 
  at MonoMod.Utils.DynamicMethodDefinition.RimWorld.GenStep_Animals.Generate_Patch4 (RimWorld.GenStep_Animals , Verse.Map , Verse.GenStepParams ) [0x00000] in <e53399289d9b419d83f9f5b02c5cf609>:0 
  at MonoMod.Utils.DynamicMethodDefinition.Verse.MapGenerator.GenerateContentsIntoMap_Patch5 (System.Collections.Generic.IEnumerable`1[T] , Verse.Map , System.Int32 , System.Boolean ) [0x00000] in <e53399289d9b419d83f9f5b02c5cf609>:0 
  at MonoMod.Utils.DynamicMethodDefinition.Verse.MapGenerator.GenerateMap_Patch6 (Verse.IntVec3 , RimWorld.Planet.MapParent , Verse.MapGeneratorDef , System.Collections.Generic.IEnumerable`1[T] , System.Action`1[T] , System.Boolean , System.Boolean ) [0x00000] in <e53399289d9b419d83f9f5b02c5cf609>:0 
  at MonoMod.Utils.DynamicMethodDefinition.Verse.Game.InitNewGame_Patch3 (Verse.Game ) [0x00000] in <e53399289d9b419d83f9f5b02c5cf609>:0 
  at Verse.Root_Play+<>c.<Start>b__1_2 () [0x00000] in <61e4173561894da49d210260257b5097>:0 
  at Verse.LongEventHandler.RunEventFromAnotherThread (System.Action action) [0x00000] in <61e4173561894da49d210260257b5097>:0 
  at Verse.LongEventHandler+<>c.<UpdateCurrentAsynchronousEvent>b__28_0 () [0x00000] in <61e4173561894da49d210260257b5097>:0 
  at System.Threading.ThreadHelper.ThreadStart_Context (System.Object state) [0x00000] in <51fded79cd284d4d911c5949aff4cb21>:0 
  at System.Threading.ExecutionContext.RunInternal (System.Threading.ExecutionContext executionContext, System.Threading.ContextCallback callback, System.Object state, System.Boolean preserveSyncCtx) [0x00000] in <51fded79cd284d4d911c5949aff4cb21>:0 
  at System.Threading.ExecutionContext.Run (System.Threading.ExecutionContext executionContext, System.Threading.ContextCallback callback, System.Object state, System.Boolean preserveSyncCtx) [0x00000] in <51fded79cd284d4d911c5949aff4cb21>:0 
  at System.Threading.ExecutionContext.Run (System.Threading.ExecutionContext executionContext, System.Threading.ContextCallback callback, System.Object state) [0x00000] in <51fded79cd284d4d911c5949aff4cb21>:0 
  at System.Threading.ThreadHelper.ThreadStart () [0x00000] in <51fded79cd284d4d911c5949aff4cb21>:0 
[CA][Regional][Timing] region/room rebuild for 1236x1100 map 0 took 9920 ms; dirty 134077/1359600 (9.9 %); initialized=True
[CA][Regional][Jobs][SpawnPath] region rebuild entry TryRebuildDirtyRegionsAndRooms during regional generation of map 0; caller stack:
  at System.Environment.get_StackTrace () [0x00000] in <51fded79cd284d4d911c5949aff4cb21>:0 
  at ColonistAwareness.CARegionalSpawnPathPatches.TraceRebuild (System.String entryPoint) [0x00000] in <a15ea838ba614e8f97e1ff67398c7701>:0 
  at ColonistAwareness.CARegionalSpawnPathPatches.RebuildDirtyPrefix (System.Int64& __state) [0x00000] in <a15ea838ba614e8f97e1ff67398c7701>:0 
  at MonoMod.Utils.DynamicMethodDefinition.Verse.RegionAndRoomUpdater.TryRebuildDirtyRegionsAndRooms_Patch3 (Verse.RegionAndRoomUpdater ) [0x00000] in <e53399289d9b419d83f9f5b02c5cf609>:0 
  at Verse.RegionGrid.get_DirectGrid () [0x00000] in <61e4173561894da49d210260257b5097>:0 
  at Verse.Region.get_RandomCell () [0x00000] in <61e4173561894da49d210260257b5097>:0 
  at Verse.CellFinder.TryFindRandomCellInRegion (Verse.Region reg, System.Predicate`1[T] validator, Verse.IntVec3& result) [0x00000] in <61e4173561894da49d210260257b5097>:0 
  at Verse.CellFinder.TryFindRandomReachableNearbyCell (Verse.IntVec3 root, Verse.Map map, System.Single radius, Verse.TraverseParms traverseParms, System.Predicate`1[T] cellValidator, System.Predicate`1[T] regionValidator, Verse.IntVec3& result, System.Int32 maxRegions) [0x00000] in <61e4173561894da49d210260257b5097>:0 
  at Verse.CellFinder.TryRandomClosewalkCellNear (Verse.IntVec3 root, Verse.Map map, System.Int32 radius, Verse.IntVec3& result, System.Predicate`1[T] extraValidator) [0x00000] in <61e4173561894da49d210260257b5097>:0 
  at Verse.CellFinder.RandomClosewalkCellNear (Verse.IntVec3 root, Verse.Map map, System.Int32 radius, System.Predicate`1[T] extraValidator) [0x00000] in <61e4173561894da49d210260257b5097>:0 
  at RimWorld.WildAnimalSpawner.SpawnRandomWildAnimalAt (Verse.IntVec3 loc, System.Boolean canFlyIn, Verse.PawnKindDef animalKind) [0x00000] in <61e4173561894da49d210260257b5097>:0 
  at MonoMod.Utils.DynamicMethodDefinition.RimWorld.GenStep_Animals.Generate_Patch4 (RimWorld.GenStep_Animals , Verse.Map , Verse.GenStepParams ) [0x00000] in <e53399289d9b419d83f9f5b02c5cf609>:0 
  at MonoMod.Utils.DynamicMethodDefinition.Verse.MapGenerator.GenerateContentsIntoMap_Patch5 (System.Collections.Generic.IEnumerable`1[T] , Verse.Map , System.Int32 , System.Boolean ) [0x00000] in <e53399289d9b419d83f9f5b02c5cf609>:0 
  at MonoMod.Utils.DynamicMethodDefinition.Verse.MapGenerator.GenerateMap_Patch6 (Verse.IntVec3 , RimWorld.Planet.MapParent , Verse.MapGeneratorDef , System.Collections.Generic.IEnumerable`1[T] , System.Action`1[T] , System.Boolean , System.Boolean ) [0x00000] in <e53399289d9b419d83f9f5b02c5cf609>:0 
  at MonoMod.Utils.DynamicMethodDefinition.Verse.Game.InitNewGame_Patch3 (Verse.Game ) [0x00000] in <e53399289d9b419d83f9f5b02c5cf609>:0 
  at Verse.Root_Play+<>c.<Start>b__1_2 () [0x00000] in <61e4173561894da49d210260257b5097>:0 
  at Verse.LongEventHandler.RunEventFromAnotherThread (System.Action action) [0x00000] in <61e4173561894da49d210260257b5097>:0 
  at Verse.LongEventHandler+<>c.<UpdateCurrentAsynchronousEvent>b__28_0 () [0x00000] in <61e4173561894da49d210260257b5097>:0 
  at System.Threading.ThreadHelper.ThreadStart_Context (System.Object state) [0x00000] in <51fded79cd284d4d911c5949aff4cb21>:0 
  at System.Threading.ExecutionContext.RunInternal (System.Threading.ExecutionContext executionContext, System.Threading.ContextCallback callback, System.Object state, System.Boolean preserveSyncCtx) [0x00000] in <51fded79cd284d4d911c5949aff4cb21>:0 
  at System.Threading.ExecutionContext.Run (System.Threading.ExecutionContext executionContext, System.Threading.ContextCallback callback, System.Object state, System.Boolean preserveSyncCtx) [0x00000] in <51fded79cd284d4d911c5949aff4cb21>:0 
  at System.Threading.ExecutionContext.Run (System.Threading.ExecutionContext executionContext, System.Threading.ContextCallback callback, System.Object state) [0x00000] in <51fded79cd284d4d911c5949aff4cb21>:0 
  at System.Threading.ThreadHelper.ThreadStart () [0x00000] in <51fded79cd284d4d911c5949aff4cb21>:0 
[CA][Regional][Timing] animal colony-reachability mask reached 1186021 of 1359600 cells in 97 ms for 1236x1100 map 0; animal entry selection retains native edge sampling without rebuilding the global region graph
[CA][Regional] animal commonality receipt for map 0: 4096 calls, 3748 resolved to a non-root constituent, 24 of 256 sampled differed from the root-tile value; e.g. Seal at (1081, 0, 562) owned by tile 41047: root 0.0333 -> constituent 0
[CA][Regional][Timing][GenStep] RimWorld.GenStep_Animals [Animals] completed in 12175 ms for 1236x1100 map 0
[CA][Regional][Jobs][SpawnPath] RimWorld.GenStep_Animals [Animals] for map 0: spawn=1200/1083ms; wipe=1200/3ms; ownerTryAdd=1200/1ms; regionRebuildDirty=10292/9923ms; spawnedThings=322741
[CA][Regional][Timing][GenStep] starting RimWorld.GenStep_Fog [Fog] for 1236x1100 map 0
[CA][Regional][Timing][GenStep] RimWorld.GenStep_Fog [Fog] completed in 871 ms for 1236x1100 map 0
[CA][Regional] selected-area stockpiles: 1 carrier; tile 180 -> Medicine hatch at (1070, 0, 176), occupied rect (1067,173,1073,179), ownership verified, native visibility kept
[CA][Regional][Timing][IndexedRemoval] RimWorld.GenStep_MutatorFinal [MutatorFinal] completed with plantDespawns=4 ownerRemovals=4 listerRemovals=10 indexedLists=20 snapshotEntries=1042931 indexWork=87 ms restore=112 ms comparisonsBypassed=2081484 shiftsBypassed=2018845 canonicalOrder=False for 1236x1100 map 0
[CA][Regional][Jobs][SpawnPath] RimWorld.GenStep_MutatorFinal [MutatorFinal] for map 0: spawn=5/5ms; wipe=5/0ms; despawn=4/87ms; ownerTryAdd=5/0ms; ownerRemove=4/33ms; mapListerRemove=4/53ms; otherListerRemove=6/0ms; spawnedThings=322742
[CA][Regional][Timing][GenStep] starting RimWorld.GenStep_SpecialTrees [AnimaTrees] for 1236x1100 map 0
[CA][Regional][Jobs][SpawnPath] region rebuild entry TryRebuildDirtyRegionsAndRooms during regional generation of map 0; caller stack:
  at System.Environment.get_StackTrace () [0x00000] in <51fded79cd284d4d911c5949aff4cb21>:0 
  at ColonistAwareness.CARegionalSpawnPathPatches.TraceRebuild (System.String entryPoint) [0x00000] in <a15ea838ba614e8f97e1ff67398c7701>:0 
  at ColonistAwareness.CARegionalSpawnPathPatches.RebuildDirtyPrefix (System.Int64& __state) [0x00000] in <a15ea838ba614e8f97e1ff67398c7701>:0 
  at MonoMod.Utils.DynamicMethodDefinition.Verse.RegionAndRoomUpdater.TryRebuildDirtyRegionsAndRooms_Patch3 (Verse.RegionAndRoomUpdater ) [0x00000] in <e53399289d9b419d83f9f5b02c5cf609>:0 
  at MonoMod.Utils.DynamicMethodDefinition.Verse.RegionGrid.GetValidRegionAt_Patch1 (Verse.RegionGrid , Verse.IntVec3 ) [0x00000] in <e53399289d9b419d83f9f5b02c5cf609>:0 
  at Verse.RegionAndRoomQuery.RegionAt (Verse.IntVec3 c, Verse.Map map, Verse.RegionType allowedRegionTypes) [0x00000] in <61e4173561894da49d210260257b5097>:0 
  at Verse.RegionAndRoomQuery.DistrictAt (Verse.IntVec3 c, Verse.Map map, Verse.RegionType allowedRegionTypes) [0x00000] in <61e4173561894da49d210260257b5097>:0 
  at Verse.RegionAndRoomQuery.RoomAt (Verse.IntVec3 c, Verse.Map map, Verse.RegionType allowedRegionTypes) [0x00000] in <61e4173561894da49d210260257b5097>:0 
  at MonoMod.Utils.DynamicMethodDefinition.Verse.GridsUtility.GetRoom_Patch1 (Verse.IntVec3 , Verse.Map ) [0x00000] in <e53399289d9b419d83f9f5b02c5cf609>:0 
  at RimWorld.GenStep_SpecialTrees.CanSpawnAt (Verse.IntVec3 c, Verse.Map map, System.Int32 minProximityToArtificialStructures, System.Int32 minProximityToCenter, System.Single fertilityRequirement, System.Int32 minFertileUnroofedCells, System.Int32 maxFertileUnroofedCellRadius, System.Int32 minProximityToSameTree, System.Int32 maxProximityToSameTree, System.Int32 minDistFromMapEdge) [0x00000] in <61e4173561894da49d210260257b5097>:0 
  at RimWorld.GenStep_SpecialTrees+<>c__DisplayClass10_0.<Generate>b__0 (Verse.IntVec3 x) [0x00000] in <61e4173561894da49d210260257b5097>:0 
  at Verse.CellFinderLoose.TryFindRandomNotEdgeCellWith (System.Int32 minEdgeDistance, System.Predicate`1[T] validator, Verse.Map map, Verse.IntVec3& result) [0x00000] in <61e4173561894da49d210260257b5097>:0 
  at MonoMod.Utils.DynamicMethodDefinition.RimWorld.GenStep_SpecialTrees.Generate_Patch1 (RimWorld.GenStep_SpecialTrees , Verse.Map , Verse.GenStepParams ) [0x00000] in <e53399289d9b419d83f9f5b02c5cf609>:0 
  at MonoMod.Utils.DynamicMethodDefinition.Verse.MapGenerator.GenerateContentsIntoMap_Patch5 (System.Collections.Generic.IEnumerable`1[T] , Verse.Map , System.Int32 , System.Boolean ) [0x00000] in <e53399289d9b419d83f9f5b02c5cf609>:0 
  at MonoMod.Utils.DynamicMethodDefinition.Verse.MapGenerator.GenerateMap_Patch6 (Verse.IntVec3 , RimWorld.Planet.MapParent , Verse.MapGeneratorDef , System.Collections.Generic.IEnumerable`1[T] , System.Action`1[T] , System.Boolean , System.Boolean ) [0x00000] in <e53399289d9b419d83f9f5b02c5cf609>:0 
  at MonoMod.Utils.DynamicMethodDefinition.Verse.Game.InitNewGame_Patch3 (Verse.Game ) [0x00000] in <e53399289d9b419d83f9f5b02c5cf609>:0 
  at Verse.Root_Play+<>c.<Start>b__1_2 () [0x00000] in <61e4173561894da49d210260257b5097>:0 
  at Verse.LongEventHandler.RunEventFromAnotherThread (System.Action action) [0x00000] in <61e4173561894da49d210260257b5097>:0 
  at Verse.LongEventHandler+<>c.<UpdateCurrentAsynchronousEvent>b__28_0 () [0x00000] in <61e4173561894da49d210260257b5097>:0 
  at System.Threading.ThreadHelper.ThreadStart_Context (System.Object state) [0x00000] in <51fded79cd284d4d911c5949aff4cb21>:0 
  at System.Threading.ExecutionContext.RunInternal (System.Threading.ExecutionContext executionContext, System.Threading.ContextCallback callback, System.Object state, System.Boolean preserveSyncCtx) [0x00000] in <51fded79cd284d4d911c5949aff4cb21>:0 
  at System.Threading.ExecutionContext.Run (System.Threading.ExecutionContext executionContext, System.Threading.ContextCallback callback, System.Object state, System.Boolean preserveSyncCtx) [0x00000] in <51fded79cd284d4d911c5949aff4cb21>:0 
  at System.Threading.ExecutionContext.Run (System.Threading.ExecutionContext executionContext, System.Threading.ContextCallback callback, System.Object state) [0x00000] in <51fded79cd284d4d911c5949aff4cb21>:0 
  at System.Threading.ThreadHelper.ThreadStart () [0x00000] in <51fded79cd284d4d911c5949aff4cb21>:0 
[CA][Regional][Jobs][SpawnPath] region rebuild entry TryRebuildDirtyRegionsAndRooms during regional generation of map 0; caller stack:
  at System.Environment.get_StackTrace () [0x00000] in <51fded79cd284d4d911c5949aff4cb21>:0 
  at ColonistAwareness.CARegionalSpawnPathPatches.TraceRebuild (System.String entryPoint) [0x00000] in <a15ea838ba614e8f97e1ff67398c7701>:0 
  at ColonistAwareness.CARegionalSpawnPathPatches.RebuildDirtyPrefix (System.Int64& __state) [0x00000] in <a15ea838ba614e8f97e1ff67398c7701>:0 
  at MonoMod.Utils.DynamicMethodDefinition.Verse.RegionAndRoomUpdater.TryRebuildDirtyRegionsAndRooms_Patch3 (Verse.RegionAndRoomUpdater ) [0x00000] in <e53399289d9b419d83f9f5b02c5cf609>:0 
  at MonoMod.Utils.DynamicMethodDefinition.Verse.RegionGrid.GetValidRegionAt_Patch1 (Verse.RegionGrid , Verse.IntVec3 ) [0x00000] in <e53399289d9b419d83f9f5b02c5cf609>:0 
  at Verse.RegionAndRoomQuery.DistirctAtFast (Verse.IntVec3 c, Verse.Map map, Verse.RegionType allowedRegionTypes) [0x00000] in <61e4173561894da49d210260257b5097>:0 
  at MonoMod.Utils.DynamicMethodDefinition.Verse.Reachability.CanReach_Patch1 (Verse.Reachability , Verse.IntVec3 , Verse.LocalTargetInfo , Verse.AI.PathEndMode , Verse.TraverseParms ) [0x00000] in <e53399289d9b419d83f9f5b02c5cf609>:0 
  at Verse.Reachability.CanReachFactionBase (Verse.IntVec3 c, RimWorld.Faction factionBaseFaction) [0x00000] in <61e4173561894da49d210260257b5097>:0 
  at RimWorld.GenStep_SpecialTrees.CanSpawnAt (Verse.IntVec3 c, Verse.Map map, System.Int32 minProximityToArtificialStructures, System.Int32 minProximityToCenter, System.Single fertilityRequirement, System.Int32 minFertileUnroofedCells, System.Int32 maxFertileUnroofedCellRadius, System.Int32 minProximityToSameTree, System.Int32 maxProximityToSameTree, System.Int32 minDistFromMapEdge) [0x00000] in <61e4173561894da49d210260257b5097>:0 
  at RimWorld.GenStep_SpecialTrees+<>c__DisplayClass10_0.<Generate>b__0 (Verse.IntVec3 x) [0x00000] in <61e4173561894da49d210260257b5097>:0 
  at Verse.CellFinderLoose.TryFindRandomNotEdgeCellWith (System.Int32 minEdgeDistance, System.Predicate`1[T] validator, Verse.Map map, Verse.IntVec3& result) [0x00000] in <61e4173561894da49d210260257b5097>:0 
  at MonoMod.Utils.DynamicMethodDefinition.RimWorld.GenStep_SpecialTrees.Generate_Patch1 (RimWorld.GenStep_SpecialTrees , Verse.Map , Verse.GenStepParams ) [0x00000] in <e53399289d9b419d83f9f5b02c5cf609>:0 
  at MonoMod.Utils.DynamicMethodDefinition.Verse.MapGenerator.GenerateContentsIntoMap_Patch5 (System.Collections.Generic.IEnumerable`1[T] , Verse.Map , System.Int32 , System.Boolean ) [0x00000] in <e53399289d9b419d83f9f5b02c5cf609>:0 
  at MonoMod.Utils.DynamicMethodDefinition.Verse.MapGenerator.GenerateMap_Patch6 (Verse.IntVec3 , RimWorld.Planet.MapParent , Verse.MapGeneratorDef , System.Collections.Generic.IEnumerable`1[T] , System.Action`1[T] , System.Boolean , System.Boolean ) [0x00000] in <e53399289d9b419d83f9f5b02c5cf609>:0 
  at MonoMod.Utils.DynamicMethodDefinition.Verse.Game.InitNewGame_Patch3 (Verse.Game ) [0x00000] in <e53399289d9b419d83f9f5b02c5cf609>:0 
  at Verse.Root_Play+<>c.<Start>b__1_2 () [0x00000] in <61e4173561894da49d210260257b5097>:0 
  at Verse.LongEventHandler.RunEventFromAnotherThread (System.Action action) [0x00000] in <61e4173561894da49d210260257b5097>:0 
  at Verse.LongEventHandler+<>c.<UpdateCurrentAsynchronousEvent>b__28_0 () [0x00000] in <61e4173561894da49d210260257b5097>:0 
  at System.Threading.ThreadHelper.ThreadStart_Context (System.Object state) [0x00000] in <51fded79cd284d4d911c5949aff4cb21>:0 
  at System.Threading.ExecutionContext.RunInternal (System.Threading.ExecutionContext executionContext, System.Threading.ContextCallback callback, System.Object state, System.Boolean preserveSyncCtx) [0x00000] in <51fded79cd284d4d911c5949aff4cb21>:0 
  at System.Threading.ExecutionContext.Run (System.Threading.ExecutionContext executionContext, System.Threading.ContextCallback callback, System.Object state, System.Boolean preserveSyncCtx) [0x00000] in <51fded79cd284d4d911c5949aff4cb21>:0 
  at System.Threading.ExecutionContext.Run (System.Threading.ExecutionContext executionContext, System.Threading.ContextCallback callback, System.Object state) [0x00000] in <51fded79cd284d4d911c5949aff4cb21>:0 
  at System.Threading.ThreadHelper.ThreadStart () [0x00000] in <51fded79cd284d4d911c5949aff4cb21>:0 
[CA][Regional][Timing][GenStep] RimWorld.GenStep_SpecialTrees [AnimaTrees] completed in 36 ms for 1236x1100 map 0
[CA][Regional][Timing][GenStep] starting Verse.GenStep_Scatterer [AncientExostriderRemains] for 1236x1100 map 0
[CA][Regional][Timing][GenStep] Verse.GenStep_Scatterer [AncientExostriderRemains] completed in 38 ms for 1236x1100 map 0
[CA][Regional][Timing] ordered map gensteps for 1236x1100 map 0 took 126209 ms
[CA][Regional][Timing][RegionRegistration] added 365287 initial things across 309379 touched regions while bypassing 8014632 redundant linear membership comparisons and extending the native spawned-thing capacity 0 times for 1236x1100 map 0
[CA][Regional][Jobs][MapListerIndex] scope completed for map 0: trackedLists=6 activeEntries=766760 served=6667 appended=3957 sampledAudits=26 auditMismatches=0 nativeFallbacks=177 build=33 ms finalAudit=27 ms exact=True
[CA][Regional][Jobs][SpawnPath] scope closed for map 0: spawnedThings 0 -> 322798; index served=3366 sampledAudits=13 auditMismatches=0 unavailableLookups=0; final full audit exact over 322798 entries
[CA][Regional][Jobs][SpawnPath] generation totals for map 0: spawn=365290/17852ms; wipe=365286/2001ms; despawn=42492/1944ms; ownerTryAdd=366792/226ms; ownerRemove=42493/293ms; mapListerRemove=42492/1075ms; otherListerRemove=29507/333ms; filth=116147/6358ms; regionRebuildAll=2/1304ms; regionRebuildDirty=58522/12906ms; plantCheck=159848/31421ms; plantSaturated=149562/8ms; plantCanGrow=135190/16568ms; plantClusters=113592/7ms; plantSuccession=1484040/62ms; plantDistribution=681462/39ms; scatterCalc=419/14ms; scatterFind=3/30ms
[CA][Regional][Jobs][NoiseGrids] Multiply#1 closed: requests=1359600, gridServes=1189651, nativeWarmup=169949, nativeFallback=0, buildMs=416, auditMs=0, state=grid
[CA][Regional][Jobs][NoiseGrids] ScaleBias#2 closed: requests=1359600, gridServes=1189651, nativeWarmup=169949, nativeFallback=0, buildMs=123, auditMs=0, state=grid
[CA][Regional][Jobs][NoiseGrids] Perlin#3 closed: requests=123104, gridServes=0, nativeWarmup=123104, nativeFallback=0, buildMs=0, auditMs=0, state=sparse-native
[CA][Regional][Jobs][NoiseGrids] Perlin#4 closed: requests=174487, gridServes=4538, nativeWarmup=169949, nativeFallback=0, buildMs=126, auditMs=0, state=grid
[CA][Regional][Jobs][NoiseGrids] Perlin#5 closed: requests=174889, gridServes=4940, nativeWarmup=169949, nativeFallback=0, buildMs=124, auditMs=0, state=grid
[CA][Regional][Jobs][NoiseGrids] Perlin#6 closed: requests=173674, gridServes=3725, nativeWarmup=169949, nativeFallback=0, buildMs=126, auditMs=0, state=grid
[CA][Regional][Jobs][NoiseGrids] Perlin#7 closed: requests=203919, gridServes=33970, nativeWarmup=169949, nativeFallback=0, buildMs=131, auditMs=0, state=grid
[CA][Regional][Jobs][NoiseGrids] Perlin#8 closed: requests=1231975, gridServes=1062026, nativeWarmup=169949, nativeFallback=0, buildMs=124, auditMs=0, state=grid
[CA][Regional][Jobs][NoiseGrids] Perlin#9 closed: requests=1167490, gridServes=997541, nativeWarmup=169949, nativeFallback=0, buildMs=134, auditMs=0, state=grid
[CA][Regional][Jobs][NoiseGrids] scope closed for map 0: 8 grids built (41 MB, 1304 ms parallel build, 0 ms audits, sequentialAudit=off), 1 sparse-native, 0 degraded, 0 refused by caps, 0 unsafe graphs kept native, 4486042 values served, 1482696 native warm-up evaluations, 0 native fallback evaluations, routerNativeOnly=False
[CA][Regional][Timing] perceived path-cost rebuild for 1236x1100 map 0 took 1377 ms
[CA][Regional][Timing] reused clean initialized region graph during finalization for 1236x1100 map 0
[CA][Regional] map-loaded receipt CA-RS-CA-RG-0CDD6B7A-0 Black Township: population 14/14, buildings 416, infrastructure 161, cultivated plants 0
[CA][Regional] map-loaded receipt CA-RS-CA-RG-0CDD6B7A-1 Shanker's Canyon: population 10/12, buildings 309, infrastructure 99, cultivated plants 0
[CA][Regional] map-loaded receipt CA-RS-CA-RG-0CDD6B7A-2 Pirate's Cliff: population 11/12, buildings 346, infrastructure 119, cultivated plants 0
[CA][Regional] map-loaded receipt CA-RS-CA-RG-0CDD6B7A-3 Frog Village: population 14/14, buildings 325, infrastructure 140, cultivated plants 0
[CA][Regional][Timing] refreshed native recent-memory state for 3 deferred starting pawns after the canonical room graph was finalized in 0 ms
[CA][Regional][Timing] map finalization for 1236x1100 map 0 took 4246 ms
[CA][Regional] map-generated receipt CA-RS-CA-RG-0CDD6B7A-0 Black Township: population 14/14, buildings 416, infrastructure 161, cultivated plants 0
[CA][Regional] map-generated receipt CA-RS-CA-RG-0CDD6B7A-1 Shanker's Canyon: population 10/12, buildings 309, infrastructure 99, cultivated plants 0
[CA][Regional] map-generated receipt CA-RS-CA-RG-0CDD6B7A-2 Pirate's Cliff: population 11/12, buildings 346, infrastructure 119, cultivated plants 0
[CA][Regional] map-generated receipt CA-RS-CA-RG-0CDD6B7A-3 Frog Village: population 14/14, buildings 325, infrastructure 140, cultivated plants 0
[CA][Regional][Mountain] fixture receipt - region CA-RG-0CDD6B7A, candidate 37ce577fecc4, anchor 180, landing 180
  map 1236x1100 = 1359600 cells; 42 constituents
  NO Mountain carriers on this footprint. The Mountain adapter contributes nothing here, so any rock present comes from base elevation - the per-cell hilliness factor - and not from this path (see F-131).
  hill-factor blend (F-131, separate and NOT fixed here): 557003 cells read a hilliness factor above their OWN constituent's, worst excess 0.154 on a 0.80-1.10 scale
[CA][Regional][Invariant] landing-swap receipt (map generated)
  PRECONDITION candidate 37ce577fecc4  <- two receipts are COMPARABLE ONLY if this matches. A candidate id is a fresh Guid per created candidate and it seeds every feature instance, so two separately built candidates over the same footprint differ legitimately. Move the landing pin on the SAME pending candidate; do not rebuild or reroll it.
  region CA-RG-0CDD6B7A; footprint anchor 180; landing 180; members [180,41048,41047,14405,73139,14406]
  map 0 1236x1100; parented tile 180; engine root answering intercepted reads 180
  INVARIANT DIGEST A9C38A79C8DCCB97  <- this value must be IDENTICAL across two landings of the same candidate
    [=] footprint+anchor      BE34343C679B81AE  identity, members, backing size, resolved engine root
    [=] terrain               DF120F9EFD07E6C6  surface + under terrain, all cells
    [=] roof                  D4880E291137CDD7  roof grid, all cells
    [=] fertility             06054F73BB3514BE  fertility grid, all cells
    [=] features+landmarks    58B40EEE8B90ABDC  map mutators/biome plus every constituent's mutators and landmark
    [=] stone palette         BCF12196256AAF08  12 natural rock def(s): Granitex13903, Limestonex10725, Marblex17342, MineableComponentsIndustrialx1034, MineableGoldx85, MineableJadex77, MineablePlasteelx58, MineableSilverx233, MineableSteelx8918, MineableUraniumx233, Sandstonex19692, Slatex11950
    [=] stone layout          7D3AFB2A4D474B1A  every natural rock, def and position
    [=] stone floors          5E070D9DAEE6F0A9  stone-category terrain cells
    [=] plants                E90AC1448BDF47D9  109193 plant(s), def, position and growth
    [=] placed things         E492D6089E185ABF  every non-pawn non-rock thing, def, position and stack
    [=] pollution             CBF29CE484222325  0 polluted cell(s)
    [=] snow                  21E5216F3E75D8E5  snow depth, all cells
    [=] history               9988706F9FE93739  factions, relations, and settlements
    [=] settlement identity   12F08298DE9A9233  4 record(s)
    [=] settlement layout     96B06E677B733025  terrain and structures inside every settlement rect
    [=] settlement residents  870F723B009B5E51  typed residents and their independent faction affiliations
    [~] entry state           47A4C2AF60169DC8  landing tile and colonist start positions - this line is EXPECTED to differ
  [=] must not differ between landings; [~] may.
  NOT COVERED by this receipt, stated rather than implied: content this install does not load (this session loads 87 TileMutatorDefs; active expansions [Royalty, Ideology, Biotech, Odyssey]), anything a mod places after generation, and the runtime colony clock - GenLocalDate's hour-of-day family still reads the parented tile by design.
[CA][Regional][Timing] complete map generation 1236x1100 map 0 took 136106 ms; regional projection classification 2765 ms; smoothing/cache 157 ms; water depth 69 ms; littoral 33 ms; diagnostics 104 ms; total 3128 ms
[CA] No technological-knowledge mapping exists for research RG_MushroomCultivation.
[CA] No technological-knowledge mapping exists for research Ferny_NeolithicEducation.
[CA][tick=0] operational access allowed steel under player colony policy
[CA][tick=0] operational access allowed steel under player colony policy
[CA][tick=0] operational access allowed steel under player colony policy
[CA][tick=0] operational access allowed steel under player colony policy
[CA][tick=0] operational access allowed steel under player colony policy
[CA][tick=0] operational access allowed steel under player colony policy
[CA][tick=0] operational access allowed steel under player colony policy
[CA][tick=0] operational access allowed steel under player colony policy
[CA][tick=0] operational access allowed steel under player colony policy
[CA][tick=0] operational access allowed wood under player colony policy
[CA][tick=0] operational access allowed wood under player colony policy
[CA][tick=0] operational access allowed wood under player colony policy
[CA][tick=0] operational access allowed wood under player colony policy
[CA][tick=0] operational access allowed wood under player colony policy
[CA][tick=0] operational access allowed wood under player colony policy
[CA][tick=0] operational access allowed steel under player colony policy
[CA][tick=0] operational access allowed steel under player colony policy
[CA][tick=0] operational access allowed steel under player colony policy
[CA][tick=0] operational access allowed steel under player colony policy
[CA][tick=0] operational access allowed steel under player colony policy
[CA][tick=0] operational access allowed steel under player colony policy
[CA][tick=0] operational access allowed steel under player colony policy
[CA][tick=0] operational access allowed steel under player colony policy
[CA][tick=0] operational access allowed steel under player colony policy
[CA][tick=0] operational access allowed steel under player colony policy
[CA][tick=0] operational access allowed steel under player colony policy
[CA][tick=0] operational access allowed steel under player colony policy
[CA][tick=0] operational access allowed steel under player colony policy
[CA][tick=0] operational access allowed steel under player colony policy
[CA][tick=0] operational access allowed packaged survival meal under player colony policy
[CA][tick=0] operational access allowed packaged survival meal under player colony policy
[CA][tick=0] operational access allowed packaged survival meal under player colony policy
[CA][tick=0] operational access allowed packaged survival meal under player colony policy
[CA][tick=0] operational access allowed packaged survival meal under player colony policy
[CA][tick=0] operational access allowed packaged survival meal under player colony policy
[CA][tick=0] operational access allowed packaged survival meal under player colony policy
[CA] arrival signature: 'Crashlanded' - LOUD; the region saw the sky burn
[CA][Founding] preset 'shared-survival+faction' applied to scenario 'Crashlanded': One chosen founder leads. Work is voluntary. All 3 founders take part in decisions. Starting supplies are shared and rationed. These terms last 30 days. | relation ledger now holds 52 records.
[CA][MapSize] transpiler: redirected 2 MapSizes/TestMapSizes field-read(s) in the size loop to CA's source-scale catalog; the drawn list no longer trusts the mutable field
Unloading 0 Unused Serialized files (Serialized files now loaded: 7)
[CA][Regional][Timing][TerrainScatter] built 26468 deterministic minimum-spaced points for 1236x1100 map 0 in 9 ms instead of vanilla's quadratic whole-map pass
[CA][Regional][Timing] map drawer global layers took 6 ms; warmed 28 and retained 0 ready sections out of 4745 using separate landing and saved-camera bounds in 171 ms; total 177 ms; remaining section meshes will materialize when viewed
Unloading 1 unused Assets to reduce memory usage. Loaded Objects now: 32499.
Total: 807.131000 ms (FindLiveObjects: 1.027800 ms CreateObjectMapping: 0.668700 ms MarkObjects: 805.363500 ms  DeleteObjects: 0.070700 ms)

[CA][Regional][Timing] map drawer global layers took 0 ms; warmed 32 and retained 16 ready sections out of 4745 using separate landing and saved-camera bounds in 104 ms; total 104 ms; remaining section meshes will materialize when viewed
Random state stack is not empty. There were more calls to PushState than PopState. Fixing.
[CA][Regional][Timing] region/room rebuild for 1236x1100 map 0 took 52 ms; dirty 95/1359600 (0.0 %); initialized=True
[CA] frontier autonomous siting chose (498, 0, 540): valid ground True; unmet requirements 0; terrain fit 121; functional adjacency 441; throughput 4; circulation 225; expansion 456; environmental buffer 0; defensive separation 0; visual order 40; material cost 0; stable order 21
[CA] frontier autonomous habitat closed outdoor cultivation at (498, 0, 540): 3 beds, 60 food units, 81 roofed cells; requirements 37
[CA][Regional][FreezeScan] map 0: freeze/thaw steady visits screened to relevant cells; 21466 freezable and 0 ThinIce cells of 1359600 at build; terrain writes keep the screen exact; env CA_REGIONAL_FREEZESCAN=0 disables at load
[CA][tick=1][map=0][actor=Human97593@(633,424)][contact=(639,894)] Kana: SPOTS an unresolved hostile silhouette [hostile-id 98755, copied-cell (639, 0, 894), source-tick 1, acquired-tick 1, evidence Visual, source-id 98755, confidence 0.19, uncertainty 8.39, delivery None, reporter-id 97593, state Active]
[CA][tick=1][map=0][actor=Human97593@(633,424)][contact=(639,894)][anchor=(633,424)] Kana: battlefield perception ACQUIRED an unresolved hostile silhouette - distance 470.0 / map diagonal 1654.6, clear horizon 988.8, effective range 918.4, confidence 0.19, uncertainty 8.4 cells, soft occlusion 0.78 [plants 50, trees 0, partial cover 19, smoke 0], target glow 1.00, Sight 1.00 (range factor 0.92), medium/long acuity 1.00/1.00 -> distance factor 1.00, dark adaptation 0.00 -> light factor 1.00, weather factor 1.00, skill factor 1.01 [Shooting 13, Intellectual 1], limiting factor flora/cover/smoke 0.46, identified False, sources none
[CA][tick=1][map=0][actor=Human97593@(633,424)][contact=(639,903)] Kana: SPOTS an unresolved hostile silhouette [hostile-id 98699, copied-cell (639, 0, 903), source-tick 1, acquired-tick 1, evidence Visual, source-id 98699, confidence 0.25, uncertainty 7.86, delivery None, reporter-id 97593, state Active]
[CA][tick=1][map=0][actor=Human97593@(633,424)][contact=(639,903)][anchor=(633,424)] Kana: battlefield perception ACQUIRED an unresolved hostile silhouette - distance 479.0 / map diagonal 1654.6, clear horizon 988.8, effective range 918.4, confidence 0.25, uncertainty 7.9 cells, soft occlusion 0.75 [plants 49, trees 0, partial cover 18, smoke 0], target glow 1.00, Sight 1.00 (range factor 0.92), medium/long acuity 1.00/1.00 -> distance factor 1.00, dark adaptation 0.00 -> light factor 1.00, weather factor 1.00, skill factor 1.01 [Shooting 13, Intellectual 1], limiting factor flora/cover/smoke 0.47, identified False, sources none
[CA][tick=1][map=0][actor=Human97582@(633,386)][contact=(639,903)] Mash: SPOTS an unresolved hostile silhouette [hostile-id 98699, copied-cell (639, 0, 903), source-tick 1, acquired-tick 1, evidence Visual, source-id 98699, confidence 0.20, uncertainty 8.57, delivery None, reporter-id 97582, state Active]
[CA][tick=1][map=0][actor=Human97582@(633,386)][contact=(639,903)][anchor=(633,386)] Mash: battlefield perception ACQUIRED an unresolved hostile silhouette - distance 517.0 / map diagonal 1654.6, clear horizon 988.8, effective range 948.6, confidence 0.20, uncertainty 8.6 cells, soft occlusion 0.88 [plants 53, trees 0, partial cover 22, smoke 0], target glow 1.00, Sight 1.00 (range factor 0.92), medium/long acuity 1.00/1.00 -> distance factor 1.00, dark adaptation 0.00 -> light factor 1.00, weather factor 1.00, skill factor 1.04 [Shooting 14, Intellectual 11], limiting factor flora/cover/smoke 0.41, identified False, sources none
[CA][tick=1][map=0][actor=Human98008@(551,481)][contact=(640,875)] Pentanet: SPOTS an unresolved hostile silhouette [hostile-id 98778, copied-cell (640, 0, 875), source-tick 1, acquired-tick 1, evidence Visual, source-id 98778, confidence 0.34, uncertainty 6.55, delivery None, reporter-id 98008, state Active]
[CA][tick=1][map=0][actor=Human98008@(551,481)][contact=(640,875)][anchor=(551,481)] Pentanet: battlefield perception ACQUIRED an unresolved hostile silhouette - distance 403.9 / map diagonal 1654.6, clear horizon 988.8, effective range 677.9, confidence 0.34, uncertainty 6.6 cells, soft occlusion 0.51 [plants 55, trees 0, partial cover 7, smoke 0], target glow 1.00, Sight 1.00 (range factor 0.92), medium/long acuity 0.50/0.25 -> distance factor 0.77, dark adaptation 1.00 -> light factor 1.00, weather factor 1.00, skill factor 0.97 [Shooting 2, Intellectual 6], limiting factor flora/cover/smoke 0.60, identified False, sources gene dark vision, gene nearsighted
[CA][tick=1][map=0][actor=Human98008@(551,481)][contact=(639,894)] Pentanet: SPOTS an unresolved hostile silhouette [hostile-id 98755, copied-cell (639, 0, 894), source-tick 1, acquired-tick 1, evidence Visual, source-id 98755, confidence 0.20, uncertainty 8.22, delivery None, reporter-id 98008, state Active]
[CA][tick=1][map=0][actor=Human98008@(551,481)][contact=(639,894)][anchor=(551,481)] Pentanet: battlefield perception ACQUIRED an unresolved hostile silhouette - distance 422.3 / map diagonal 1654.6, clear horizon 988.8, effective range 677.9, confidence 0.20, uncertainty 8.2 cells, soft occlusion 0.72 [plants 58, trees 0, partial cover 13, smoke 0], target glow 1.00, Sight 1.00 (range factor 0.92), medium/long acuity 0.50/0.25 -> distance factor 0.77, dark adaptation 1.00 -> light factor 1.00, weather factor 1.00, skill factor 0.97 [Shooting 2, Intellectual 6], limiting factor flora/cover/smoke 0.49, identified False, sources gene dark vision, gene nearsighted
[CA][tick=1][map=0][actor=Human98008@(551,481)][contact=(636,863)] Pentanet: SPOTS an unresolved hostile silhouette [hostile-id 98747, copied-cell (636, 0, 863), source-tick 1, acquired-tick 1, evidence Visual, source-id 98747, confidence 0.34, uncertainty 6.57, delivery None, reporter-id 98008, state Active]
[CA][tick=1][map=0][actor=Human98008@(551,481)][contact=(636,863)][anchor=(551,481)] Pentanet: battlefield perception ACQUIRED an unresolved hostile silhouette - distance 391.3 / map diagonal 1654.6, clear horizon 988.8, effective range 677.9, confidence 0.34, uncertainty 6.6 cells, soft occlusion 0.52 [plants 57, trees 0, partial cover 7, smoke 0], target glow 1.00, Sight 1.00 (range factor 0.92), medium/long acuity 0.50/0.25 -> distance factor 0.77, dark adaptation 1.00 -> light factor 1.00, weather factor 1.00, skill factor 0.97 [Shooting 2, Intellectual 6], limiting factor flora/cover/smoke 0.59, identified False, sources gene dark vision, gene nearsighted
[CA][tick=1][map=0][actor=Human98008@(551,481)][contact=(639,903)] Pentanet: SPOTS an unresolved hostile silhouette [hostile-id 98699, copied-cell (639, 0, 903), source-tick 1, acquired-tick 1, evidence Visual, source-id 98699, confidence 0.24, uncertainty 7.92, delivery None, reporter-id 98008, state Active]
[CA][tick=1][map=0][actor=Human98008@(551,481)][contact=(639,903)][anchor=(551,481)] Pentanet: battlefield perception ACQUIRED an unresolved hostile silhouette - distance 431.1 / map diagonal 1654.6, clear horizon 988.8, effective range 677.9, confidence 0.24, uncertainty 7.9 cells, soft occlusion 0.73 [plants 67, trees 0, partial cover 12, smoke 0], target glow 1.00, Sight 1.00 (range factor 0.92), medium/long acuity 0.50/0.25 -> distance factor 0.77, dark adaptation 1.00 -> light factor 1.00, weather factor 1.00, skill factor 0.97 [Shooting 2, Intellectual 6], limiting factor flora/cover/smoke 0.48, identified False, sources gene dark vision, gene nearsighted
[CA][tick=1][map=0][actor=Human97977@(568,480)][contact=(620,881)] Parsons: SPOTS an unresolved hostile silhouette [hostile-id 98770, copied-cell (620, 0, 881), source-tick 1, acquired-tick 1, evidence Visual, source-id 98770, confidence 0.33, uncertainty 6.99, delivery None, reporter-id 97977, state Active]
[CA][tick=1][map=0][actor=Human97977@(568,480)][contact=(620,881)][anchor=(568,480)] Parsons: battlefield perception ACQUIRED an unresolved hostile silhouette - distance 404.4 / map diagonal 1654.6, clear horizon 988.8, effective range 914.4, confidence 0.33, uncertainty 7.0 cells, soft occlusion 0.65 [plants 49, trees 0, partial cover 14, smoke 0], target glow 1.00, Sight 1.00 (range factor 0.92), medium/long acuity 1.00/1.00 -> distance factor 1.00, dark adaptation 0.00 -> light factor 1.00, weather factor 1.00, skill factor 1.01 [Shooting 10, Intellectual 5], limiting factor flora/cover/smoke 0.52, identified False, sources none
[CA][tick=1][map=0][actor=Human97977@(568,480)][contact=(613,870)] Parsons: SPOTS an unresolved hostile silhouette [hostile-id 98762, copied-cell (613, 0, 870), source-tick 1, acquired-tick 1, evidence Visual, source-id 98762, confidence 0.39, uncertainty 6.18, delivery None, reporter-id 97977, state Active]
[CA][tick=1][map=0][actor=Human97977@(568,480)][contact=(613,870)][anchor=(568,480)] Parsons: battlefield perception ACQUIRED an unresolved hostile silhouette - distance 392.6 / map diagonal 1654.6, clear horizon 988.8, effective range 914.4, confidence 0.39, uncertainty 6.2 cells, soft occlusion 0.51 [plants 50, trees 0, partial cover 8, smoke 0], target glow 1.00, Sight 1.00 (range factor 0.92), medium/long acuity 1.00/1.00 -> distance factor 1.00, dark adaptation 0.00 -> light factor 1.00, weather factor 1.00, skill factor 1.01 [Shooting 10, Intellectual 5], limiting factor flora/cover/smoke 0.60, identified False, sources none
[CA][tick=1][map=0][actor=Human97977@(568,480)][contact=(639,894)] Parsons: SPOTS an unresolved hostile silhouette [hostile-id 98755, copied-cell (639, 0, 894), source-tick 1, acquired-tick 1, evidence Visual, source-id 98755, confidence 0.30, uncertainty 6.94, delivery None, reporter-id 97977, state Active]
[CA][tick=1][map=0][actor=Human97977@(568,480)][contact=(639,894)][anchor=(568,480)] Parsons: battlefield perception ACQUIRED an unresolved hostile silhouette - distance 420.0 / map diagonal 1654.6, clear horizon 988.8, effective range 914.4, confidence 0.30, uncertainty 6.9 cells, soft occlusion 0.52 [plants 52, trees 0, partial cover 8, smoke 0], target glow 1.00, Sight 1.00 (range factor 0.92), medium/long acuity 1.00/1.00 -> distance factor 1.00, dark adaptation 0.00 -> light factor 1.00, weather factor 1.00, skill factor 1.01 [Shooting 10, Intellectual 5], limiting factor flora/cover/smoke 0.59, identified False, sources none
[CA][tick=1][map=0][actor=Human97977@(568,480)][contact=(627,860)] Parsons: SPOTS an unresolved hostile silhouette [hostile-id 98713, copied-cell (627, 0, 860), source-tick 1, acquired-tick 1, evidence Visual, source-id 98713, confidence 0.24, uncertainty 8.07, delivery None, reporter-id 97977, state Active]
[CA][tick=1][map=0][actor=Human97977@(568,480)][contact=(627,860)][anchor=(568,480)] Parsons: battlefield perception ACQUIRED an unresolved hostile silhouette - distance 384.6 / map diagonal 1654.6, clear horizon 988.8, effective range 914.4, confidence 0.24, uncertainty 8.1 cells, soft occlusion 0.81 [plants 38, trees 0, partial cover 21, smoke 0], target glow 1.00, Sight 1.00 (range factor 0.92), medium/long acuity 1.00/1.00 -> distance factor 1.00, dark adaptation 0.00 -> light factor 1.00, weather factor 1.00, skill factor 1.01 [Shooting 10, Intellectual 5], limiting factor flora/cover/smoke 0.44, identified False, sources none
[CA][tick=1][map=0][actor=Human97977@(568,480)][contact=(639,903)] Parsons: SPOTS an unresolved hostile silhouette [hostile-id 98699, copied-cell (639, 0, 903), source-tick 1, acquired-tick 1, evidence Visual, source-id 98699, confidence 0.31, uncertainty 7.10, delivery None, reporter-id 97977, state Active]
[CA][tick=1][map=0][actor=Human97977@(568,480)][contact=(639,903)][anchor=(568,480)] Parsons: battlefield perception ACQUIRED an unresolved hostile silhouette - distance 428.9 / map diagonal 1654.6, clear horizon 988.8, effective range 914.4, confidence 0.31, uncertainty 7.1 cells, soft occlusion 0.63 [plants 49, trees 0, partial cover 13, smoke 0], target glow 1.00, Sight 1.00 (range factor 0.92), medium/long acuity 1.00/1.00 -> distance factor 1.00, dark adaptation 0.00 -> light factor 1.00, weather factor 1.00, skill factor 1.01 [Shooting 10, Intellectual 5], limiting factor flora/cover/smoke 0.53, identified False, sources none
[CA][tick=1][map=0][actor=Human97977@(568,480)][contact=(623,873)] Parsons: SPOTS an unresolved hostile silhouette [hostile-id 98692, copied-cell (623, 0, 873), source-tick 1, acquired-tick 1, evidence Visual, source-id 98692, confidence 0.23, uncertainty 8.25, delivery None, reporter-id 97977, state Active]
[CA][tick=1][map=0][actor=Human97977@(568,480)][contact=(623,873)][anchor=(568,480)] Parsons: battlefield perception ACQUIRED an unresolved hostile silhouette - distance 396.8 / map diagonal 1654.6, clear horizon 988.8, effective range 914.4, confidence 0.23, uncertainty 8.2 cells, soft occlusion 0.84 [plants 49, trees 0, partial cover 21, smoke 0], target glow 1.00, Sight 1.00 (range factor 0.92), medium/long acuity 1.00/1.00 -> distance factor 1.00, dark adaptation 0.00 -> light factor 1.00, weather factor 1.00, skill factor 1.01 [Shooting 10, Intellectual 5], limiting factor flora/cover/smoke 0.43, identified False, sources none
[CA][tick=1][map=0][actor=Human97977@(568,480)][contact=(630,915)] Parsons: SPOTS an unresolved hostile silhouette [hostile-id 98684, copied-cell (630, 0, 915), source-tick 1, acquired-tick 1, evidence Visual, source-id 98684, confidence 0.18, uncertainty 8.98, delivery None, reporter-id 97977, state Active]
[CA][tick=1][map=0][actor=Human97977@(568,480)][contact=(630,915)][anchor=(568,480)] Parsons: battlefield perception ACQUIRED an unresolved hostile silhouette - distance 439.4 / map diagonal 1654.6, clear horizon 988.8, effective range 914.4, confidence 0.18, uncertainty 9.0 cells, soft occlusion 0.98 [plants 57, trees 0, partial cover 24, smoke 0], target glow 1.00, Sight 1.00 (range factor 0.92), medium/long acuity 1.00/1.00 -> distance factor 1.00, dark adaptation 0.00 -> light factor 1.00, weather factor 1.00, skill factor 1.01 [Shooting 10, Intellectual 5], limiting factor flora/cover/smoke 0.38, identified False, sources none
[CA][tick=1][map=0][actor=Human97947@(580,480)][contact=(620,881)] Viktor: SPOTS Niko [hostile-id 98770, copied-cell (620, 0, 881), source-tick 1, acquired-tick 1, evidence Visual, source-id 98770, confidence 0.47, uncertainty 5.24, delivery None, reporter-id 97947, state Active]
[CA][tick=1][map=0][actor=Human97947@(580,480)][contact=(620,881)][anchor=(580,480)] Viktor: battlefield perception ACQUIRED Niko - distance 403.0 / map diagonal 1654.6, clear horizon 988.8, effective range 915.9, confidence 0.47, uncertainty 5.2 cells, soft occlusion 0.41 [plants 33, trees 0, partial cover 8, smoke 0], target glow 1.00, Sight 1.00 (range factor 0.92), medium/long acuity 1.00/1.00 -> distance factor 1.00, dark adaptation 0.00 -> light factor 1.00, weather factor 1.00, skill factor 1.01 [Shooting 13, Intellectual 0], limiting factor flora/cover/smoke 0.67, identified True, sources none
[CA][tick=1][map=0][actor=Human97947@(580,480)][contact=(578,908)] Viktor: SPOTS Lasse [hostile-id 98722, copied-cell (578, 0, 908), source-tick 1, acquired-tick 1, evidence Visual, source-id 98722, confidence 0.47, uncertainty 5.16, delivery None, reporter-id 97947, state Active]
[CA][tick=1][map=0][actor=Human97947@(580,480)][contact=(578,908)][anchor=(580,480)] Viktor: battlefield perception ACQUIRED Lasse - distance 428.0 / map diagonal 1654.6, clear horizon 988.8, effective range 915.9, confidence 0.47, uncertainty 5.2 cells, soft occlusion 0.36 [plants 43, trees 0, partial cover 4, smoke 0], target glow 1.00, Sight 1.00 (range factor 0.92), medium/long acuity 1.00/1.00 -> distance factor 1.00, dark adaptation 0.00 -> light factor 1.00, weather factor 1.00, skill factor 1.01 [Shooting 13, Intellectual 0], limiting factor flora/cover/smoke 0.70, identified True, sources none
[CA][tick=1][map=0][actor=Human97947@(580,480)][contact=(627,860)] Viktor: SPOTS an unresolved hostile silhouette [hostile-id 98713, copied-cell (627, 0, 860), source-tick 1, acquired-tick 1, evidence Visual, source-id 98713, confidence 0.38, uncertainty 6.21, delivery None, reporter-id 97947, state Active]
[CA][tick=1][map=0][actor=Human97947@(580,480)][contact=(627,860)][anchor=(580,480)] Viktor: battlefield perception ACQUIRED an unresolved hostile silhouette - distance 382.9 / map diagonal 1654.6, clear horizon 988.8, effective range 915.9, confidence 0.38, uncertainty 6.2 cells, soft occlusion 0.51 [plants 42, trees 0, partial cover 10, smoke 0], target glow 1.00, Sight 1.00 (range factor 0.92), medium/long acuity 1.00/1.00 -> distance factor 1.00, dark adaptation 0.00 -> light factor 1.00, weather factor 1.00, skill factor 1.01 [Shooting 13, Intellectual 0], limiting factor flora/cover/smoke 0.60, identified False, sources none
[CA][tick=1][map=0][actor=Human97947@(580,480)][contact=(639,903)] Viktor: SPOTS Greyhound [hostile-id 98699, copied-cell (639, 0, 903), source-tick 1, acquired-tick 1, evidence Visual, source-id 98699, confidence 0.43, uncertainty 5.62, delivery None, reporter-id 97947, state Active]
[CA][tick=1][map=0][actor=Human97947@(580,480)][contact=(639,903)][anchor=(580,480)] Viktor: battlefield perception ACQUIRED Greyhound - distance 427.1 / map diagonal 1654.6, clear horizon 988.8, effective range 915.9, confidence 0.43, uncertainty 5.6 cells, soft occlusion 0.42 [plants 57, trees 0, partial cover 4, smoke 0], target glow 1.00, Sight 1.00 (range factor 0.92), medium/long acuity 1.00/1.00 -> distance factor 1.00, dark adaptation 0.00 -> light factor 1.00, weather factor 1.00, skill factor 1.01 [Shooting 13, Intellectual 0], limiting factor flora/cover/smoke 0.66, identified True, sources none
[CA][tick=1][map=0][actor=Human97938@(566,476)][contact=(620,881)] Doug: SPOTS an unresolved hostile silhouette [hostile-id 98770, copied-cell (620, 0, 881), source-tick 1, acquired-tick 1, evidence Visual, source-id 98770, confidence 0.42, uncertainty 5.83, delivery None, reporter-id 97938, state Active]
[CA][tick=1][map=0][actor=Human97938@(566,476)][contact=(620,881)][anchor=(566,476)] Doug: battlefield perception ACQUIRED an unresolved hostile silhouette - distance 408.6 / map diagonal 1654.6, clear horizon 988.8, effective range 888.6, confidence 0.42, uncertainty 5.8 cells, soft occlusion 0.48 [plants 54, trees 0, partial cover 7, smoke 0], target glow 1.00, Sight 1.00 (range factor 0.92), medium/long acuity 1.00/1.00 -> distance factor 1.00, dark adaptation 0.00 -> light factor 1.00, weather factor 1.00, skill factor 0.98 [Shooting 4, Intellectual 6], limiting factor flora/cover/smoke 0.62, identified False, sources none
[CA][tick=1][map=0][actor=Human97938@(566,476)][contact=(613,870)] Doug: SPOTS an unresolved hostile silhouette [hostile-id 98762, copied-cell (613, 0, 870), source-tick 1, acquired-tick 1, evidence Visual, source-id 98762, confidence 0.41, uncertainty 5.87, delivery None, reporter-id 97938, state Active]
[CA][tick=1][map=0][actor=Human97938@(566,476)][contact=(613,870)][anchor=(566,476)] Doug: battlefield perception ACQUIRED an unresolved hostile silhouette - distance 396.8 / map diagonal 1654.6, clear horizon 988.8, effective range 888.6, confidence 0.41, uncertainty 5.9 cells, soft occlusion 0.46 [plants 49, trees 0, partial cover 6, smoke 0], target glow 1.00, Sight 1.00 (range factor 0.92), medium/long acuity 1.00/1.00 -> distance factor 1.00, dark adaptation 0.00 -> light factor 1.00, weather factor 1.00, skill factor 0.98 [Shooting 4, Intellectual 6], limiting factor flora/cover/smoke 0.63, identified False, sources none
[CA][tick=1][map=0][actor=Human97938@(566,476)][contact=(639,894)] Doug: SPOTS an unresolved hostile silhouette [hostile-id 98755, copied-cell (639, 0, 894), source-tick 1, acquired-tick 1, evidence Visual, source-id 98755, confidence 0.25, uncertainty 7.52, delivery None, reporter-id 97938, state Active]
[CA][tick=1][map=0][actor=Human97938@(566,476)][contact=(639,894)][anchor=(566,476)] Doug: battlefield perception ACQUIRED an unresolved hostile silhouette - distance 424.3 / map diagonal 1654.6, clear horizon 988.8, effective range 888.6, confidence 0.25, uncertainty 7.5 cells, soft occlusion 0.62 [plants 49, trees 0, partial cover 12, smoke 0], target glow 1.00, Sight 1.00 (range factor 0.92), medium/long acuity 1.00/1.00 -> distance factor 1.00, dark adaptation 0.00 -> light factor 1.00, weather factor 1.00, skill factor 0.98 [Shooting 4, Intellectual 6], limiting factor flora/cover/smoke 0.54, identified False, sources none
[CA][tick=1][map=0][actor=Human97938@(566,476)][contact=(627,860)] Doug: SPOTS an unresolved hostile silhouette [hostile-id 98713, copied-cell (627, 0, 860), source-tick 1, acquired-tick 1, evidence Visual, source-id 98713, confidence 0.22, uncertainty 8.41, delivery None, reporter-id 97938, state Active]
[CA][tick=1][map=0][actor=Human97938@(566,476)][contact=(627,860)][anchor=(566,476)] Doug: battlefield perception ACQUIRED an unresolved hostile silhouette - distance 388.8 / map diagonal 1654.6, clear horizon 988.8, effective range 888.6, confidence 0.22, uncertainty 8.4 cells, soft occlusion 0.87 [plants 56, trees 0, partial cover 20, smoke 0], target glow 1.00, Sight 1.00 (range factor 0.92), medium/long acuity 1.00/1.00 -> distance factor 1.00, dark adaptation 0.00 -> light factor 1.00, weather factor 1.00, skill factor 0.98 [Shooting 4, Intellectual 6], limiting factor flora/cover/smoke 0.42, identified False, sources none
[CA][tick=1][map=0][actor=Human97938@(566,476)][contact=(639,903)] Doug: SPOTS an unresolved hostile silhouette [hostile-id 98699, copied-cell (639, 0, 903), source-tick 1, acquired-tick 1, evidence Visual, source-id 98699, confidence 0.31, uncertainty 7.04, delivery None, reporter-id 97938, state Active]
[CA][tick=1][map=0][actor=Human97938@(566,476)][contact=(639,903)][anchor=(566,476)] Doug: battlefield perception ACQUIRED an unresolved hostile silhouette - distance 433.2 / map diagonal 1654.6, clear horizon 988.8, effective range 888.6, confidence 0.31, uncertainty 7.0 cells, soft occlusion 0.62 [plants 52, trees 0, partial cover 12, smoke 0], target glow 1.00, Sight 1.00 (range factor 0.92), medium/long acuity 1.00/1.00 -> distance factor 1.00, dark adaptation 0.00 -> light factor 1.00, weather factor 1.00, skill factor 0.98 [Shooting 4, Intellectual 6], limiting factor flora/cover/smoke 0.54, identified False, sources none
[CA][tick=1][map=0][actor=Human97938@(566,476)][contact=(623,873)] Doug: SPOTS an unresolved hostile silhouette [hostile-id 98692, copied-cell (623, 0, 873), source-tick 1, acquired-tick 1, evidence Visual, source-id 98692, confidence 0.34, uncertainty 6.76, delivery None, reporter-id 97938, state Active]
[CA][tick=1][map=0][actor=Human97938@(566,476)][contact=(623,873)][anchor=(566,476)] Doug: battlefield perception ACQUIRED an unresolved hostile silhouette - distance 401.1 / map diagonal 1654.6, clear horizon 988.8, effective range 888.6, confidence 0.34, uncertainty 6.8 cells, soft occlusion 0.59 [plants 43, trees 0, partial cover 13, smoke 0], target glow 1.00, Sight 1.00 (range factor 0.92), medium/long acuity 1.00/1.00 -> distance factor 1.00, dark adaptation 0.00 -> light factor 1.00, weather factor 1.00, skill factor 0.98 [Shooting 4, Intellectual 6], limiting factor flora/cover/smoke 0.56, identified False, sources none
[CA][tick=1][map=0][actor=Human97938@(566,476)][contact=(630,915)] Doug: SPOTS an unresolved hostile silhouette [hostile-id 98684, copied-cell (630, 0, 915), source-tick 1, acquired-tick 1, evidence Visual, source-id 98684, confidence 0.24, uncertainty 8.12, delivery None, reporter-id 97938, state Active]
[CA][tick=1][map=0][actor=Human97938@(566,476)][contact=(630,915)][anchor=(566,476)] Doug: battlefield perception ACQUIRED an unresolved hostile silhouette - distance 443.6 / map diagonal 1654.6, clear horizon 988.8, effective range 888.6, confidence 0.24, uncertainty 8.1 cells, soft occlusion 0.80 [plants 51, trees 0, partial cover 19, smoke 0], target glow 1.00, Sight 1.00 (range factor 0.92), medium/long acuity 1.00/1.00 -> distance factor 1.00, dark adaptation 0.00 -> light factor 1.00, weather factor 1.00, skill factor 0.98 [Shooting 4, Intellectual 6], limiting factor flora/cover/smoke 0.45, identified False, sources none
[CA][tick=1][map=0][actor=Human97929@(561,474)][contact=(613,870)] Hahn: SPOTS an unresolved hostile silhouette [hostile-id 98762, copied-cell (613, 0, 870), source-tick 1, acquired-tick 1, evidence Visual, source-id 98762, confidence 0.37, uncertainty 6.38, delivery None, reporter-id 97929, state Active]
[CA][tick=1][map=0][actor=Human97929@(561,474)][contact=(613,870)][anchor=(561,474)] Hahn: battlefield perception ACQUIRED an unresolved hostile silhouette - distance 399.4 / map diagonal 1654.6, clear horizon 988.8, effective range 946.8, confidence 0.37, uncertainty 6.4 cells, soft occlusion 0.54 [plants 49, trees 0, partial cover 9, smoke 0], target glow 1.00, Sight 1.00 (range factor 0.92), medium/long acuity 1.00/1.00 -> distance factor 1.00, dark adaptation 0.00 -> light factor 1.00, weather factor 1.00, skill factor 1.04 [Shooting 19, Intellectual 1], limiting factor flora/cover/smoke 0.58, identified False, sources none
[CA][tick=1][map=0][actor=Human97929@(561,474)][contact=(639,894)] Hahn: SPOTS an unresolved hostile silhouette [hostile-id 98755, copied-cell (639, 0, 894), source-tick 1, acquired-tick 1, evidence Visual, source-id 98755, confidence 0.31, uncertainty 6.80, delivery None, reporter-id 97929, state Active]
[CA][tick=1][map=0][actor=Human97929@(561,474)][contact=(639,894)][anchor=(561,474)] Hahn: battlefield perception ACQUIRED an unresolved hostile silhouette - distance 427.2 / map diagonal 1654.6, clear horizon 988.8, effective range 946.8, confidence 0.31, uncertainty 6.8 cells, soft occlusion 0.50 [plants 48, trees 0, partial cover 8, smoke 0], target glow 1.00, Sight 1.00 (range factor 0.92), medium/long acuity 1.00/1.00 -> distance factor 1.00, dark adaptation 0.00 -> light factor 1.00, weather factor 1.00, skill factor 1.04 [Shooting 19, Intellectual 1], limiting factor flora/cover/smoke 0.61, identified False, sources none
[CA][tick=1][map=0][actor=Human97929@(561,474)][contact=(636,863)] Hahn: SPOTS an unresolved hostile silhouette [hostile-id 98747, copied-cell (636, 0, 863), source-tick 1, acquired-tick 1, evidence Visual, source-id 98747, confidence 0.34, uncertainty 6.77, delivery None, reporter-id 97929, state Active]
[CA][tick=1][map=0][actor=Human97929@(561,474)][contact=(636,863)][anchor=(561,474)] Hahn: battlefield perception ACQUIRED an unresolved hostile silhouette - distance 396.2 / map diagonal 1654.6, clear horizon 988.8, effective range 946.8, confidence 0.34, uncertainty 6.8 cells, soft occlusion 0.59 [plants 57, trees 0, partial cover 10, smoke 0], target glow 1.00, Sight 1.00 (range factor 0.92), medium/long acuity 1.00/1.00 -> distance factor 1.00, dark adaptation 0.00 -> light factor 1.00, weather factor 1.00, skill factor 1.04 [Shooting 19, Intellectual 1], limiting factor flora/cover/smoke 0.55, identified False, sources none
[CA][tick=1][map=0][actor=Human97929@(561,474)][contact=(626,881)] Hahn: SPOTS an unresolved hostile silhouette [hostile-id 98706, copied-cell (626, 0, 881), source-tick 1, acquired-tick 1, evidence Visual, source-id 98706, confidence 0.31, uncertainty 7.28, delivery None, reporter-id 97929, state Active]
[CA][tick=1][map=0][actor=Human97929@(561,474)][contact=(626,881)][anchor=(561,474)] Hahn: battlefield perception ACQUIRED an unresolved hostile silhouette - distance 412.2 / map diagonal 1654.6, clear horizon 988.8, effective range 946.8, confidence 0.31, uncertainty 7.3 cells, soft occlusion 0.70 [plants 52, trees 0, partial cover 15, smoke 0], target glow 1.00, Sight 1.00 (range factor 0.92), medium/long acuity 1.00/1.00 -> distance factor 1.00, dark adaptation 0.00 -> light factor 1.00, weather factor 1.00, skill factor 1.04 [Shooting 19, Intellectual 1], limiting factor flora/cover/smoke 0.50, identified False, sources none
[CA][tick=1][map=0][actor=Human97929@(561,474)][contact=(639,903)] Hahn: SPOTS an unresolved hostile silhouette [hostile-id 98699, copied-cell (639, 0, 903), source-tick 1, acquired-tick 1, evidence Visual, source-id 98699, confidence 0.38, uncertainty 6.19, delivery None, reporter-id 97929, state Active]
[CA][tick=1][map=0][actor=Human97929@(561,474)][contact=(639,903)][anchor=(561,474)] Hahn: battlefield perception ACQUIRED an unresolved hostile silhouette - distance 436.0 / map diagonal 1654.6, clear horizon 988.8, effective range 946.8, confidence 0.38, uncertainty 6.2 cells, soft occlusion 0.50 [plants 52, trees 0, partial cover 7, smoke 0], target glow 1.00, Sight 1.00 (range factor 0.92), medium/long acuity 1.00/1.00 -> distance factor 1.00, dark adaptation 0.00 -> light factor 1.00, weather factor 1.00, skill factor 1.04 [Shooting 19, Intellectual 1], limiting factor flora/cover/smoke 0.61, identified False, sources none
[CA][tick=1][map=0][actor=Human97929@(561,474)][contact=(623,873)] Hahn: SPOTS an unresolved hostile silhouette [hostile-id 98692, copied-cell (623, 0, 873), source-tick 1, acquired-tick 1, evidence Visual, source-id 98692, confidence 0.28, uncertainty 7.52, delivery None, reporter-id 97929, state Active]
[CA][tick=1][map=0][actor=Human97929@(561,474)][contact=(623,873)][anchor=(561,474)] Hahn: battlefield perception ACQUIRED an unresolved hostile silhouette - distance 403.8 / map diagonal 1654.6, clear horizon 988.8, effective range 946.8, confidence 0.28, uncertainty 7.5 cells, soft occlusion 0.71 [plants 42, trees 0, partial cover 18, smoke 0], target glow 1.00, Sight 1.00 (range factor 0.92), medium/long acuity 1.00/1.00 -> distance factor 1.00, dark adaptation 0.00 -> light factor 1.00, weather factor 1.00, skill factor 1.04 [Shooting 19, Intellectual 1], limiting factor flora/cover/smoke 0.49, identified False, sources none
[CA][tick=1][map=0][actor=Human97929@(561,474)][contact=(630,915)] Hahn: SPOTS an unresolved hostile silhouette [hostile-id 98684, copied-cell (630, 0, 915), source-tick 1, acquired-tick 1, evidence Visual, source-id 98684, confidence 0.25, uncertainty 8.00, delivery None, reporter-id 97929, state Active]
[CA][tick=1][map=0][actor=Human97929@(561,474)][contact=(630,915)][anchor=(561,474)] Hahn: battlefield perception ACQUIRED an unresolved hostile silhouette - distance 446.4 / map diagonal 1654.6, clear horizon 988.8, effective range 946.8, confidence 0.25, uncertainty 8.0 cells, soft occlusion 0.79 [plants 50, trees 0, partial cover 19, smoke 0], target glow 1.00, Sight 1.00 (range factor 0.92), medium/long acuity 1.00/1.00 -> distance factor 1.00, dark adaptation 0.00 -> light factor 1.00, weather factor 1.00, skill factor 1.04 [Shooting 19, Intellectual 1], limiting factor flora/cover/smoke 0.45, identified False, sources none
[CA][tick=1][map=0][actor=Human98778@(640,875)][contact=(551,481)] Dina: SPOTS an unresolved hostile silhouette [hostile-id 98008, copied-cell (551, 0, 481), source-tick 1, acquired-tick 1, evidence Visual, source-id 98008, confidence 0.37, uncertainty 6.29, delivery None, reporter-id 98778, state Active]
[CA][tick=1][map=0][actor=Human98778@(640,875)][contact=(551,481)][anchor=(640,875)] Dina: battlefield perception ACQUIRED an unresolved hostile silhouette - distance 403.9 / map diagonal 1654.6, clear horizon 988.8, effective range 876.3, confidence 0.37, uncertainty 6.3 cells, soft occlusion 0.51 [plants 55, trees 0, partial cover 7, smoke 0], target glow 1.00, Sight 1.00 (range factor 0.92), medium/long acuity 1.00/1.00 -> distance factor 1.00, dark adaptation 0.00 -> light factor 1.00, weather factor 1.00, skill factor 0.96 [Shooting 3, Intellectual 3], limiting factor flora/cover/smoke 0.60, identified False, sources none
[CA][tick=1][map=0][actor=Human98770@(620,881)][contact=(568,480)] Niko: SPOTS an unresolved hostile silhouette [hostile-id 97977, copied-cell (568, 0, 480), source-tick 1, acquired-tick 1, evidence Visual, source-id 97977, confidence 0.31, uncertainty 7.16, delivery None, reporter-id 98770, state Active]
[CA][tick=1][map=0][actor=Human98770@(620,881)][contact=(568,480)][anchor=(620,881)] Niko: battlefield perception ACQUIRED an unresolved hostile silhouette - distance 404.4 / map diagonal 1654.6, clear horizon 988.8, effective range 894.4, confidence 0.31, uncertainty 7.2 cells, soft occlusion 0.65 [plants 49, trees 0, partial cover 14, smoke 0], target glow 1.00, Sight 1.00 (range factor 0.92), medium/long acuity 1.00/1.00 -> distance factor 1.00, dark adaptation 0.00 -> light factor 1.00, weather factor 1.00, skill factor 0.98 [Shooting 2, Intellectual 12], limiting factor flora/cover/smoke 0.52, identified False, sources none
[CA][tick=1][map=0][actor=Human98770@(620,881)][contact=(580,480)] Niko: SPOTS Viktor [hostile-id 97947, copied-cell (580, 0, 480), source-tick 1, acquired-tick 1, evidence Visual, source-id 97947, confidence 0.44, uncertainty 5.48, delivery None, reporter-id 98770, state Active]
[CA][tick=1][map=0][actor=Human98770@(620,881)][contact=(580,480)][anchor=(620,881)] Niko: battlefield perception ACQUIRED Viktor - distance 403.0 / map diagonal 1654.6, clear horizon 988.8, effective range 894.4, confidence 0.44, uncertainty 5.5 cells, soft occlusion 0.41 [plants 33, trees 0, partial cover 8, smoke 0], target glow 1.00, Sight 1.00 (range factor 0.92), medium/long acuity 1.00/1.00 -> distance factor 1.00, dark adaptation 0.00 -> light factor 1.00, weather factor 1.00, skill factor 0.98 [Shooting 2, Intellectual 12], limiting factor flora/cover/smoke 0.67, identified True, sources none
[CA][tick=1][map=0][actor=Human98770@(620,881)][contact=(566,476)] Niko: SPOTS an unresolved hostile silhouette [hostile-id 97938, copied-cell (566, 0, 476), source-tick 1, acquired-tick 1, evidence Visual, source-id 97938, confidence 0.40, uncertainty 6.02, delivery None, reporter-id 98770, state Active]
[CA][tick=1][map=0][actor=Human98770@(620,881)][contact=(566,476)][anchor=(620,881)] Niko: battlefield perception ACQUIRED an unresolved hostile silhouette - distance 408.6 / map diagonal 1654.6, clear horizon 988.8, effective range 894.4, confidence 0.40, uncertainty 6.0 cells, soft occlusion 0.48 [plants 54, trees 0, partial cover 7, smoke 0], target glow 1.00, Sight 1.00 (range factor 0.92), medium/long acuity 1.00/1.00 -> distance factor 1.00, dark adaptation 0.00 -> light factor 1.00, weather factor 1.00, skill factor 0.98 [Shooting 2, Intellectual 12], limiting factor flora/cover/smoke 0.62, identified False, sources none
[CA][tick=1][map=0][actor=Human98762@(613,870)][contact=(568,480)] Pepper: SPOTS an unresolved hostile silhouette [hostile-id 97977, copied-cell (568, 0, 480), source-tick 1, acquired-tick 1, evidence Visual, source-id 97977, confidence 0.38, uncertainty 6.24, delivery None, reporter-id 98762, state Active]
[CA][tick=1][map=0][actor=Human98762@(613,870)][contact=(568,480)][anchor=(613,870)] Pepper: battlefield perception ACQUIRED an unresolved hostile silhouette - distance 392.6 / map diagonal 1654.6, clear horizon 988.8, effective range 857.0, confidence 0.38, uncertainty 6.2 cells, soft occlusion 0.51 [plants 50, trees 0, partial cover 8, smoke 0], target glow 1.00, Sight 1.00 (range factor 0.92), medium/long acuity 1.00/1.00 -> distance factor 1.00, dark adaptation 0.00 -> light factor 1.00, weather factor 1.00, skill factor 0.94 [Shooting 0, Intellectual 1], limiting factor flora/cover/smoke 0.60, identified False, sources none
[CA][tick=1][map=0][actor=Human98762@(613,870)][contact=(566,476)] Pepper: SPOTS an unresolved hostile silhouette [hostile-id 97938, copied-cell (566, 0, 476), source-tick 1, acquired-tick 1, evidence Visual, source-id 97938, confidence 0.41, uncertainty 5.90, delivery None, reporter-id 98762, state Active]
[CA][tick=1][map=0][actor=Human98762@(613,870)][contact=(566,476)][anchor=(613,870)] Pepper: battlefield perception ACQUIRED an unresolved hostile silhouette - distance 396.8 / map diagonal 1654.6, clear horizon 988.8, effective range 857.0, confidence 0.41, uncertainty 5.9 cells, soft occlusion 0.46 [plants 49, trees 0, partial cover 6, smoke 0], target glow 1.00, Sight 1.00 (range factor 0.92), medium/long acuity 1.00/1.00 -> distance factor 1.00, dark adaptation 0.00 -> light factor 1.00, weather factor 1.00, skill factor 0.94 [Shooting 0, Intellectual 1], limiting factor flora/cover/smoke 0.63, identified False, sources none
[CA][tick=1][map=0][actor=Human98762@(613,870)][contact=(561,474)] Pepper: SPOTS an unresolved hostile silhouette [hostile-id 97929, copied-cell (561, 0, 474), source-tick 1, acquired-tick 1, evidence Visual, source-id 97929, confidence 0.36, uncertainty 6.46, delivery None, reporter-id 98762, state Active]
[CA][tick=1][map=0][actor=Human98762@(613,870)][contact=(561,474)][anchor=(613,870)] Pepper: battlefield perception ACQUIRED an unresolved hostile silhouette - distance 399.4 / map diagonal 1654.6, clear horizon 988.8, effective range 857.0, confidence 0.36, uncertainty 6.5 cells, soft occlusion 0.54 [plants 49, trees 0, partial cover 9, smoke 0], target glow 1.00, Sight 1.00 (range factor 0.92), medium/long acuity 1.00/1.00 -> distance factor 1.00, dark adaptation 0.00 -> light factor 1.00, weather factor 1.00, skill factor 0.94 [Shooting 0, Intellectual 1], limiting factor flora/cover/smoke 0.58, identified False, sources none
[CA][tick=1][map=0][actor=Human98755@(639,894)][contact=(633,424)] Oink: SPOTS an unresolved hostile silhouette [hostile-id 97593, copied-cell (633, 0, 424), source-tick 1, acquired-tick 1, evidence Visual, source-id 97593, confidence 0.22, uncertainty 8.22, delivery None, reporter-id 98755, state Active]
[CA][tick=1][map=0][actor=Human98755@(639,894)][contact=(633,424)][anchor=(639,894)] Oink: battlefield perception ACQUIRED an unresolved hostile silhouette - distance 470.0 / map diagonal 1654.6, clear horizon 988.8, effective range 705.1, confidence 0.22, uncertainty 8.2 cells, soft occlusion 0.78 [plants 50, trees 0, partial cover 19, smoke 0], target glow 1.00, Sight 1.00 (range factor 0.92), medium/long acuity 0.50/0.25 -> distance factor 0.77, dark adaptation 0.00 -> light factor 1.00, weather factor 1.00, skill factor 1.01 [Shooting 10, Intellectual 5], limiting factor flora/cover/smoke 0.46, identified False, sources gene nearsighted
[CA][tick=1][map=0][actor=Human98755@(639,894)][contact=(551,481)] Oink: SPOTS an unresolved hostile silhouette [hostile-id 98008, copied-cell (551, 0, 481), source-tick 1, acquired-tick 1, evidence Visual, source-id 98008, confidence 0.25, uncertainty 7.78, delivery None, reporter-id 98755, state Active]
[CA][tick=1][map=0][actor=Human98755@(639,894)][contact=(551,481)][anchor=(639,894)] Oink: battlefield perception ACQUIRED an unresolved hostile silhouette - distance 422.3 / map diagonal 1654.6, clear horizon 988.8, effective range 705.1, confidence 0.25, uncertainty 7.8 cells, soft occlusion 0.72 [plants 58, trees 0, partial cover 13, smoke 0], target glow 1.00, Sight 1.00 (range factor 0.92), medium/long acuity 0.50/0.25 -> distance factor 0.77, dark adaptation 0.00 -> light factor 1.00, weather factor 1.00, skill factor 1.01 [Shooting 10, Intellectual 5], limiting factor flora/cover/smoke 0.49, identified False, sources gene nearsighted
[CA][tick=1][map=0][actor=Human98755@(639,894)][contact=(568,480)] Oink: SPOTS an unresolved hostile silhouette [hostile-id 97977, copied-cell (568, 0, 480), source-tick 1, acquired-tick 1, evidence Visual, source-id 97977, confidence 0.34, uncertainty 6.61, delivery None, reporter-id 98755, state Active]
[CA][tick=1][map=0][actor=Human98755@(639,894)][contact=(568,480)][anchor=(639,894)] Oink: battlefield perception ACQUIRED an unresolved hostile silhouette - distance 420.0 / map diagonal 1654.6, clear horizon 988.8, effective range 705.1, confidence 0.34, uncertainty 6.6 cells, soft occlusion 0.52 [plants 52, trees 0, partial cover 8, smoke 0], target glow 1.00, Sight 1.00 (range factor 0.92), medium/long acuity 0.50/0.25 -> distance factor 0.77, dark adaptation 0.00 -> light factor 1.00, weather factor 1.00, skill factor 1.01 [Shooting 10, Intellectual 5], limiting factor flora/cover/smoke 0.59, identified False, sources gene nearsighted
[CA][tick=1][map=0][actor=Human98755@(639,894)][contact=(566,476)] Oink: SPOTS an unresolved hostile silhouette [hostile-id 97938, copied-cell (566, 0, 476), source-tick 1, acquired-tick 1, evidence Visual, source-id 97938, confidence 0.29, uncertainty 7.22, delivery None, reporter-id 98755, state Active]
[CA][tick=1][map=0][actor=Human98755@(639,894)][contact=(566,476)][anchor=(639,894)] Oink: battlefield perception ACQUIRED an unresolved hostile silhouette - distance 424.3 / map diagonal 1654.6, clear horizon 988.8, effective range 705.1, confidence 0.29, uncertainty 7.2 cells, soft occlusion 0.62 [plants 49, trees 0, partial cover 12, smoke 0], target glow 1.00, Sight 1.00 (range factor 0.92), medium/long acuity 0.50/0.25 -> distance factor 0.77, dark adaptation 0.00 -> light factor 1.00, weather factor 1.00, skill factor 1.01 [Shooting 10, Intellectual 5], limiting factor flora/cover/smoke 0.54, identified False, sources gene nearsighted
[CA][tick=1][map=0][actor=Human98755@(639,894)][contact=(561,474)] Oink: SPOTS an unresolved hostile silhouette [hostile-id 97929, copied-cell (561, 0, 474), source-tick 1, acquired-tick 1, evidence Visual, source-id 97929, confidence 0.35, uncertainty 6.49, delivery None, reporter-id 98755, state Active]
[CA][tick=1][map=0][actor=Human98755@(639,894)][contact=(561,474)][anchor=(639,894)] Oink: battlefield perception ACQUIRED an unresolved hostile silhouette - distance 427.2 / map diagonal 1654.6, clear horizon 988.8, effective range 705.1, confidence 0.35, uncertainty 6.5 cells, soft occlusion 0.50 [plants 48, trees 0, partial cover 8, smoke 0], target glow 1.00, Sight 1.00 (range factor 0.92), medium/long acuity 0.50/0.25 -> distance factor 0.77, dark adaptation 0.00 -> light factor 1.00, weather factor 1.00, skill factor 1.01 [Shooting 10, Intellectual 5], limiting factor flora/cover/smoke 0.61, identified False, sources gene nearsighted
[CA][tick=1][map=0][actor=Human98747@(636,863)][contact=(551,481)] Hanna: SPOTS an unresolved hostile silhouette [hostile-id 98008, copied-cell (551, 0, 481), source-tick 1, acquired-tick 1, evidence Visual, source-id 98008, confidence 0.37, uncertainty 6.34, delivery None, reporter-id 98747, state Active]
[CA][tick=1][map=0][actor=Human98747@(636,863)][contact=(551,481)][anchor=(636,863)] Hanna: battlefield perception ACQUIRED an unresolved hostile silhouette - distance 391.3 / map diagonal 1654.6, clear horizon 988.8, effective range 854.5, confidence 0.37, uncertainty 6.3 cells, soft occlusion 0.52 [plants 57, trees 0, partial cover 7, smoke 0], target glow 1.00, Sight 1.00 (range factor 0.92), medium/long acuity 1.00/1.00 -> distance factor 1.00, dark adaptation 0.00 -> light factor 1.00, weather factor 1.00, skill factor 0.94 [Shooting 0, Intellectual 0], limiting factor flora/cover/smoke 0.59, identified False, sources none
[CA][tick=1][map=0][actor=Human98747@(636,863)][contact=(561,474)] Hanna: SPOTS an unresolved hostile silhouette [hostile-id 97929, copied-cell (561, 0, 474), source-tick 1, acquired-tick 1, evidence Visual, source-id 97929, confidence 0.33, uncertainty 6.84, delivery None, reporter-id 98747, state Active]
[CA][tick=1][map=0][actor=Human98747@(636,863)][contact=(561,474)][anchor=(636,863)] Hanna: battlefield perception ACQUIRED an unresolved hostile silhouette - distance 396.2 / map diagonal 1654.6, clear horizon 988.8, effective range 854.5, confidence 0.33, uncertainty 6.8 cells, soft occlusion 0.59 [plants 57, trees 0, partial cover 10, smoke 0], target glow 1.00, Sight 1.00 (range factor 0.92), medium/long acuity 1.00/1.00 -> distance factor 1.00, dark adaptation 0.00 -> light factor 1.00, weather factor 1.00, skill factor 0.94 [Shooting 0, Intellectual 0], limiting factor flora/cover/smoke 0.55, identified False, sources none
[CA][tick=1][map=0][actor=Human98722@(578,908)][contact=(580,480)] Lasse: SPOTS Viktor [hostile-id 97947, copied-cell (580, 0, 480), source-tick 1, acquired-tick 1, evidence Visual, source-id 97947, confidence 0.47, uncertainty 5.16, delivery None, reporter-id 98722, state Active]
[CA][tick=1][map=0][actor=Human98722@(578,908)][contact=(580,480)][anchor=(578,908)] Lasse: battlefield perception ACQUIRED Viktor - distance 428.0 / map diagonal 1654.6, clear horizon 988.8, effective range 916.6, confidence 0.47, uncertainty 5.2 cells, soft occlusion 0.36 [plants 43, trees 0, partial cover 4, smoke 0], target glow 1.00, Sight 1.00 (range factor 0.92), medium/long acuity 1.00/1.00 -> distance factor 1.00, dark adaptation 0.00 -> light factor 1.00, weather factor 1.00, skill factor 1.01 [Shooting 11, Intellectual 4], limiting factor flora/cover/smoke 0.70, identified True, sources none
[CA][tick=1][map=0][actor=Human98713@(627,860)][contact=(568,480)] Furr: SPOTS an unresolved hostile silhouette [hostile-id 97977, copied-cell (568, 0, 480), source-tick 1, acquired-tick 1, evidence Visual, source-id 97977, confidence 0.24, uncertainty 8.08, delivery None, reporter-id 98713, state Active]
[CA][tick=1][map=0][actor=Human98713@(627,860)][contact=(568,480)][anchor=(627,860)] Furr: battlefield perception ACQUIRED an unresolved hostile silhouette - distance 384.6 / map diagonal 1654.6, clear horizon 988.8, effective range 898.1, confidence 0.24, uncertainty 8.1 cells, soft occlusion 0.81 [plants 38, trees 0, partial cover 21, smoke 0], target glow 1.00, Sight 1.00 (range factor 0.92), medium/long acuity 1.00/1.00 -> distance factor 1.00, dark adaptation 0.00 -> light factor 1.00, weather factor 1.00, skill factor 0.99 [Shooting 6, Intellectual 6], limiting factor flora/cover/smoke 0.44, identified False, sources none
[CA][tick=1][map=0][actor=Human98713@(627,860)][contact=(580,480)] Furr: SPOTS an unresolved hostile silhouette [hostile-id 97947, copied-cell (580, 0, 480), source-tick 1, acquired-tick 1, evidence Visual, source-id 97947, confidence 0.38, uncertainty 6.22, delivery None, reporter-id 98713, state Active]
[CA][tick=1][map=0][actor=Human98713@(627,860)][contact=(580,480)][anchor=(627,860)] Furr: battlefield perception ACQUIRED an unresolved hostile silhouette - distance 382.9 / map diagonal 1654.6, clear horizon 988.8, effective range 898.1, confidence 0.38, uncertainty 6.2 cells, soft occlusion 0.51 [plants 42, trees 0, partial cover 10, smoke 0], target glow 1.00, Sight 1.00 (range factor 0.92), medium/long acuity 1.00/1.00 -> distance factor 1.00, dark adaptation 0.00 -> light factor 1.00, weather factor 1.00, skill factor 0.99 [Shooting 6, Intellectual 6], limiting factor flora/cover/smoke 0.60, identified False, sources none
[CA][tick=1][map=0][actor=Human98713@(627,860)][contact=(566,476)] Furr: SPOTS an unresolved hostile silhouette [hostile-id 97938, copied-cell (566, 0, 476), source-tick 1, acquired-tick 1, evidence Visual, source-id 97938, confidence 0.22, uncertainty 8.41, delivery None, reporter-id 98713, state Active]
[CA][tick=1][map=0][actor=Human98713@(627,860)][contact=(566,476)][anchor=(627,860)] Furr: battlefield perception ACQUIRED an unresolved hostile silhouette - distance 388.8 / map diagonal 1654.6, clear horizon 988.8, effective range 898.1, confidence 0.22, uncertainty 8.4 cells, soft occlusion 0.87 [plants 56, trees 0, partial cover 20, smoke 0], target glow 1.00, Sight 1.00 (range factor 0.92), medium/long acuity 1.00/1.00 -> distance factor 1.00, dark adaptation 0.00 -> light factor 1.00, weather factor 1.00, skill factor 0.99 [Shooting 6, Intellectual 6], limiting factor flora/cover/smoke 0.42, identified False, sources none
[CA][tick=1][map=0][actor=Human98706@(626,881)][contact=(561,474)] Marjot: SPOTS an unresolved hostile silhouette [hostile-id 97929, copied-cell (561, 0, 474), source-tick 1, acquired-tick 1, evidence Visual, source-id 97929, confidence 0.29, uncertainty 7.42, delivery None, reporter-id 98706, state Active]
[CA][tick=1][map=0][actor=Human98706@(626,881)][contact=(561,474)][anchor=(626,881)] Marjot: battlefield perception ACQUIRED an unresolved hostile silhouette - distance 412.2 / map diagonal 1654.6, clear horizon 988.8, effective range 946.4, confidence 0.29, uncertainty 7.4 cells, soft occlusion 0.70 [plants 52, trees 0, partial cover 15, smoke 0], target glow 1.00, Sight 1.00 (range factor 0.92), medium/long acuity 1.00/1.00 -> distance factor 1.00, dark adaptation 0.00 -> light factor 1.00, weather factor 1.00, skill factor 1.04 [Shooting 13, Intellectual 12], limiting factor flora/cover/smoke 0.50, identified False, sources none
[CA][tick=1][map=0][actor=Human98699@(639,903)][contact=(633,424)] Greyhound: SPOTS an unresolved hostile silhouette [hostile-id 97593, copied-cell (633, 0, 424), source-tick 1, acquired-tick 1, evidence Visual, source-id 97593, confidence 0.25, uncertainty 7.86, delivery None, reporter-id 98699, state Active]
[CA][tick=1][map=0][actor=Human98699@(639,903)][contact=(633,424)][anchor=(639,903)] Greyhound: battlefield perception ACQUIRED an unresolved hostile silhouette - distance 479.0 / map diagonal 1654.6, clear horizon 988.8, effective range 906.8, confidence 0.25, uncertainty 7.9 cells, soft occlusion 0.75 [plants 49, trees 0, partial cover 18, smoke 0], target glow 1.00, Sight 1.00 (range factor 0.92), medium/long acuity 1.00/1.00 -> distance factor 1.00, dark adaptation 0.00 -> light factor 1.00, weather factor 1.00, skill factor 1.00 [Shooting 10, Intellectual 2], limiting factor flora/cover/smoke 0.47, identified False, sources none
[CA][tick=1][map=0][actor=Human98699@(639,903)][contact=(633,386)] Greyhound: SPOTS an unresolved hostile silhouette [hostile-id 97582, copied-cell (633, 0, 386), source-tick 1, acquired-tick 1, evidence Visual, source-id 97582, confidence 0.20, uncertainty 8.60, delivery None, reporter-id 98699, state Active]
[CA][tick=1][map=0][actor=Human98699@(639,903)][contact=(633,386)][anchor=(639,903)] Greyhound: battlefield perception ACQUIRED an unresolved hostile silhouette - distance 517.0 / map diagonal 1654.6, clear horizon 988.8, effective range 906.8, confidence 0.20, uncertainty 8.6 cells, soft occlusion 0.88 [plants 53, trees 0, partial cover 22, smoke 0], target glow 1.00, Sight 1.00 (range factor 0.92), medium/long acuity 1.00/1.00 -> distance factor 1.00, dark adaptation 0.00 -> light factor 1.00, weather factor 1.00, skill factor 1.00 [Shooting 10, Intellectual 2], limiting factor flora/cover/smoke 0.41, identified False, sources none
[CA][tick=1][map=0][actor=Human98699@(639,903)][contact=(551,481)] Greyhound: SPOTS an unresolved hostile silhouette [hostile-id 98008, copied-cell (551, 0, 481), source-tick 1, acquired-tick 1, evidence Visual, source-id 98008, confidence 0.27, uncertainty 7.69, delivery None, reporter-id 98699, state Active]
[CA][tick=1][map=0][actor=Human98699@(639,903)][contact=(551,481)][anchor=(639,903)] Greyhound: battlefield perception ACQUIRED an unresolved hostile silhouette - distance 431.1 / map diagonal 1654.6, clear horizon 988.8, effective range 906.8, confidence 0.27, uncertainty 7.7 cells, soft occlusion 0.73 [plants 67, trees 0, partial cover 12, smoke 0], target glow 1.00, Sight 1.00 (range factor 0.92), medium/long acuity 1.00/1.00 -> distance factor 1.00, dark adaptation 0.00 -> light factor 1.00, weather factor 1.00, skill factor 1.00 [Shooting 10, Intellectual 2], limiting factor flora/cover/smoke 0.48, identified False, sources none
[CA][tick=1][map=0][actor=Human98699@(639,903)][contact=(568,480)] Greyhound: SPOTS an unresolved hostile silhouette [hostile-id 97977, copied-cell (568, 0, 480), source-tick 1, acquired-tick 1, evidence Visual, source-id 97977, confidence 0.31, uncertainty 7.11, delivery None, reporter-id 98699, state Active]
[CA][tick=1][map=0][actor=Human98699@(639,903)][contact=(568,480)][anchor=(639,903)] Greyhound: battlefield perception ACQUIRED an unresolved hostile silhouette - distance 428.9 / map diagonal 1654.6, clear horizon 988.8, effective range 906.8, confidence 0.31, uncertainty 7.1 cells, soft occlusion 0.63 [plants 49, trees 0, partial cover 13, smoke 0], target glow 1.00, Sight 1.00 (range factor 0.92), medium/long acuity 1.00/1.00 -> distance factor 1.00, dark adaptation 0.00 -> light factor 1.00, weather factor 1.00, skill factor 1.00 [Shooting 10, Intellectual 2], limiting factor flora/cover/smoke 0.53, identified False, sources none
[CA][tick=1][map=0][actor=Human98699@(639,903)][contact=(580,480)] Greyhound: SPOTS Viktor [hostile-id 97947, copied-cell (580, 0, 480), source-tick 1, acquired-tick 1, evidence Visual, source-id 97947, confidence 0.43, uncertainty 5.63, delivery None, reporter-id 98699, state Active]
[CA][tick=1][map=0][actor=Human98699@(639,903)][contact=(580,480)][anchor=(639,903)] Greyhound: battlefield perception ACQUIRED Viktor - distance 427.1 / map diagonal 1654.6, clear horizon 988.8, effective range 906.8, confidence 0.43, uncertainty 5.6 cells, soft occlusion 0.42 [plants 57, trees 0, partial cover 4, smoke 0], target glow 1.00, Sight 1.00 (range factor 0.92), medium/long acuity 1.00/1.00 -> distance factor 1.00, dark adaptation 0.00 -> light factor 1.00, weather factor 1.00, skill factor 1.00 [Shooting 10, Intellectual 2], limiting factor flora/cover/smoke 0.66, identified True, sources none
[CA][tick=1][map=0][actor=Human98699@(639,903)][contact=(566,476)] Greyhound: SPOTS an unresolved hostile silhouette [hostile-id 97938, copied-cell (566, 0, 476), source-tick 1, acquired-tick 1, evidence Visual, source-id 97938, confidence 0.32, uncertainty 7.02, delivery None, reporter-id 98699, state Active]
[CA][tick=1][map=0][actor=Human98699@(639,903)][contact=(566,476)][anchor=(639,903)] Greyhound: battlefield perception ACQUIRED an unresolved hostile silhouette - distance 433.2 / map diagonal 1654.6, clear horizon 988.8, effective range 906.8, confidence 0.32, uncertainty 7.0 cells, soft occlusion 0.62 [plants 52, trees 0, partial cover 12, smoke 0], target glow 1.00, Sight 1.00 (range factor 0.92), medium/long acuity 1.00/1.00 -> distance factor 1.00, dark adaptation 0.00 -> light factor 1.00, weather factor 1.00, skill factor 1.00 [Shooting 10, Intellectual 2], limiting factor flora/cover/smoke 0.54, identified False, sources none
[CA][tick=1][map=0][actor=Human98699@(639,903)][contact=(561,474)] Greyhound: SPOTS an unresolved hostile silhouette [hostile-id 97929, copied-cell (561, 0, 474), source-tick 1, acquired-tick 1, evidence Visual, source-id 97929, confidence 0.38, uncertainty 6.22, delivery None, reporter-id 98699, state Active]
[CA][tick=1][map=0][actor=Human98699@(639,903)][contact=(561,474)][anchor=(639,903)] Greyhound: battlefield perception ACQUIRED an unresolved hostile silhouette - distance 436.0 / map diagonal 1654.6, clear horizon 988.8, effective range 906.8, confidence 0.38, uncertainty 6.2 cells, soft occlusion 0.50 [plants 52, trees 0, partial cover 7, smoke 0], target glow 1.00, Sight 1.00 (range factor 0.92), medium/long acuity 1.00/1.00 -> distance factor 1.00, dark adaptation 0.00 -> light factor 1.00, weather factor 1.00, skill factor 1.00 [Shooting 10, Intellectual 2], limiting factor flora/cover/smoke 0.61, identified False, sources none
[CA][tick=1][map=0][actor=Human98692@(623,873)][contact=(568,480)] Art: SPOTS an unresolved hostile silhouette [hostile-id 97977, copied-cell (568, 0, 480), source-tick 1, acquired-tick 1, evidence Visual, source-id 97977, confidence 0.23, uncertainty 8.26, delivery None, reporter-id 98692, state Active]
[CA][tick=1][map=0][actor=Human98692@(623,873)][contact=(568,480)][anchor=(623,873)] Art: battlefield perception ACQUIRED an unresolved hostile silhouette - distance 396.8 / map diagonal 1654.6, clear horizon 988.8, effective range 885.4, confidence 0.23, uncertainty 8.3 cells, soft occlusion 0.84 [plants 49, trees 0, partial cover 21, smoke 0], target glow 1.00, Sight 1.00 (range factor 0.92), medium/long acuity 1.00/1.00 -> distance factor 1.00, dark adaptation 0.00 -> light factor 1.00, weather factor 1.00, skill factor 0.97 [Shooting 6, Intellectual 1], limiting factor flora/cover/smoke 0.43, identified False, sources none
[CA][tick=1][map=0][actor=Human98692@(623,873)][contact=(566,476)] Art: SPOTS an unresolved hostile silhouette [hostile-id 97938, copied-cell (566, 0, 476), source-tick 1, acquired-tick 1, evidence Visual, source-id 97938, confidence 0.34, uncertainty 6.76, delivery None, reporter-id 98692, state Active]
[CA][tick=1][map=0][actor=Human98692@(623,873)][contact=(566,476)][anchor=(623,873)] Art: battlefield perception ACQUIRED an unresolved hostile silhouette - distance 401.1 / map diagonal 1654.6, clear horizon 988.8, effective range 885.4, confidence 0.34, uncertainty 6.8 cells, soft occlusion 0.59 [plants 43, trees 0, partial cover 13, smoke 0], target glow 1.00, Sight 1.00 (range factor 0.92), medium/long acuity 1.00/1.00 -> distance factor 1.00, dark adaptation 0.00 -> light factor 1.00, weather factor 1.00, skill factor 0.97 [Shooting 6, Intellectual 1], limiting factor flora/cover/smoke 0.56, identified False, sources none
[CA][tick=1][map=0][actor=Human98692@(623,873)][contact=(561,474)] Art: SPOTS an unresolved hostile silhouette [hostile-id 97929, copied-cell (561, 0, 474), source-tick 1, acquired-tick 1, evidence Visual, source-id 97929, confidence 0.28, uncertainty 7.56, delivery None, reporter-id 98692, state Active]
[CA][tick=1][map=0][actor=Human98692@(623,873)][contact=(561,474)][anchor=(623,873)] Art: battlefield perception ACQUIRED an unresolved hostile silhouette - distance 403.8 / map diagonal 1654.6, clear horizon 988.8, effective range 885.4, confidence 0.28, uncertainty 7.6 cells, soft occlusion 0.71 [plants 42, trees 0, partial cover 18, smoke 0], target glow 1.00, Sight 1.00 (range factor 0.92), medium/long acuity 1.00/1.00 -> distance factor 1.00, dark adaptation 0.00 -> light factor 1.00, weather factor 1.00, skill factor 0.97 [Shooting 6, Intellectual 1], limiting factor flora/cover/smoke 0.49, identified False, sources none
[CA][tick=1][map=0][actor=Human98684@(630,915)][contact=(568,480)] Cella: SPOTS an unresolved hostile silhouette [hostile-id 97977, copied-cell (568, 0, 480), source-tick 1, acquired-tick 1, evidence Visual, source-id 97977, confidence 0.18, uncertainty 9.00, delivery None, reporter-id 98684, state Active]
[CA][tick=1][map=0][actor=Human98684@(630,915)][contact=(568,480)][anchor=(630,915)] Cella: battlefield perception ACQUIRED an unresolved hostile silhouette - distance 439.4 / map diagonal 1654.6, clear horizon 988.8, effective range 877.2, confidence 0.18, uncertainty 9.0 cells, soft occlusion 0.98 [plants 57, trees 0, partial cover 24, smoke 0], target glow 1.00, Sight 0.89 (range factor 0.86), medium/long acuity 1.00/1.00 -> distance factor 1.00, dark adaptation 0.00 -> light factor 1.00, weather factor 1.00, skill factor 1.03 [Shooting 15, Intellectual 4], limiting factor flora/cover/smoke 0.38, identified False, sources Right eye: 6 / 10
[CA][tick=1][map=0][actor=Human98684@(630,915)][contact=(566,476)] Cella: SPOTS an unresolved hostile silhouette [hostile-id 97938, copied-cell (566, 0, 476), source-tick 1, acquired-tick 1, evidence Visual, source-id 97938, confidence 0.24, uncertainty 8.13, delivery None, reporter-id 98684, state Active]
[CA][tick=1][map=0][actor=Human98684@(630,915)][contact=(566,476)][anchor=(630,915)] Cella: battlefield perception ACQUIRED an unresolved hostile silhouette - distance 443.6 / map diagonal 1654.6, clear horizon 988.8, effective range 877.2, confidence 0.24, uncertainty 8.1 cells, soft occlusion 0.80 [plants 51, trees 0, partial cover 19, smoke 0], target glow 1.00, Sight 0.89 (range factor 0.86), medium/long acuity 1.00/1.00 -> distance factor 1.00, dark adaptation 0.00 -> light factor 1.00, weather factor 1.00, skill factor 1.03 [Shooting 15, Intellectual 4], limiting factor flora/cover/smoke 0.45, identified False, sources Right eye: 6 / 10
[CA][tick=1][map=0][actor=Human98684@(630,915)][contact=(561,474)] Cella: SPOTS an unresolved hostile silhouette [hostile-id 97929, copied-cell (561, 0, 474), source-tick 1, acquired-tick 1, evidence Visual, source-id 97929, confidence 0.24, uncertainty 8.05, delivery None, reporter-id 98684, state Active]
[CA][tick=1][map=0][actor=Human98684@(630,915)][contact=(561,474)][anchor=(630,915)] Cella: battlefield perception ACQUIRED an unresolved hostile silhouette - distance 446.4 / map diagonal 1654.6, clear horizon 988.8, effective range 877.2, confidence 0.24, uncertainty 8.0 cells, soft occlusion 0.79 [plants 50, trees 0, partial cover 19, smoke 0], target glow 1.00, Sight 0.89 (range factor 0.86), medium/long acuity 1.00/1.00 -> distance factor 1.00, dark adaptation 0.00 -> light factor 1.00, weather factor 1.00, skill factor 1.03 [Shooting 15, Intellectual 4], limiting factor flora/cover/smoke 0.45, identified False, sources Right eye: 6 / 10
[CA][tick=1][map=0][actor=Human97574@(640,416)][contact=(639,894)] Dennis: is told about a contact [hostile-id 98755, copied-cell (639, 0, 894), source-tick 1, acquired-tick 1, evidence Visual, source-id 98755, confidence 1.00, uncertainty 0.00, delivery Voice, reporter-id 97593, state Active]
[CA][tick=1][map=0][actor=Human97574@(640,416)][contact=(639,903)] Dennis: is told about a contact [hostile-id 98699, copied-cell (639, 0, 903), source-tick 1, acquired-tick 1, evidence Visual, source-id 98699, confidence 1.00, uncertainty 0.00, delivery Voice, reporter-id 97593, state Active]
[CA][tick=1][map=0][actor=Human97616@(640,381)][contact=(639,903)] Kelly: is told about a contact [hostile-id 98699, copied-cell (639, 0, 903), source-tick 1, acquired-tick 1, evidence Visual, source-id 98699, confidence 1.00, uncertainty 0.00, delivery Voice, reporter-id 97582, state Active]
[CA][tick=1][map=0][actor=Human97929@(561,474)][contact=(620,881)] Hahn: is told about a contact [hostile-id 98770, copied-cell (620, 0, 881), source-tick 1, acquired-tick 1, evidence Visual, source-id 98770, confidence 1.00, uncertainty 0.00, delivery Voice, reporter-id 97977, state Active]
[CA][tick=1][map=0][actor=Human97929@(561,474)][contact=(627,860)] Hahn: is told about a contact [hostile-id 98713, copied-cell (627, 0, 860), source-tick 1, acquired-tick 1, evidence Visual, source-id 98713, confidence 1.00, uncertainty 0.00, delivery Voice, reporter-id 97977, state Active]
[CA][tick=1][map=0][actor=Human97977@(568,480)][contact=(636,863)] Parsons: is told about a contact [hostile-id 98747, copied-cell (636, 0, 863), source-tick 1, acquired-tick 1, evidence Visual, source-id 98747, confidence 1.00, uncertainty 0.00, delivery Voice, reporter-id 97929, state Active]
[CA][tick=1][map=0][actor=Human97977@(568,480)][contact=(626,881)] Parsons: is told about a contact [hostile-id 98706, copied-cell (626, 0, 881), source-tick 1, acquired-tick 1, evidence Visual, source-id 98706, confidence 1.00, uncertainty 0.00, delivery Voice, reporter-id 97929, state Active]
[CA][tick=1][map=0][actor=Human97938@(566,476)][contact=(636,863)] Doug: is told about a contact [hostile-id 98747, copied-cell (636, 0, 863), source-tick 1, acquired-tick 1, evidence Visual, source-id 98747, confidence 1.00, uncertainty 0.00, delivery Voice, reporter-id 97929, state Active]
[CA][tick=1][map=0][actor=Human97938@(566,476)][contact=(626,881)] Doug: is told about a contact [hostile-id 98706, copied-cell (626, 0, 881), source-tick 1, acquired-tick 1, evidence Visual, source-id 98706, confidence 1.00, uncertainty 0.00, delivery Voice, reporter-id 97929, state Active]
[CA][tick=1][map=0][actor=Human98706@(626,881)][contact=(568,480)] Marjot: is told about a contact [hostile-id 97977, copied-cell (568, 0, 480), source-tick 1, acquired-tick 1, evidence Visual, source-id 97977, confidence 1.00, uncertainty 0.00, delivery Voice, reporter-id 98770, state Active]
[CA][tick=1][map=0][actor=Human98706@(626,881)][contact=(580,480)] Marjot: is told about a contact [hostile-id 97947, copied-cell (580, 0, 480), source-tick 1, acquired-tick 1, evidence Visual, source-id 97947, confidence 1.00, uncertainty 0.00, delivery Voice, reporter-id 98770, state Active]
[CA][tick=1][map=0][actor=Human98706@(626,881)][contact=(566,476)] Marjot: is told about a contact [hostile-id 97938, copied-cell (566, 0, 476), source-tick 1, acquired-tick 1, evidence Visual, source-id 97938, confidence 1.00, uncertainty 0.00, delivery Voice, reporter-id 98770, state Active]
[CA][tick=1][map=0][actor=Human98692@(623,873)][contact=(580,480)] Art: is told about a contact [hostile-id 97947, copied-cell (580, 0, 480), source-tick 1, acquired-tick 1, evidence Visual, source-id 97947, confidence 1.00, uncertainty 0.00, delivery Voice, reporter-id 98770, state Active]
[CA][tick=1][map=0][actor=Human98713@(627,860)][contact=(551,481)] Furr: is told about a contact [hostile-id 98008, copied-cell (551, 0, 481), source-tick 1, acquired-tick 1, evidence Visual, source-id 98008, confidence 1.00, uncertainty 0.00, delivery Voice, reporter-id 98747, state Active]
[CA][tick=1][map=0][actor=Human98713@(627,860)][contact=(561,474)] Furr: is told about a contact [hostile-id 97929, copied-cell (561, 0, 474), source-tick 1, acquired-tick 1, evidence Visual, source-id 97929, confidence 1.00, uncertainty 0.00, delivery Voice, reporter-id 98747, state Active]
[CA][tick=1][map=0][actor=Human98730@(582,913)][contact=(580,480)] Hotaru: is told about a contact [hostile-id 97947, copied-cell (580, 0, 480), source-tick 1, acquired-tick 1, evidence Visual, source-id 97947, confidence 1.00, uncertainty 0.00, delivery Voice, reporter-id 98722, state Active]
[CA][tick=1][map=0][actor=Human98747@(636,863)][contact=(568,480)] Hanna: is told about a contact [hostile-id 97977, copied-cell (568, 0, 480), source-tick 1, acquired-tick 1, evidence Visual, source-id 97977, confidence 1.00, uncertainty 0.00, delivery Voice, reporter-id 98713, state Active]
[CA][tick=1][map=0][actor=Human98747@(636,863)][contact=(580,480)] Hanna: is told about a contact [hostile-id 97947, copied-cell (580, 0, 480), source-tick 1, acquired-tick 1, evidence Visual, source-id 97947, confidence 1.00, uncertainty 0.00, delivery Voice, reporter-id 98713, state Active]
[CA][tick=1][map=0][actor=Human98747@(636,863)][contact=(566,476)] Hanna: is told about a contact [hostile-id 97938, copied-cell (566, 0, 476), source-tick 1, acquired-tick 1, evidence Visual, source-id 97938, confidence 1.00, uncertainty 0.00, delivery Voice, reporter-id 98713, state Active]
[CA][tick=1][map=0][actor=Human98770@(620,881)][contact=(561,474)] Niko: is told about a contact [hostile-id 97929, copied-cell (561, 0, 474), source-tick 1, acquired-tick 1, evidence Visual, source-id 97929, confidence 1.00, uncertainty 0.00, delivery Voice, reporter-id 98706, state Active]
[CA][tick=1][map=0][actor=Human98755@(639,894)][contact=(633,386)] Oink: is told about a contact [hostile-id 97582, copied-cell (633, 0, 386), source-tick 1, acquired-tick 1, evidence Visual, source-id 97582, confidence 1.00, uncertainty 0.00, delivery Voice, reporter-id 98699, state Active]
[CA][tick=1][map=0][actor=Human98755@(639,894)][contact=(580,480)] Oink: is told about a contact [hostile-id 97947, copied-cell (580, 0, 480), source-tick 1, acquired-tick 1, evidence Visual, source-id 97947, confidence 1.00, uncertainty 0.00, delivery Voice, reporter-id 98699, state Active]
[CA][Regional][Renderer] replaced vanilla's 1000-cell north/south map-edge mask with a complete 2236x500 regional cap on 1236x1100 map 0
[Colonist Awareness] God Mode item mover input patch is active.
ThinkNode_PrioritySorter has child node which didn't give a priority: ColonistAwareness.JobGiver_CAWash
ThinkNode_PrioritySorter has child node which didn't give a priority: ColonistAwareness.JobGiver_CARelieve
ThinkNode_PrioritySorter has child node which didn't give a priority: ColonistAwareness.JobGiver_CADrink
[CA][Regional][Renderer] pacing sample map 0: 3 frames in 5446 ms (0.6 fps); process CPU 1.51 logical cores; CA draw 1.429 ms/frame; CA update 6.089 ms/frame; sections initialized 383, dirty 347, visible 24, offscreen dynamic 359, update candidates 138; vSyncCount 1, targetFrameRate 60, display refresh 60.00 Hz
[CA][Regional][Timing] region/room rebuild for 1236x1100 map 0 took 53 ms; dirty 74/1359600 (0.0 %); initialized=True
[CA][Regional][Timing] region/room rebuild for 1236x1100 map 0 took 50 ms; dirty 154/1359600 (0.0 %); initialized=True
[CA][Regional][Timing] region/room rebuild for 1236x1100 map 0 took 49 ms; dirty 154/1359600 (0.0 %); initialized=True
[CA][Regional][Timing] region/room rebuild for 1236x1100 map 0 took 48 ms; dirty 144/1359600 (0.0 %); initialized=True
[CA][Regional][Timing] region/room rebuild for 1236x1100 map 0 took 48 ms; dirty 143/1359600 (0.0 %); initialized=True
[CA][Regional][Timing] region/room rebuild for 1236x1100 map 0 took 50 ms; dirty 161/1359600 (0.0 %); initialized=True
[CA][Regional][Timing] region/room rebuild for 1236x1100 map 0 took 48 ms; dirty 79/1359600 (0.0 %); initialized=True
[CA][Regional][Timing] region/room rebuild for 1236x1100 map 0 took 48 ms; dirty 83/1359600 (0.0 %); initialized=True
[CA][Regional][Timing] region/room rebuild for 1236x1100 map 0 took 50 ms; dirty 90/1359600 (0.0 %); initialized=True
[CA][Regional][Timing] region/room rebuild for 1236x1100 map 0 took 52 ms; dirty 296/1359600 (0.0 %); initialized=True
[CA][Regional][Renderer] tactical mesh pressure: 0 cold visible sections; processed 6 with budget 6 in 26 ms; camera section delta 0,0; prefetch bounds 229x189
[CA][tick=31][map=0][actor=Human97947@(580,480)][contact=(638,895)] Viktor: SPOTS an unresolved hostile silhouette [hostile-id 98755, copied-cell (638, 0, 895), source-tick 31, acquired-tick 31, evidence Visual, source-id 98755, confidence 0.35, uncertainty 6.33, delivery None, reporter-id 97947, state Active]
[CA][tick=31][map=0][actor=Human97947@(580,480)][contact=(638,895)][anchor=(580,480)] Viktor: battlefield perception ACQUIRED an unresolved hostile silhouette - distance 419.0 / map diagonal 1654.6, clear horizon 988.8, effective range 847.0, confidence 0.35, uncertainty 6.3 cells, soft occlusion 0.44 [plants 55, trees 0, partial cover 5, smoke 0], target glow 0.84, Sight 1.00 (range factor 0.92), medium/long acuity 1.00/1.00 -> distance factor 1.00, dark adaptation 0.00 -> light factor 0.92, weather factor 1.00, skill factor 1.01 [Shooting 13, Intellectual 0], limiting factor flora/cover/smoke 0.64, identified False, sources none
[CA][tick=31][map=0][actor=Human97929@(561,473)][contact=(639,876)] Hahn: SPOTS an unresolved hostile silhouette [hostile-id 98778, copied-cell (639, 0, 876), source-tick 31, acquired-tick 31, evidence Visual, source-id 98778, confidence 0.36, uncertainty 6.55, delivery None, reporter-id 97929, state Active]
[CA][tick=31][map=0][actor=Human97929@(561,473)][contact=(639,876)][anchor=(561,473)] Hahn: battlefield perception ACQUIRED an unresolved hostile silhouette - distance 410.5 / map diagonal 1654.6, clear horizon 988.8, effective range 875.6, confidence 0.36, uncertainty 6.5 cells, soft occlusion 0.57 [plants 59, trees 0, partial cover 9, smoke 0], target glow 0.84, Sight 1.00 (range factor 0.92), medium/long acuity 1.00/1.00 -> distance factor 1.00, dark adaptation 0.00 -> light factor 0.92, weather factor 1.00, skill factor 1.04 [Shooting 19, Intellectual 1], limiting factor flora/cover/smoke 0.56, identified False, sources none
[CA][tick=31][map=0][actor=Human98778@(639,876)][contact=(561,473)] Dina: SPOTS an unresolved hostile silhouette [hostile-id 97929, copied-cell (561, 0, 473), source-tick 31, acquired-tick 31, evidence Visual, source-id 97929, confidence 0.35, uncertainty 6.61, delivery None, reporter-id 98778, state Active]
[CA][tick=31][map=0][actor=Human98778@(639,876)][contact=(561,473)][anchor=(639,876)] Dina: battlefield perception ACQUIRED an unresolved hostile silhouette - distance 410.5 / map diagonal 1654.6, clear horizon 988.8, effective range 810.3, confidence 0.35, uncertainty 6.6 cells, soft occlusion 0.57 [plants 59, trees 0, partial cover 9, smoke 0], target glow 0.84, Sight 1.00 (range factor 0.92), medium/long acuity 1.00/1.00 -> distance factor 1.00, dark adaptation 0.00 -> light factor 0.92, weather factor 1.00, skill factor 0.96 [Shooting 3, Intellectual 3], limiting factor flora/cover/smoke 0.56, identified False, sources none
[CA][tick=61][map=0][actor=Human97977@(568,476)][contact=(637,878)] Parsons: SPOTS an unresolved hostile silhouette [hostile-id 98778, copied-cell (637, 0, 878), source-tick 61, acquired-tick 61, evidence Visual, source-id 98778, confidence 0.40, uncertainty 6.01, delivery None, reporter-id 97977, state Active]
[CA][tick=61][map=0][actor=Human97977@(568,476)][contact=(637,878)][anchor=(568,476)] Parsons: battlefield perception ACQUIRED an unresolved hostile silhouette - distance 407.9 / map diagonal 1654.6, clear horizon 988.8, effective range 847.2, confidence 0.40, uncertainty 6.0 cells, soft occlusion 0.49 [plants 55, trees 0, partial cover 7, smoke 0], target glow 0.85, Sight 1.00 (range factor 0.92), medium/long acuity 1.00/1.00 -> distance factor 1.00, dark adaptation 0.00 -> light factor 0.93, weather factor 1.00, skill factor 1.01 [Shooting 10, Intellectual 5], limiting factor flora/cover/smoke 0.61, identified False, sources none
[CA][tick=61][map=0][actor=Human97947@(578,478)][contact=(633,866)] Viktor: SPOTS an unresolved hostile silhouette [hostile-id 98747, copied-cell (633, 0, 866), source-tick 61, acquired-tick 61, evidence Visual, source-id 98747, confidence 0.37, uncertainty 6.39, delivery None, reporter-id 97947, state Active]
[CA][tick=61][map=0][actor=Human97947@(578,478)][contact=(633,866)][anchor=(578,478)] Viktor: battlefield perception ACQUIRED an unresolved hostile silhouette - distance 391.9 / map diagonal 1654.6, clear horizon 988.8, effective range 848.5, confidence 0.37, uncertainty 6.4 cells, soft occlusion 0.55 [plants 44, trees 0, partial cover 11, smoke 0], target glow 0.85, Sight 1.00 (range factor 0.92), medium/long acuity 1.00/1.00 -> distance factor 1.00, dark adaptation 0.00 -> light factor 0.93, weather factor 1.00, skill factor 1.01 [Shooting 13, Intellectual 0], limiting factor flora/cover/smoke 0.58, identified False, sources none
[CA][tick=61][map=0][actor=Human97947@(578,478)][contact=(622,877)] Viktor: SPOTS an unresolved hostile silhouette [hostile-id 98692, copied-cell (622, 0, 877), source-tick 61, acquired-tick 61, evidence Visual, source-id 98692, confidence 0.30, uncertainty 7.34, delivery None, reporter-id 97947, state Active]
[CA][tick=61][map=0][actor=Human97947@(578,478)][contact=(622,877)][anchor=(578,478)] Viktor: battlefield perception ACQUIRED an unresolved hostile silhouette - distance 401.4 / map diagonal 1654.6, clear horizon 988.8, effective range 848.5, confidence 0.30, uncertainty 7.3 cells, soft occlusion 0.70 [plants 44, trees 0, partial cover 16, smoke 0], target glow 0.85, Sight 1.00 (range factor 0.92), medium/long acuity 1.00/1.00 -> distance factor 1.00, dark adaptation 0.00 -> light factor 0.93, weather factor 1.00, skill factor 1.01 [Shooting 13, Intellectual 0], limiting factor flora/cover/smoke 0.50, identified False, sources none
[CA][tick=61][map=0][actor=Human97938@(566,472)][contact=(637,878)] Doug: SPOTS an unresolved hostile silhouette [hostile-id 98778, copied-cell (637, 0, 878), source-tick 61, acquired-tick 61, evidence Visual, source-id 98778, confidence 0.33, uncertainty 6.90, delivery None, reporter-id 97938, state Active]
[CA][tick=61][map=0][actor=Human97938@(566,472)][contact=(637,878)][anchor=(566,472)] Doug: battlefield perception ACQUIRED an unresolved hostile silhouette - distance 412.2 / map diagonal 1654.6, clear horizon 988.8, effective range 823.3, confidence 0.33, uncertainty 6.9 cells, soft occlusion 0.62 [plants 50, trees 0, partial cover 12, smoke 0], target glow 0.85, Sight 1.00 (range factor 0.92), medium/long acuity 1.00/1.00 -> distance factor 1.00, dark adaptation 0.00 -> light factor 0.93, weather factor 1.00, skill factor 0.98 [Shooting 4, Intellectual 6], limiting factor flora/cover/smoke 0.54, identified False, sources none
[CA][tick=61][map=0][actor=Human98778@(637,878)][contact=(568,476)] Dina: SPOTS an unresolved hostile silhouette [hostile-id 97977, copied-cell (568, 0, 476), source-tick 61, acquired-tick 61, evidence Visual, source-id 97977, confidence 0.40, uncertainty 6.06, delivery None, reporter-id 98778, state Active]
[CA][tick=61][map=0][actor=Human98778@(637,878)][contact=(568,476)][anchor=(637,878)] Dina: battlefield perception ACQUIRED an unresolved hostile silhouette - distance 407.9 / map diagonal 1654.6, clear horizon 988.8, effective range 811.8, confidence 0.40, uncertainty 6.1 cells, soft occlusion 0.49 [plants 55, trees 0, partial cover 7, smoke 0], target glow 0.85, Sight 1.00 (range factor 0.92), medium/long acuity 1.00/1.00 -> distance factor 1.00, dark adaptation 0.00 -> light factor 0.93, weather factor 1.00, skill factor 0.96 [Shooting 3, Intellectual 3], limiting factor flora/cover/smoke 0.61, identified False, sources none
[CA][tick=61][map=0][actor=Human98778@(637,878)][contact=(566,472)] Dina: SPOTS an unresolved hostile silhouette [hostile-id 97938, copied-cell (566, 0, 472), source-tick 61, acquired-tick 61, evidence Visual, source-id 97938, confidence 0.33, uncertainty 6.91, delivery None, reporter-id 98778, state Active]
[CA][tick=61][map=0][actor=Human98778@(637,878)][contact=(566,472)][anchor=(637,878)] Dina: battlefield perception ACQUIRED an unresolved hostile silhouette - distance 412.2 / map diagonal 1654.6, clear horizon 988.8, effective range 811.8, confidence 0.33, uncertainty 6.9 cells, soft occlusion 0.62 [plants 50, trees 0, partial cover 12, smoke 0], target glow 0.85, Sight 1.00 (range factor 0.92), medium/long acuity 1.00/1.00 -> distance factor 1.00, dark adaptation 0.00 -> light factor 0.93, weather factor 1.00, skill factor 0.96 [Shooting 3, Intellectual 3], limiting factor flora/cover/smoke 0.54, identified False, sources none
[CA][tick=61][map=0][actor=Human97947@(578,478)][contact=(613,873)] Viktor: is told about a contact [hostile-id 98762, copied-cell (613, 0, 873), source-tick 61, acquired-tick 61, evidence Visual, source-id 98762, confidence 1.00, uncertainty 0.00, delivery Voice, reporter-id 97977, state Active]
[CA][tick=61][map=0][actor=Human97947@(578,478)][contact=(630,914)] Viktor: is told about a contact [hostile-id 98684, copied-cell (630, 0, 914), source-tick 31, acquired-tick 61, evidence Visual, source-id 98684, confidence 1.00, uncertainty 0.00, delivery Voice, reporter-id 97977, state Active]
[CA][tick=61][map=0][actor=Human97947@(578,478)][contact=(624,883)] Viktor: is told about a contact [hostile-id 98706, copied-cell (624, 0, 883), source-tick 61, acquired-tick 61, evidence Visual, source-id 98706, confidence 1.00, uncertainty 0.00, delivery Voice, reporter-id 97977, state Active]
[CA][tick=61][map=0][actor=Human97947@(578,478)][contact=(637,878)] Viktor: is told about a contact [hostile-id 98778, copied-cell (637, 0, 878), source-tick 61, acquired-tick 61, evidence Visual, source-id 98778, confidence 1.00, uncertainty 0.00, delivery Voice, reporter-id 97977, state Active]
[CA][tick=61][map=0][actor=Human97977@(568,476)][contact=(578,908)] Parsons: is told about a contact [hostile-id 98722, copied-cell (578, 0, 908), source-tick 1, acquired-tick 61, evidence Visual, source-id 98722, confidence 1.00, uncertainty 0.00, delivery Voice, reporter-id 97947, state Active]
[CA][tick=61][map=0][actor=Human98008@(551,478)][contact=(613,873)] Pentanet: is told about a contact [hostile-id 98762, copied-cell (613, 0, 873), source-tick 61, acquired-tick 61, evidence Visual, source-id 98762, confidence 1.00, uncertainty 0.00, delivery Voice, reporter-id 97929, state Active]
[CA][tick=61][map=0][actor=Human98008@(551,478)][contact=(624,883)] Pentanet: is told about a contact [hostile-id 98706, copied-cell (624, 0, 883), source-tick 61, acquired-tick 61, evidence Visual, source-id 98706, confidence 1.00, uncertainty 0.00, delivery Voice, reporter-id 97929, state Active]
[CA][tick=61][map=0][actor=Human98008@(551,478)][contact=(622,877)] Pentanet: is told about a contact [hostile-id 98692, copied-cell (622, 0, 877), source-tick 61, acquired-tick 61, evidence Visual, source-id 98692, confidence 1.00, uncertainty 0.00, delivery Voice, reporter-id 97929, state Active]
[CA][tick=61][map=0][actor=Human98008@(551,478)][contact=(630,912)] Pentanet: is told about a contact [hostile-id 98684, copied-cell (630, 0, 912), source-tick 61, acquired-tick 61, evidence Visual, source-id 98684, confidence 1.00, uncertainty 0.00, delivery Voice, reporter-id 97929, state Active]
[CA][tick=61][map=0][actor=Human98008@(551,478)][contact=(620,881)] Pentanet: is told about a contact [hostile-id 98770, copied-cell (620, 0, 881), source-tick 1, acquired-tick 61, evidence Visual, source-id 98770, confidence 1.00, uncertainty 0.00, delivery Voice, reporter-id 97929, state Active]
[CA][tick=61][map=0][actor=Human98008@(551,478)][contact=(627,860)] Pentanet: is told about a contact [hostile-id 98713, copied-cell (627, 0, 860), source-tick 1, acquired-tick 61, evidence Visual, source-id 98713, confidence 1.00, uncertainty 0.00, delivery Voice, reporter-id 97929, state Active]
[CA][tick=61][map=0][actor=Human98684@(630,912)][contact=(633,424)] Cella: is told about a contact [hostile-id 97593, copied-cell (633, 0, 424), source-tick 1, acquired-tick 61, evidence Visual, source-id 97593, confidence 1.00, uncertainty 0.00, delivery Voice, reporter-id 98699, state Active]
[CA][tick=61][map=0][actor=Human98684@(630,912)][contact=(633,386)] Cella: is told about a contact [hostile-id 97582, copied-cell (633, 0, 386), source-tick 1, acquired-tick 61, evidence Visual, source-id 97582, confidence 1.00, uncertainty 0.00, delivery Voice, reporter-id 98699, state Active]
[CA][tick=61][map=0][actor=Human98684@(630,912)][contact=(551,481)] Cella: is told about a contact [hostile-id 98008, copied-cell (551, 0, 481), source-tick 1, acquired-tick 61, evidence Visual, source-id 98008, confidence 1.00, uncertainty 0.00, delivery Voice, reporter-id 98699, state Active]
[CA][tick=61][map=0][actor=Human98684@(630,912)][contact=(578,478)] Cella: is told about a contact [hostile-id 97947, copied-cell (578, 0, 478), source-tick 61, acquired-tick 61, evidence Visual, source-id 97947, confidence 1.00, uncertainty 0.00, delivery Voice, reporter-id 98699, state Active]
[CA][tick=61][map=0][actor=Human98762@(613,873)][contact=(578,478)] Pepper: is told about a contact [hostile-id 97947, copied-cell (578, 0, 478), source-tick 61, acquired-tick 61, evidence Visual, source-id 97947, confidence 1.00, uncertainty 0.00, delivery Voice, reporter-id 98692, state Active]
[CA][tick=91][map=0][actor=Human98778@(635,880)][contact=(576,478)] Dina: SPOTS an unresolved hostile silhouette [hostile-id 97947, copied-cell (576, 0, 478), source-tick 91, acquired-tick 91, evidence Visual, source-id 97947, confidence 0.33, uncertainty 6.85, delivery None, reporter-id 98778, state Active]
[CA][tick=91][map=0][actor=Human98778@(635,880)][contact=(576,478)][anchor=(635,880)] Dina: battlefield perception ACQUIRED an unresolved hostile silhouette - distance 406.3 / map diagonal 1654.6, clear horizon 988.8, effective range 813.3, confidence 0.33, uncertainty 6.8 cells, soft occlusion 0.61 [plants 49, trees 0, partial cover 12, smoke 0], target glow 0.85, Sight 1.00 (range factor 0.92), medium/long acuity 1.00/1.00 -> distance factor 1.00, dark adaptation 0.00 -> light factor 0.93, weather factor 1.00, skill factor 0.96 [Shooting 3, Intellectual 3], limiting factor flora/cover/smoke 0.54, identified False, sources none
[CA][tick=121][map=0][actor=Human97938@(565,467)][contact=(578,908)] Doug: is told about a contact [hostile-id 98722, copied-cell (578, 0, 908), source-tick 1, acquired-tick 121, evidence Visual, source-id 98722, confidence 1.00, uncertainty 0.00, delivery Voice, reporter-id 97977, state Active]
[CA][tick=121][map=0][actor=Human97929@(560,466)][contact=(578,908)] Hahn: is told about a contact [hostile-id 98722, copied-cell (578, 0, 908), source-tick 1, acquired-tick 121, evidence Visual, source-id 98722, confidence 1.00, uncertainty 0.00, delivery Voice, reporter-id 97977, state Active]
[CA][tick=121][map=0][actor=Human98706@(622,885)][contact=(552,475)] Marjot: is told about a contact [hostile-id 98008, copied-cell (552, 0, 475), source-tick 121, acquired-tick 121, evidence Visual, source-id 98008, confidence 1.00, uncertainty 0.00, delivery Voice, reporter-id 98778, state Active]
[CA][Regional][Timing] region/room rebuild for 1236x1100 map 0 took 53 ms; dirty 111/1359600 (0.0 %); initialized=True
[CA][Regional][Timing] region/room rebuild for 1236x1100 map 0 took 51 ms; dirty 117/1359600 (0.0 %); initialized=True
[CA][Regional][Timing] region/room rebuild for 1236x1100 map 0 took 52 ms; dirty 99/1359600 (0.0 %); initialized=True
[CA][Regional][Timing] region/room rebuild for 1236x1100 map 0 took 50 ms; dirty 76/1359600 (0.0 %); initialized=True
[CA][Regional][Timing] region/room rebuild for 1236x1100 map 0 took 50 ms; dirty 96/1359600 (0.0 %); initialized=True
[CA][Regional][Timing] region/room rebuild for 1236x1100 map 0 took 52 ms; dirty 96/1359600 (0.0 %); initialized=True
[CA][Regional][Timing] region/room rebuild for 1236x1100 map 0 took 53 ms; dirty 84/1359600 (0.0 %); initialized=True
[CA][Regional][Timing] region/room rebuild for 1236x1100 map 0 took 47 ms; dirty 72/1359600 (0.0 %); initialized=True
[CA][Regional][Timing] region/room rebuild for 1236x1100 map 0 took 52 ms; dirty 96/1359600 (0.0 %); initialized=True
[CA][Regional][Timing] region/room rebuild for 1236x1100 map 0 took 52 ms; dirty 72/1359600 (0.0 %); initialized=True
[CA][Regional][Timing] region/room rebuild for 1236x1100 map 0 took 50 ms; dirty 76/1359600 (0.0 %); initialized=True
[CA][Regional][Timing] region/room rebuild for 1236x1100 map 0 took 50 ms; dirty 74/1359600 (0.0 %); initialized=True
[CA][Regional][Timing] region/room rebuild for 1236x1100 map 0 took 49 ms; dirty 136/1359600 (0.0 %); initialized=True
[CA][Regional][Timing] region/room rebuild for 1236x1100 map 0 took 50 ms; dirty 96/1359600 (0.0 %); initialized=True
[CA][tick=151][map=0][actor=Human97641@(645,366)][contact=(601,868)] James: SPOTS an unresolved hostile silhouette [hostile-id 98676, copied-cell (601, 0, 868), source-tick 151, acquired-tick 151, evidence Visual, source-id 98676, confidence 0.22, uncertainty 8.31, delivery None, reporter-id 97641, state Active]
[CA][tick=151][map=0][actor=Human97641@(645,366)][contact=(601,868)][anchor=(645,366)] James: battlefield perception ACQUIRED an unresolved hostile silhouette - distance 503.9 / map diagonal 1654.6, clear horizon 988.8, effective range 800.4, confidence 0.22, uncertainty 8.3 cells, soft occlusion 0.83 [plants 69, trees 0, partial cover 15, smoke 0], target glow 0.86, Sight 1.00 (range factor 0.92), medium/long acuity 1.00/1.00 -> distance factor 1.00, dark adaptation 0.00 -> light factor 0.93, weather factor 1.00, skill factor 0.95 [Shooting 1, Intellectual 0], limiting factor flora/cover/smoke 0.44, identified False, sources none
[CA][tick=151][map=0][actor=Human97593@(642,415)][contact=(601,868)] Kana: SPOTS an unresolved hostile silhouette [hostile-id 98676, copied-cell (601, 0, 868), source-tick 151, acquired-tick 151, evidence Visual, source-id 98676, confidence 0.24, uncertainty 8.19, delivery None, reporter-id 97593, state Active]
[CA][tick=151][map=0][actor=Human97593@(642,415)][contact=(601,868)][anchor=(642,415)] Kana: battlefield perception ACQUIRED an unresolved hostile silhouette - distance 454.9 / map diagonal 1654.6, clear horizon 988.8, effective range 855.6, confidence 0.24, uncertainty 8.2 cells, soft occlusion 0.83 [plants 52, trees 0, partial cover 19, smoke 0], target glow 0.86, Sight 1.00 (range factor 0.92), medium/long acuity 1.00/1.00 -> distance factor 1.00, dark adaptation 0.00 -> light factor 0.93, weather factor 1.00, skill factor 1.01 [Shooting 13, Intellectual 1], limiting factor flora/cover/smoke 0.44, identified False, sources none
[CA][tick=151][map=0][actor=Human97582@(643,387)][contact=(601,868)] Mash: SPOTS an unresolved hostile silhouette [hostile-id 98676, copied-cell (601, 0, 868), source-tick 151, acquired-tick 151, evidence Visual, source-id 98676, confidence 0.26, uncertainty 7.80, delivery None, reporter-id 97582, state Active]
[CA][tick=151][map=0][actor=Human97582@(643,387)][contact=(601,868)][anchor=(643,387)] Mash: battlefield perception ACQUIRED an unresolved hostile silhouette - distance 482.8 / map diagonal 1654.6, clear horizon 988.8, effective range 883.7, confidence 0.26, uncertainty 7.8 cells, soft occlusion 0.76 [plants 66, trees 0, partial cover 13, smoke 0], target glow 0.86, Sight 1.00 (range factor 0.92), medium/long acuity 1.00/1.00 -> distance factor 1.00, dark adaptation 0.00 -> light factor 0.93, weather factor 1.00, skill factor 1.04 [Shooting 14, Intellectual 11], limiting factor flora/cover/smoke 0.47, identified False, sources none
[CA][tick=151][map=0][actor=Human97551@(647,370)][contact=(601,868)] Paisley: SPOTS an unresolved hostile silhouette [hostile-id 98676, copied-cell (601, 0, 868), source-tick 151, acquired-tick 151, evidence Visual, source-id 98676, confidence 0.20, uncertainty 8.68, delivery None, reporter-id 97551, state Active]
[CA][tick=151][map=0][actor=Human97551@(647,370)][contact=(601,868)][anchor=(647,370)] Paisley: battlefield perception ACQUIRED an unresolved hostile silhouette - distance 500.1 / map diagonal 1654.6, clear horizon 988.8, effective range 862.3, confidence 0.20, uncertainty 8.7 cells, soft occlusion 0.91 [plants 57, trees 0, partial cover 21, smoke 0], target glow 0.86, Sight 1.00 (range factor 0.92), medium/long acuity 1.00/1.00 -> distance factor 1.00, dark adaptation 0.00 -> light factor 0.93, weather factor 1.00, skill factor 1.02 [Shooting 14, Intellectual 2], limiting factor flora/cover/smoke 0.40, identified False, sources none
[CA][tick=151][map=0][actor=Human98326@(963,664)][contact=(961,245)] Giggles: SPOTS an unresolved hostile silhouette [hostile-id 425, copied-cell (961, 0, 245), source-tick 151, acquired-tick 151, evidence Visual, source-id 425, confidence 0.21, uncertainty 8.30, delivery None, reporter-id 98326, state Active]
[CA][tick=151][map=0][actor=Human98326@(963,664)][contact=(961,245)][anchor=(963,664)] Giggles: battlefield perception ACQUIRED an unresolved hostile silhouette - distance 419.0 / map diagonal 1654.6, clear horizon 988.8, effective range 867.4, confidence 0.21, uncertainty 8.3 cells, soft occlusion 0.78 [plants 38, trees 0, partial cover 20, smoke 0], target glow 0.86, Sight 1.00 (range factor 0.92), medium/long acuity 1.00/1.00 -> distance factor 1.00, dark adaptation 0.00 -> light factor 0.93, weather factor 1.00, skill factor 1.02 [Shooting 13, Intellectual 6], limiting factor flora/cover/smoke 0.46, identified False, sources none
[CA][tick=151][map=0][actor=Human98676@(601,868)][contact=(645,366)] Chili: SPOTS an unresolved hostile silhouette [hostile-id 97641, copied-cell (645, 0, 366), source-tick 151, acquired-tick 151, evidence Visual, source-id 97641, confidence 0.23, uncertainty 8.26, delivery None, reporter-id 98676, state Active]
[CA][tick=151][map=0][actor=Human98676@(601,868)][contact=(645,366)][anchor=(601,868)] Chili: battlefield perception ACQUIRED an unresolved hostile silhouette - distance 503.9 / map diagonal 1654.6, clear horizon 988.8, effective range 840.0, confidence 0.23, uncertainty 8.3 cells, soft occlusion 0.83 [plants 69, trees 0, partial cover 15, smoke 0], target glow 0.86, Sight 1.00 (range factor 0.92), medium/long acuity 1.00/1.00 -> distance factor 1.00, dark adaptation 0.00 -> light factor 0.93, weather factor 1.00, skill factor 0.99 [Shooting 10, Intellectual 0], limiting factor flora/cover/smoke 0.44, identified False, sources none
[CA][tick=151][map=0][actor=Human98676@(601,868)][contact=(642,415)] Chili: SPOTS an unresolved hostile silhouette [hostile-id 97593, copied-cell (642, 0, 415), source-tick 151, acquired-tick 151, evidence Visual, source-id 97593, confidence 0.23, uncertainty 8.20, delivery None, reporter-id 98676, state Active]
[CA][tick=151][map=0][actor=Human98676@(601,868)][contact=(642,415)][anchor=(601,868)] Chili: battlefield perception ACQUIRED an unresolved hostile silhouette - distance 454.9 / map diagonal 1654.6, clear horizon 988.8, effective range 840.0, confidence 0.23, uncertainty 8.2 cells, soft occlusion 0.83 [plants 52, trees 0, partial cover 19, smoke 0], target glow 0.86, Sight 1.00 (range factor 0.92), medium/long acuity 1.00/1.00 -> distance factor 1.00, dark adaptation 0.00 -> light factor 0.93, weather factor 1.00, skill factor 0.99 [Shooting 10, Intellectual 0], limiting factor flora/cover/smoke 0.44, identified False, sources none
[CA][tick=151][map=0][actor=Human98676@(601,868)][contact=(643,387)] Chili: SPOTS an unresolved hostile silhouette [hostile-id 97582, copied-cell (643, 0, 387), source-tick 151, acquired-tick 151, evidence Visual, source-id 97582, confidence 0.26, uncertainty 7.84, delivery None, reporter-id 98676, state Active]
[CA][tick=151][map=0][actor=Human98676@(601,868)][contact=(643,387)][anchor=(601,868)] Chili: battlefield perception ACQUIRED an unresolved hostile silhouette - distance 482.8 / map diagonal 1654.6, clear horizon 988.8, effective range 840.0, confidence 0.26, uncertainty 7.8 cells, soft occlusion 0.76 [plants 66, trees 0, partial cover 13, smoke 0], target glow 0.86, Sight 1.00 (range factor 0.92), medium/long acuity 1.00/1.00 -> distance factor 1.00, dark adaptation 0.00 -> light factor 0.93, weather factor 1.00, skill factor 0.99 [Shooting 10, Intellectual 0], limiting factor flora/cover/smoke 0.47, identified False, sources none
[CA][tick=151][map=0][actor=Human98676@(601,868)][contact=(647,370)] Chili: SPOTS an unresolved hostile silhouette [hostile-id 97551, copied-cell (647, 0, 370), source-tick 151, acquired-tick 151, evidence Visual, source-id 97551, confidence 0.20, uncertainty 8.70, delivery None, reporter-id 98676, state Active]
[CA][tick=151][map=0][actor=Human98676@(601,868)][contact=(647,370)][anchor=(601,868)] Chili: battlefield perception ACQUIRED an unresolved hostile silhouette - distance 500.1 / map diagonal 1654.6, clear horizon 988.8, effective range 840.0, confidence 0.20, uncertainty 8.7 cells, soft occlusion 0.91 [plants 57, trees 0, partial cover 21, smoke 0], target glow 0.86, Sight 1.00 (range factor 0.92), medium/long acuity 1.00/1.00 -> distance factor 1.00, dark adaptation 0.00 -> light factor 0.93, weather factor 1.00, skill factor 0.99 [Shooting 10, Intellectual 0], limiting factor flora/cover/smoke 0.40, identified False, sources none
[CA][tick=151][map=0][actor=Human425@(961,245)][contact=(963,664)] Bit: SPOTS an unresolved hostile silhouette [hostile-id 98326, copied-cell (963, 0, 664), source-tick 151, acquired-tick 151, evidence Visual, source-id 98326, confidence 0.25, uncertainty 7.93, delivery None, reporter-id 425, state Active]
[CA][tick=151][map=0][actor=Human425@(961,245)][contact=(963,664)][anchor=(961,245)] Bit: battlefield perception ACQUIRED an unresolved hostile silhouette - distance 419.0 / map diagonal 1654.6, clear horizon 988.8, effective range 798.3, confidence 0.25, uncertainty 7.9 cells, soft occlusion 0.78 [plants 38, trees 0, partial cover 20, smoke 0], target glow 0.86, Sight 1.00 (range factor 0.92), medium/long acuity 1.00/1.00 -> distance factor 1.00, dark adaptation 0.00 -> light factor 0.93, weather factor 1.00, skill factor 0.94 [Shooting 0, Intellectual 1], limiting factor flora/cover/smoke 0.46, identified False, sources none
[CA][Settlements] Assembly of the Ford: central authority, 3 member settlements, shared [defense, diplomacy, taxes, decisions, disputes]
[CA][Exercise] receipts written
[CA][tick=165][map=0][actor=Human425@(960,245)] Bit: wears permitted protective apparel flak vest (normal)
[CA][tick=181][map=0][actor=Human97998@(548,449)][contact=(625,873)] Sheya: SPOTS an unresolved hostile silhouette [hostile-id 98713, copied-cell (625, 0, 873), source-tick 181, acquired-tick 181, evidence Visual, source-id 98713, confidence 0.22, uncertainty 8.42, delivery None, reporter-id 97998, state Active]
[CA][tick=181][map=0][actor=Human97998@(548,449)][contact=(625,873)][anchor=(548,449)] Sheya: battlefield perception ACQUIRED an unresolved hostile silhouette - distance 430.9 / map diagonal 1654.6, clear horizon 988.8, effective range 809.3, confidence 0.22, uncertainty 8.4 cells, soft occlusion 0.87 [plants 64, trees 0, partial cover 18, smoke 0], target glow 0.86, Sight 1.00 (range factor 0.92), medium/long acuity 1.00/1.00 -> distance factor 1.00, dark adaptation 0.00 -> light factor 0.93, weather factor 1.00, skill factor 0.95 [Shooting 0, Intellectual 5], limiting factor flora/cover/smoke 0.42, identified False, sources none
[CA][tick=181][map=0][actor=Human98713@(625,873)][contact=(548,449)] Furr: SPOTS an unresolved hostile silhouette [hostile-id 97998, copied-cell (548, 0, 449), source-tick 181, acquired-tick 181, evidence Visual, source-id 97998, confidence 0.22, uncertainty 8.40, delivery None, reporter-id 98713, state Active]
[CA][tick=181][map=0][actor=Human98713@(625,873)][contact=(548,449)][anchor=(625,873)] Furr: battlefield perception ACQUIRED an unresolved hostile silhouette - distance 430.9 / map diagonal 1654.6, clear horizon 988.8, effective range 838.1, confidence 0.22, uncertainty 8.4 cells, soft occlusion 0.87 [plants 64, trees 0, partial cover 18, smoke 0], target glow 0.86, Sight 1.00 (range factor 0.92), medium/long acuity 1.00/1.00 -> distance factor 1.00, dark adaptation 0.00 -> light factor 0.93, weather factor 1.00, skill factor 0.99 [Shooting 6, Intellectual 6], limiting factor flora/cover/smoke 0.42, identified False, sources none
[CA][tick=181][map=0][actor=Human97574@(649,405)][contact=(603,870)] Dennis: is told about a contact [hostile-id 98676, copied-cell (603, 0, 870), source-tick 181, acquired-tick 181, evidence Visual, source-id 98676, confidence 1.00, uncertainty 0.00, delivery Voice, reporter-id 97593, state Active]
[CA][tick=181][map=0][actor=Human97616@(648,392)][contact=(603,870)] Kelly: is told about a contact [hostile-id 98676, copied-cell (603, 0, 870), source-tick 181, acquired-tick 181, evidence Visual, source-id 98676, confidence 1.00, uncertainty 0.00, delivery Voice, reporter-id 97582, state Active]
[CA][tick=181][map=0][actor=Human97655@(659,405)][contact=(639,894)] Jet: is told about a contact [hostile-id 98755, copied-cell (639, 0, 894), source-tick 1, acquired-tick 181, evidence Visual, source-id 98755, confidence 1.00, uncertainty 0.00, delivery Voice, reporter-id 97574, state Active]
[CA][tick=181][map=0][actor=Human97655@(659,405)][contact=(639,903)] Jet: is told about a contact [hostile-id 98699, copied-cell (639, 0, 903), source-tick 1, acquired-tick 181, evidence Visual, source-id 98699, confidence 1.00, uncertainty 0.00, delivery Voice, reporter-id 97574, state Active]
[CA][tick=181][map=0][actor=Human98003@(546,457)][contact=(625,873)] Veli: is told about a contact [hostile-id 98713, copied-cell (625, 0, 873), source-tick 181, acquired-tick 181, evidence Visual, source-id 98713, confidence 1.00, uncertainty 0.00, delivery Voice, reporter-id 97998, state Active]
[CA][tick=181][map=0][actor=Human98008@(553,471)][contact=(578,908)] Pentanet: is told about a contact [hostile-id 98722, copied-cell (578, 0, 908), source-tick 1, acquired-tick 181, evidence Visual, source-id 98722, confidence 1.00, uncertainty 0.00, delivery Voice, reporter-id 97938, state Active]
[CA][tick=181][map=0][actor=Human98737@(608,901)][contact=(567,472)] Bells: is told about a contact [hostile-id 97977, copied-cell (567, 0, 472), source-tick 121, acquired-tick 181, evidence Visual, source-id 97977, confidence 1.00, uncertainty 0.00, delivery Voice, reporter-id 98770, state Active]
[CA][tick=181][map=0][actor=Human98737@(608,901)][contact=(574,477)] Bells: is told about a contact [hostile-id 97947, copied-cell (574, 0, 477), source-tick 121, acquired-tick 181, evidence Visual, source-id 97947, confidence 1.00, uncertainty 0.00, delivery Voice, reporter-id 98770, state Active]
[CA][tick=181][map=0][actor=Human98737@(608,901)][contact=(565,467)] Bells: is told about a contact [hostile-id 97938, copied-cell (565, 0, 467), source-tick 121, acquired-tick 181, evidence Visual, source-id 97938, confidence 1.00, uncertainty 0.00, delivery Voice, reporter-id 98770, state Active]
[CA][tick=181][map=0][actor=Human98737@(608,901)][contact=(560,466)] Bells: is told about a contact [hostile-id 97929, copied-cell (560, 0, 466), source-tick 121, acquired-tick 181, evidence Visual, source-id 97929, confidence 1.00, uncertainty 0.00, delivery Voice, reporter-id 98770, state Active]
[CA][tick=181][map=0][actor=Human98676@(603,870)][contact=(567,472)] Chili: is told about a contact [hostile-id 97977, copied-cell (567, 0, 472), source-tick 121, acquired-tick 181, evidence Visual, source-id 97977, confidence 1.00, uncertainty 0.00, delivery Voice, reporter-id 98762, state Active]
[CA][tick=181][map=0][actor=Human98676@(603,870)][contact=(565,467)] Chili: is told about a contact [hostile-id 97938, copied-cell (565, 0, 467), source-tick 121, acquired-tick 181, evidence Visual, source-id 97938, confidence 1.00, uncertainty 0.00, delivery Voice, reporter-id 98762, state Active]
[CA][tick=181][map=0][actor=Human98676@(603,870)][contact=(560,468)] Chili: is told about a contact [hostile-id 97929, copied-cell (560, 0, 468), source-tick 91, acquired-tick 181, evidence Visual, source-id 97929, confidence 1.00, uncertainty 0.00, delivery Voice, reporter-id 98762, state Active]
[CA][tick=181][map=0][actor=Human98676@(603,870)][contact=(574,477)] Chili: is told about a contact [hostile-id 97947, copied-cell (574, 0, 477), source-tick 121, acquired-tick 181, evidence Visual, source-id 97947, confidence 1.00, uncertainty 0.00, delivery Voice, reporter-id 98762, state Active]
[CA][tick=181][map=0][actor=Human98778@(629,886)][contact=(633,424)] Dina: is told about a contact [hostile-id 97593, copied-cell (633, 0, 424), source-tick 1, acquired-tick 181, evidence Visual, source-id 97593, confidence 1.00, uncertainty 0.00, delivery Voice, reporter-id 98755, state Active]
[CA][tick=181][map=0][actor=Human98778@(629,886)][contact=(633,386)] Dina: is told about a contact [hostile-id 97582, copied-cell (633, 0, 386), source-tick 1, acquired-tick 181, evidence Visual, source-id 97582, confidence 1.00, uncertainty 0.00, delivery Voice, reporter-id 98755, state Active]
[CA][tick=181][map=0][actor=Human98747@(627,873)][contact=(548,449)] Hanna: is told about a contact [hostile-id 97998, copied-cell (548, 0, 449), source-tick 181, acquired-tick 181, evidence Visual, source-id 97998, confidence 1.00, uncertainty 0.00, delivery Voice, reporter-id 98713, state Active]
[CA][tick=181][map=0][actor=Human98770@(615,893)][contact=(552,475)] Niko: is told about a contact [hostile-id 98008, copied-cell (552, 0, 475), source-tick 121, acquired-tick 181, evidence Visual, source-id 98008, confidence 1.00, uncertainty 0.00, delivery Voice, reporter-id 98706, state Active]
[CA][tick=181][map=0][actor=Human98692@(616,884)][contact=(552,475)] Art: is told about a contact [hostile-id 98008, copied-cell (552, 0, 475), source-tick 121, acquired-tick 181, evidence Visual, source-id 98008, confidence 1.00, uncertainty 0.00, delivery Voice, reporter-id 98706, state Active]
[CA][tick=181][map=0][actor=Human98762@(606,881)][contact=(645,366)] Pepper: is told about a contact [hostile-id 97641, copied-cell (645, 0, 366), source-tick 151, acquired-tick 181, evidence Visual, source-id 97641, confidence 0.23, uncertainty 8.26, delivery Voice, reporter-id 98676, state Active]
[CA][tick=181][map=0][actor=Human98762@(606,881)][contact=(644,413)] Pepper: is told about a contact [hostile-id 97593, copied-cell (644, 0, 413), source-tick 181, acquired-tick 181, evidence Visual, source-id 97593, confidence 1.00, uncertainty 0.00, delivery Voice, reporter-id 98676, state Active]
[CA][tick=181][map=0][actor=Human98762@(606,881)][contact=(645,389)] Pepper: is told about a contact [hostile-id 97582, copied-cell (645, 0, 389), source-tick 181, acquired-tick 181, evidence Visual, source-id 97582, confidence 1.00, uncertainty 0.00, delivery Voice, reporter-id 98676, state Active]
[CA][tick=181][map=0][actor=Human98762@(606,881)][contact=(647,370)] Pepper: is told about a contact [hostile-id 97551, copied-cell (647, 0, 370), source-tick 151, acquired-tick 181, evidence Visual, source-id 97551, confidence 0.20, uncertainty 8.70, delivery Voice, reporter-id 98676, state Active]
[CA][tick=181][map=0][actor=Human428@(964,243)][contact=(965,664)] Pixie: is told about a contact [hostile-id 98326, copied-cell (965, 0, 664), source-tick 181, acquired-tick 181, evidence Visual, source-id 98326, confidence 1.00, uncertainty 0.00, delivery Voice, reporter-id 425, state Active]
[CA][tick=181][map=0][actor=Human431@(965,240)][contact=(965,664)] Hampton: is told about a contact [hostile-id 98326, copied-cell (965, 0, 664), source-tick 181, acquired-tick 181, evidence Visual, source-id 98326, confidence 1.00, uncertainty 0.00, delivery Voice, reporter-id 425, state Active]
[CA][tick=195][map=0][actor=Human428@(964,243)] Pixie: takes permitted weapon plasteel knife (normal)
[CA][tick=210][map=0][actor=Human431@(965,240)] Hampton: takes permitted weapon revolver (normal)
[CA][tick=211][map=0][actor=Human97998@(550,448)][contact=(627,888)] Sheya: SPOTS an unresolved hostile silhouette [hostile-id 98778, copied-cell (627, 0, 888), source-tick 211, acquired-tick 211, evidence Visual, source-id 98778, confidence 0.24, uncertainty 8.08, delivery None, reporter-id 97998, state Active]
[CA][tick=211][map=0][actor=Human97998@(550,448)][contact=(627,888)][anchor=(550,448)] Sheya: battlefield perception ACQUIRED an unresolved hostile silhouette - distance 446.7 / map diagonal 1654.6, clear horizon 988.8, effective range 810.7, confidence 0.24, uncertainty 8.1 cells, soft occlusion 0.81 [plants 70, trees 0, partial cover 13, smoke 0], target glow 0.86, Sight 1.00 (range factor 0.92), medium/long acuity 1.00/1.00 -> distance factor 1.00, dark adaptation 0.00 -> light factor 0.93, weather factor 1.00, skill factor 0.95 [Shooting 0, Intellectual 5], limiting factor flora/cover/smoke 0.45, identified False, sources none
[CA][tick=211][map=0][actor=Human97998@(550,448)][contact=(625,875)] Sheya: SPOTS an unresolved hostile silhouette [hostile-id 98747, copied-cell (625, 0, 875), source-tick 211, acquired-tick 211, evidence Visual, source-id 98747, confidence 0.25, uncertainty 7.99, delivery None, reporter-id 97998, state Active]
[CA][tick=211][map=0][actor=Human97998@(550,448)][contact=(625,875)][anchor=(550,448)] Sheya: battlefield perception ACQUIRED an unresolved hostile silhouette - distance 433.5 / map diagonal 1654.6, clear horizon 988.8, effective range 810.7, confidence 0.25, uncertainty 8.0 cells, soft occlusion 0.79 [plants 65, trees 0, partial cover 14, smoke 0], target glow 0.86, Sight 1.00 (range factor 0.92), medium/long acuity 1.00/1.00 -> distance factor 1.00, dark adaptation 0.00 -> light factor 0.93, weather factor 1.00, skill factor 0.95 [Shooting 0, Intellectual 5], limiting factor flora/cover/smoke 0.45, identified False, sources none
[CA][tick=211][map=0][actor=Human97998@(550,448)][contact=(627,904)] Sheya: SPOTS an unresolved hostile silhouette [hostile-id 98684, copied-cell (627, 0, 904), source-tick 211, acquired-tick 211, evidence Visual, source-id 98684, confidence 0.24, uncertainty 8.05, delivery None, reporter-id 97998, state Active]
[CA][tick=211][map=0][actor=Human97998@(550,448)][contact=(627,904)][anchor=(550,448)] Sheya: battlefield perception ACQUIRED an unresolved hostile silhouette - distance 462.5 / map diagonal 1654.6, clear horizon 988.8, effective range 810.7, confidence 0.24, uncertainty 8.0 cells, soft occlusion 0.79 [plants 65, trees 0, partial cover 15, smoke 0], target glow 0.86, Sight 1.00 (range factor 0.92), medium/long acuity 1.00/1.00 -> distance factor 1.00, dark adaptation 0.00 -> light factor 0.93, weather factor 1.00, skill factor 0.95 [Shooting 0, Intellectual 5], limiting factor flora/cover/smoke 0.45, identified False, sources none
[CA][tick=211][map=0][actor=Human98778@(627,888)][contact=(550,448)] Dina: SPOTS an unresolved hostile silhouette [hostile-id 97998, copied-cell (550, 0, 448), source-tick 211, acquired-tick 211, evidence Visual, source-id 97998, confidence 0.24, uncertainty 8.07, delivery None, reporter-id 98778, state Active]
[CA][tick=211][map=0][actor=Human98778@(627,888)][contact=(550,448)][anchor=(627,888)] Dina: battlefield perception ACQUIRED an unresolved hostile silhouette - distance 446.7 / map diagonal 1654.6, clear horizon 988.8, effective range 819.2, confidence 0.24, uncertainty 8.1 cells, soft occlusion 0.81 [plants 70, trees 0, partial cover 13, smoke 0], target glow 0.86, Sight 1.00 (range factor 0.92), medium/long acuity 1.00/1.00 -> distance factor 1.00, dark adaptation 0.00 -> light factor 0.93, weather factor 1.00, skill factor 0.96 [Shooting 3, Intellectual 3], limiting factor flora/cover/smoke 0.45, identified False, sources none
[CA][tick=211][map=0][actor=Human98684@(627,904)][contact=(550,448)] Cella: SPOTS an unresolved hostile silhouette [hostile-id 97998, copied-cell (550, 0, 448), source-tick 211, acquired-tick 211, evidence Visual, source-id 97998, confidence 0.24, uncertainty 8.04, delivery None, reporter-id 98684, state Active]
[CA][tick=211][map=0][actor=Human98684@(627,904)][contact=(550,448)][anchor=(627,904)] Cella: battlefield perception ACQUIRED an unresolved hostile silhouette - distance 462.5 / map diagonal 1654.6, clear horizon 988.8, effective range 820.1, confidence 0.24, uncertainty 8.0 cells, soft occlusion 0.79 [plants 65, trees 0, partial cover 15, smoke 0], target glow 0.86, Sight 0.89 (range factor 0.86), medium/long acuity 1.00/1.00 -> distance factor 1.00, dark adaptation 0.00 -> light factor 0.93, weather factor 1.00, skill factor 1.03 [Shooting 15, Intellectual 4], limiting factor flora/cover/smoke 0.45, identified False, sources Right eye: 6 / 10
[CA][tick=241][map=0][actor=Human97626@(686,388)][contact=(962,245)] Grell: SPOTS an unresolved hostile silhouette [hostile-id 425, copied-cell (962, 0, 245), source-tick 241, acquired-tick 241, evidence Visual, source-id 425, confidence 0.27, uncertainty 7.55, delivery None, reporter-id 97626, state Active]
[CA][tick=241][map=0][actor=Human97626@(686,388)][contact=(962,245)][anchor=(686,388)] Grell: battlefield perception ACQUIRED an unresolved hostile silhouette - distance 310.8 / map diagonal 1654.6, clear horizon 988.8, effective range 873.4, confidence 0.27, uncertainty 7.6 cells, soft occlusion 0.67 [plants 39, trees 0, partial cover 15, smoke 0], target glow 0.87, Sight 1.00 (range factor 0.92), medium/long acuity 1.00/1.00 -> distance factor 1.00, dark adaptation 0.00 -> light factor 0.94, weather factor 1.00, skill factor 1.03 [Shooting 16, Intellectual 1], limiting factor flora/cover/smoke 0.51, identified False, sources none
[CA][tick=241][map=0][actor=Human98003@(551,457)][contact=(625,890)] Veli: SPOTS an unresolved hostile silhouette [hostile-id 98778, copied-cell (625, 0, 890), source-tick 241, acquired-tick 241, evidence Visual, source-id 98778, confidence 0.26, uncertainty 7.86, delivery None, reporter-id 98003, state Active]
[CA][tick=241][map=0][actor=Human98003@(551,457)][contact=(625,890)][anchor=(551,457)] Veli: battlefield perception ACQUIRED an unresolved hostile silhouette - distance 439.3 / map diagonal 1654.6, clear horizon 988.8, effective range 822.7, confidence 0.26, uncertainty 7.9 cells, soft occlusion 0.77 [plants 63, trees 0, partial cover 15, smoke 0], target glow 0.87, Sight 1.00 (range factor 0.92), medium/long acuity 1.00/1.00 -> distance factor 1.00, dark adaptation 0.00 -> light factor 0.94, weather factor 1.00, skill factor 0.97 [Shooting 4, Intellectual 2], limiting factor flora/cover/smoke 0.46, identified False, sources none
[CA][tick=241][map=0][actor=Human98003@(551,457)][contact=(623,877)] Veli: SPOTS an unresolved hostile silhouette [hostile-id 98747, copied-cell (623, 0, 877), source-tick 241, acquired-tick 241, evidence Visual, source-id 98747, confidence 0.27, uncertainty 7.75, delivery None, reporter-id 98003, state Active]
[CA][tick=241][map=0][actor=Human98003@(551,457)][contact=(623,877)][anchor=(551,457)] Veli: battlefield perception ACQUIRED an unresolved hostile silhouette - distance 426.1 / map diagonal 1654.6, clear horizon 988.8, effective range 822.7, confidence 0.27, uncertainty 7.7 cells, soft occlusion 0.75 [plants 63, trees 0, partial cover 15, smoke 0], target glow 0.87, Sight 1.00 (range factor 0.92), medium/long acuity 1.00/1.00 -> distance factor 1.00, dark adaptation 0.00 -> light factor 0.94, weather factor 1.00, skill factor 0.97 [Shooting 4, Intellectual 2], limiting factor flora/cover/smoke 0.47, identified False, sources none
[CA][tick=241][map=0][actor=Human98778@(625,890)][contact=(551,457)] Dina: SPOTS an unresolved hostile silhouette [hostile-id 98003, copied-cell (551, 0, 457), source-tick 241, acquired-tick 241, evidence Visual, source-id 98003, confidence 0.26, uncertainty 7.86, delivery None, reporter-id 98778, state Active]
[CA][tick=241][map=0][actor=Human98778@(625,890)][contact=(551,457)][anchor=(625,890)] Dina: battlefield perception ACQUIRED an unresolved hostile silhouette - distance 439.3 / map diagonal 1654.6, clear horizon 988.8, effective range 820.7, confidence 0.26, uncertainty 7.9 cells, soft occlusion 0.77 [plants 63, trees 0, partial cover 15, smoke 0], target glow 0.87, Sight 1.00 (range factor 0.92), medium/long acuity 1.00/1.00 -> distance factor 1.00, dark adaptation 0.00 -> light factor 0.94, weather factor 1.00, skill factor 0.96 [Shooting 3, Intellectual 3], limiting factor flora/cover/smoke 0.46, identified False, sources none
[CA][tick=241][map=0][actor=Human98747@(623,877)][contact=(551,457)] Hanna: SPOTS an unresolved hostile silhouette [hostile-id 98003, copied-cell (551, 0, 457), source-tick 241, acquired-tick 241, evidence Visual, source-id 98003, confidence 0.26, uncertainty 7.77, delivery None, reporter-id 98747, state Active]
[CA][tick=241][map=0][actor=Human98747@(623,877)][contact=(551,457)][anchor=(623,877)] Hanna: battlefield perception ACQUIRED an unresolved hostile silhouette - distance 426.1 / map diagonal 1654.6, clear horizon 988.8, effective range 800.2, confidence 0.26, uncertainty 7.8 cells, soft occlusion 0.75 [plants 63, trees 0, partial cover 15, smoke 0], target glow 0.87, Sight 1.00 (range factor 0.92), medium/long acuity 1.00/1.00 -> distance factor 1.00, dark adaptation 0.00 -> light factor 0.94, weather factor 1.00, skill factor 0.94 [Shooting 0, Intellectual 0], limiting factor flora/cover/smoke 0.47, identified False, sources none
[CA][tick=241][map=0][actor=Human425@(962,245)][contact=(686,388)] Bit: SPOTS an unresolved hostile silhouette [hostile-id 97626, copied-cell (686, 0, 388), source-tick 241, acquired-tick 241, evidence Visual, source-id 97626, confidence 0.33, uncertainty 7.07, delivery None, reporter-id 425, state Active]
[CA][tick=241][map=0][actor=Human425@(962,245)][contact=(686,388)][anchor=(962,245)] Bit: battlefield perception ACQUIRED an unresolved hostile silhouette - distance 310.8 / map diagonal 1654.6, clear horizon 988.8, effective range 802.6, confidence 0.33, uncertainty 7.1 cells, soft occlusion 0.67 [plants 39, trees 0, partial cover 15, smoke 0], target glow 0.87, Sight 1.00 (range factor 0.92), medium/long acuity 1.00/1.00 -> distance factor 1.00, dark adaptation 0.00 -> light factor 0.94, weather factor 1.00, skill factor 0.94 [Shooting 0, Intellectual 1], limiting factor flora/cover/smoke 0.51, identified False, sources none
[CA][tick=241][map=0][actor=Human97648@(664,393)][contact=(639,894)] Tim: is told about a contact [hostile-id 98755, copied-cell (639, 0, 894), source-tick 1, acquired-tick 241, evidence Visual, source-id 98755, confidence 1.00, uncertainty 0.00, delivery Voice, reporter-id 97655, state Active]
[CA][tick=241][map=0][actor=Human97648@(664,393)][contact=(639,903)] Tim: is told about a contact [hostile-id 98699, copied-cell (639, 0, 903), source-tick 1, acquired-tick 241, evidence Visual, source-id 98699, confidence 1.00, uncertainty 0.00, delivery Voice, reporter-id 97655, state Active]
[CA][tick=241][map=0][actor=Human97608@(667,393)][contact=(639,894)] Tasya: is told about a contact [hostile-id 98755, copied-cell (639, 0, 894), source-tick 1, acquired-tick 241, evidence Visual, source-id 98755, confidence 1.00, uncertainty 0.00, delivery Voice, reporter-id 97655, state Active]
[CA][tick=241][map=0][actor=Human97608@(667,393)][contact=(639,903)] Tasya: is told about a contact [hostile-id 98699, copied-cell (639, 0, 903), source-tick 1, acquired-tick 241, evidence Visual, source-id 98699, confidence 1.00, uncertainty 0.00, delivery Voice, reporter-id 97655, state Active]
[CA][tick=241][map=0][actor=Human97567@(664,406)][contact=(639,894)] Chigg: is told about a contact [hostile-id 98755, copied-cell (639, 0, 894), source-tick 1, acquired-tick 241, evidence Visual, source-id 98755, confidence 1.00, uncertainty 0.00, delivery Voice, reporter-id 97655, state Active]
[CA][tick=241][map=0][actor=Human97567@(664,406)][contact=(639,903)] Chigg: is told about a contact [hostile-id 98699, copied-cell (639, 0, 903), source-tick 1, acquired-tick 241, evidence Visual, source-id 98699, confidence 1.00, uncertainty 0.00, delivery Voice, reporter-id 97655, state Active]
[CA][tick=241][map=0][actor=Human97633@(682,392)][contact=(962,245)] Nicole: is told about a contact [hostile-id 425, copied-cell (962, 0, 245), source-tick 241, acquired-tick 241, evidence Visual, source-id 425, confidence 1.00, uncertainty 0.00, delivery Voice, reporter-id 97626, state Active]
[CA][tick=241][map=0][actor=Human97648@(664,393)][contact=(603,870)] Tim: is told about a contact [hostile-id 98676, copied-cell (603, 0, 870), source-tick 181, acquired-tick 241, evidence Visual, source-id 98676, confidence 1.00, uncertainty 0.00, delivery Voice, reporter-id 97616, state Active]
[CA][tick=241][map=0][actor=Human97655@(663,401)][contact=(603,870)] Jet: is told about a contact [hostile-id 98676, copied-cell (603, 0, 870), source-tick 181, acquired-tick 241, evidence Visual, source-id 98676, confidence 1.00, uncertainty 0.00, delivery Voice, reporter-id 97574, state Active]
[CA][tick=241][map=0][actor=Human97616@(653,393)][contact=(639,894)] Kelly: is told about a contact [hostile-id 98755, copied-cell (639, 0, 894), source-tick 1, acquired-tick 241, evidence Visual, source-id 98755, confidence 1.00, uncertainty 0.00, delivery Voice, reporter-id 97574, state Active]
[CA][tick=241][map=0][actor=Human97582@(649,393)][contact=(639,894)] Mash: is told about a contact [hostile-id 98755, copied-cell (639, 0, 894), source-tick 1, acquired-tick 241, evidence Visual, source-id 98755, confidence 1.00, uncertainty 0.00, delivery Voice, reporter-id 97574, state Active]
[CA][tick=241][map=0][actor=Human98003@(551,457)][contact=(627,897)] Veli: is told about a contact [hostile-id 98755, copied-cell (627, 0, 897), source-tick 181, acquired-tick 241, evidence Visual, source-id 98755, confidence 1.00, uncertainty 0.00, delivery Voice, reporter-id 98008, state Active]
[CA][tick=241][map=0][actor=Human98003@(551,457)][contact=(626,901)] Veli: is told about a contact [hostile-id 98699, copied-cell (626, 0, 901), source-tick 181, acquired-tick 241, evidence Visual, source-id 98699, confidence 1.00, uncertainty 0.00, delivery Voice, reporter-id 98008, state Active]
[CA][tick=241][map=0][actor=Human98003@(551,457)][contact=(611,875)] Veli: is told about a contact [hostile-id 98762, copied-cell (611, 0, 875), source-tick 91, acquired-tick 241, evidence Visual, source-id 98762, confidence 1.00, uncertainty 0.00, delivery Voice, reporter-id 98008, state Active]
[CA][tick=241][map=0][actor=Human98003@(551,457)][contact=(621,886)] Veli: is told about a contact [hostile-id 98706, copied-cell (621, 0, 886), source-tick 151, acquired-tick 241, evidence Visual, source-id 98706, confidence 1.00, uncertainty 0.00, delivery Voice, reporter-id 98008, state Active]
[CA][tick=241][map=0][actor=Human98003@(551,457)][contact=(619,880)] Veli: is told about a contact [hostile-id 98692, copied-cell (619, 0, 880), source-tick 121, acquired-tick 241, evidence Visual, source-id 98692, confidence 1.00, uncertainty 0.00, delivery Voice, reporter-id 98008, state Active]
[CA][tick=241][map=0][actor=Human98003@(551,457)][contact=(626,903)] Veli: is told about a contact [hostile-id 98684, copied-cell (626, 0, 903), source-tick 241, acquired-tick 241, evidence Visual, source-id 98684, confidence 1.00, uncertainty 0.00, delivery Voice, reporter-id 98008, state Active]
[CA][tick=241][map=0][actor=Human98003@(551,457)][contact=(620,885)] Veli: is told about a contact [hostile-id 98770, copied-cell (620, 0, 885), source-tick 61, acquired-tick 241, evidence Visual, source-id 98770, confidence 1.00, uncertainty 0.00, delivery Voice, reporter-id 98008, state Active]
[CA][tick=241][map=0][actor=Human98003@(551,457)][contact=(578,908)] Veli: is told about a contact [hostile-id 98722, copied-cell (578, 0, 908), source-tick 1, acquired-tick 241, evidence Visual, source-id 98722, confidence 1.00, uncertainty 0.00, delivery Voice, reporter-id 98008, state Active]
[CA][tick=241][map=0][actor=Human97993@(561,441)][contact=(624,875)] Omar: is told about a contact [hostile-id 98713, copied-cell (624, 0, 875), source-tick 211, acquired-tick 241, evidence Visual, source-id 98713, confidence 1.00, uncertainty 0.00, delivery Voice, reporter-id 97998, state Active]
[CA][tick=241][map=0][actor=Human97993@(561,441)][contact=(627,888)] Omar: is told about a contact [hostile-id 98778, copied-cell (627, 0, 888), source-tick 211, acquired-tick 241, evidence Visual, source-id 98778, confidence 0.24, uncertainty 8.08, delivery Voice, reporter-id 97998, state Active]
[CA][tick=241][map=0][actor=Human97993@(561,441)][contact=(625,875)] Omar: is told about a contact [hostile-id 98747, copied-cell (625, 0, 875), source-tick 211, acquired-tick 241, evidence Visual, source-id 98747, confidence 0.25, uncertainty 7.99, delivery Voice, reporter-id 97998, state Active]
[CA][tick=241][map=0][actor=Human97993@(561,441)][contact=(627,904)] Omar: is told about a contact [hostile-id 98684, copied-cell (627, 0, 904), source-tick 211, acquired-tick 241, evidence Visual, source-id 98684, confidence 0.24, uncertainty 8.05, delivery Voice, reporter-id 97998, state Active]
[CA][tick=241][map=0][actor=Human97964@(561,449)][contact=(624,875)] Bender: is told about a contact [hostile-id 98713, copied-cell (624, 0, 875), source-tick 211, acquired-tick 241, evidence Visual, source-id 98713, confidence 1.00, uncertainty 0.00, delivery Voice, reporter-id 97998, state Active]
[CA][tick=241][map=0][actor=Human97964@(561,449)][contact=(627,888)] Bender: is told about a contact [hostile-id 98778, copied-cell (627, 0, 888), source-tick 211, acquired-tick 241, evidence Visual, source-id 98778, confidence 0.24, uncertainty 8.08, delivery Voice, reporter-id 97998, state Active]
[CA][tick=241][map=0][actor=Human97964@(561,449)][contact=(625,875)] Bender: is told about a contact [hostile-id 98747, copied-cell (625, 0, 875), source-tick 211, acquired-tick 241, evidence Visual, source-id 98747, confidence 0.25, uncertainty 7.99, delivery Voice, reporter-id 97998, state Active]
[CA][tick=241][map=0][actor=Human97964@(561,449)][contact=(627,904)] Bender: is told about a contact [hostile-id 98684, copied-cell (627, 0, 904), source-tick 211, acquired-tick 241, evidence Visual, source-id 98684, confidence 0.24, uncertainty 8.05, delivery Voice, reporter-id 97998, state Active]
[CA][tick=241][map=0][actor=Human97964@(561,449)][contact=(618,890)] Bender: is told about a contact [hostile-id 98770, copied-cell (618, 0, 890), source-tick 121, acquired-tick 241, evidence Visual, source-id 98770, confidence 1.00, uncertainty 0.00, delivery Voice, reporter-id 97938, state Active]
[CA][tick=241][map=0][actor=Human97964@(561,449)][contact=(610,877)] Bender: is told about a contact [hostile-id 98762, copied-cell (610, 0, 877), source-tick 121, acquired-tick 241, evidence Visual, source-id 98762, confidence 1.00, uncertainty 0.00, delivery Voice, reporter-id 97938, state Active]
[CA][tick=241][map=0][actor=Human97964@(561,449)][contact=(624,898)] Bender: is told about a contact [hostile-id 98755, copied-cell (624, 0, 898), source-tick 211, acquired-tick 241, evidence Visual, source-id 98755, confidence 1.00, uncertainty 0.00, delivery Voice, reporter-id 97938, state Active]
[CA][tick=241][map=0][actor=Human97964@(561,449)][contact=(624,899)] Bender: is told about a contact [hostile-id 98699, copied-cell (624, 0, 899), source-tick 211, acquired-tick 241, evidence Visual, source-id 98699, confidence 1.00, uncertainty 0.00, delivery Voice, reporter-id 97938, state Active]
[CA][tick=241][map=0][actor=Human97964@(561,449)][contact=(616,884)] Bender: is told about a contact [hostile-id 98692, copied-cell (616, 0, 884), source-tick 181, acquired-tick 241, evidence Visual, source-id 98692, confidence 1.00, uncertainty 0.00, delivery Voice, reporter-id 97938, state Active]
[CA][tick=241][map=0][actor=Human97964@(561,449)][contact=(620,887)] Bender: is told about a contact [hostile-id 98706, copied-cell (620, 0, 887), source-tick 181, acquired-tick 241, evidence Visual, source-id 98706, confidence 1.00, uncertainty 0.00, delivery Voice, reporter-id 97938, state Active]
[CA][tick=241][map=0][actor=Human97964@(561,449)][contact=(578,908)] Bender: is told about a contact [hostile-id 98722, copied-cell (578, 0, 908), source-tick 1, acquired-tick 241, evidence Visual, source-id 98722, confidence 1.00, uncertainty 0.00, delivery Voice, reporter-id 97938, state Active]
[CA][tick=241][map=0][actor=Human97998@(553,448)][contact=(610,877)] Sheya: is told about a contact [hostile-id 98762, copied-cell (610, 0, 877), source-tick 121, acquired-tick 241, evidence Visual, source-id 98762, confidence 1.00, uncertainty 0.00, delivery Voice, reporter-id 97929, state Active]
[CA][tick=241][map=0][actor=Human97998@(553,448)][contact=(627,897)] Sheya: is told about a contact [hostile-id 98755, copied-cell (627, 0, 897), source-tick 181, acquired-tick 241, evidence Visual, source-id 98755, confidence 1.00, uncertainty 0.00, delivery Voice, reporter-id 97929, state Active]
[CA][tick=241][map=0][actor=Human97998@(553,448)][contact=(620,887)] Sheya: is told about a contact [hostile-id 98706, copied-cell (620, 0, 887), source-tick 181, acquired-tick 241, evidence Visual, source-id 98706, confidence 1.00, uncertainty 0.00, delivery Voice, reporter-id 97929, state Active]
[CA][tick=241][map=0][actor=Human97998@(553,448)][contact=(626,901)] Sheya: is told about a contact [hostile-id 98699, copied-cell (626, 0, 901), source-tick 181, acquired-tick 241, evidence Visual, source-id 98699, confidence 1.00, uncertainty 0.00, delivery Voice, reporter-id 97929, state Active]
[CA][tick=241][map=0][actor=Human97998@(553,448)][contact=(616,884)] Sheya: is told about a contact [hostile-id 98692, copied-cell (616, 0, 884), source-tick 181, acquired-tick 241, evidence Visual, source-id 98692, confidence 1.00, uncertainty 0.00, delivery Voice, reporter-id 97929, state Active]
[CA][tick=241][map=0][actor=Human97998@(553,448)][contact=(618,890)] Sheya: is told about a contact [hostile-id 98770, copied-cell (618, 0, 890), source-tick 121, acquired-tick 241, evidence Visual, source-id 98770, confidence 1.00, uncertainty 0.00, delivery Voice, reporter-id 97929, state Active]
[CA][tick=241][map=0][actor=Human97998@(553,448)][contact=(578,908)] Sheya: is told about a contact [hostile-id 98722, copied-cell (578, 0, 908), source-tick 1, acquired-tick 241, evidence Visual, source-id 98722, confidence 1.00, uncertainty 0.00, delivery Voice, reporter-id 97929, state Active]
[CA][tick=241][map=0][actor=Human98410@(981,664)][contact=(959,245)] Skye: is told about a contact [hostile-id 425, copied-cell (959, 0, 245), source-tick 181, acquired-tick 241, evidence Visual, source-id 425, confidence 1.00, uncertainty 0.00, delivery Voice, reporter-id 98326, state Active]
[CA][tick=241][map=0][actor=Human98302@(981,661)][contact=(959,245)] Berger: is told about a contact [hostile-id 425, copied-cell (959, 0, 245), source-tick 181, acquired-tick 241, evidence Visual, source-id 425, confidence 1.00, uncertainty 0.00, delivery Voice, reporter-id 98326, state Active]
[CA][tick=241][map=0][actor=Human98755@(622,897)][contact=(550,448)] Oink: is told about a contact [hostile-id 97998, copied-cell (550, 0, 448), source-tick 211, acquired-tick 241, evidence Visual, source-id 97998, confidence 0.24, uncertainty 8.07, delivery Voice, reporter-id 98778, state Active]
[CA][tick=241][map=0][actor=Human98755@(622,897)][contact=(551,457)] Oink: is told about a contact [hostile-id 98003, copied-cell (551, 0, 457), source-tick 241, acquired-tick 241, evidence Visual, source-id 98003, confidence 1.00, uncertainty 0.00, delivery Voice, reporter-id 98778, state Active]
[CA][tick=241][map=0][actor=Human98706@(617,890)][contact=(633,424)] Marjot: is told about a contact [hostile-id 97593, copied-cell (633, 0, 424), source-tick 1, acquired-tick 241, evidence Visual, source-id 97593, confidence 1.00, uncertainty 0.00, delivery Voice, reporter-id 98778, state Active]
[CA][tick=241][map=0][actor=Human98706@(617,890)][contact=(633,386)] Marjot: is told about a contact [hostile-id 97582, copied-cell (633, 0, 386), source-tick 1, acquired-tick 241, evidence Visual, source-id 97582, confidence 1.00, uncertainty 0.00, delivery Voice, reporter-id 98778, state Active]
[CA][tick=241][map=0][actor=Human98706@(617,890)][contact=(550,448)] Marjot: is told about a contact [hostile-id 97998, copied-cell (550, 0, 448), source-tick 211, acquired-tick 241, evidence Visual, source-id 97998, confidence 0.24, uncertainty 8.07, delivery Voice, reporter-id 98778, state Active]
[CA][tick=241][map=0][actor=Human98706@(617,890)][contact=(551,457)] Marjot: is told about a contact [hostile-id 98003, copied-cell (551, 0, 457), source-tick 241, acquired-tick 241, evidence Visual, source-id 98003, confidence 1.00, uncertainty 0.00, delivery Voice, reporter-id 98778, state Active]
[CA][tick=241][map=0][actor=Human98699@(622,897)][contact=(550,448)] Greyhound: is told about a contact [hostile-id 97998, copied-cell (550, 0, 448), source-tick 211, acquired-tick 241, evidence Visual, source-id 97998, confidence 0.24, uncertainty 8.07, delivery Voice, reporter-id 98778, state Active]
[CA][tick=241][map=0][actor=Human98699@(622,897)][contact=(551,457)] Greyhound: is told about a contact [hostile-id 98003, copied-cell (551, 0, 457), source-tick 241, acquired-tick 241, evidence Visual, source-id 98003, confidence 1.00, uncertainty 0.00, delivery Voice, reporter-id 98778, state Active]
[CA][tick=241][map=0][actor=Human98692@(614,887)][contact=(633,424)] Art: is told about a contact [hostile-id 97593, copied-cell (633, 0, 424), source-tick 1, acquired-tick 241, evidence Visual, source-id 97593, confidence 1.00, uncertainty 0.00, delivery Voice, reporter-id 98778, state Active]
[CA][tick=241][map=0][actor=Human98692@(614,887)][contact=(633,386)] Art: is told about a contact [hostile-id 97582, copied-cell (633, 0, 386), source-tick 1, acquired-tick 241, evidence Visual, source-id 97582, confidence 1.00, uncertainty 0.00, delivery Voice, reporter-id 98778, state Active]
[CA][tick=241][map=0][actor=Human98692@(614,887)][contact=(550,448)] Art: is told about a contact [hostile-id 97998, copied-cell (550, 0, 448), source-tick 211, acquired-tick 241, evidence Visual, source-id 97998, confidence 0.24, uncertainty 8.07, delivery Voice, reporter-id 98778, state Active]
[CA][tick=241][map=0][actor=Human98692@(614,887)][contact=(551,457)] Art: is told about a contact [hostile-id 98003, copied-cell (551, 0, 457), source-tick 241, acquired-tick 241, evidence Visual, source-id 98003, confidence 1.00, uncertainty 0.00, delivery Voice, reporter-id 98778, state Active]
[CA][tick=241][map=0][actor=Human98762@(606,886)][contact=(552,475)] Pepper: is told about a contact [hostile-id 98008, copied-cell (552, 0, 475), source-tick 121, acquired-tick 241, evidence Visual, source-id 98008, confidence 1.00, uncertainty 0.00, delivery Voice, reporter-id 98770, state Active]
[CA][tick=241][map=0][actor=Human98737@(609,901)][contact=(552,475)] Bells: is told about a contact [hostile-id 98008, copied-cell (552, 0, 475), source-tick 121, acquired-tick 241, evidence Visual, source-id 98008, confidence 1.00, uncertainty 0.00, delivery Voice, reporter-id 98770, state Active]
[CA][tick=241][map=0][actor=Human98770@(610,893)][contact=(645,366)] Niko: is told about a contact [hostile-id 97641, copied-cell (645, 0, 366), source-tick 151, acquired-tick 241, evidence Visual, source-id 97641, confidence 0.23, uncertainty 8.26, delivery Voice, reporter-id 98762, state Active]
[CA][tick=241][map=0][actor=Human98770@(610,893)][contact=(644,413)] Niko: is told about a contact [hostile-id 97593, copied-cell (644, 0, 413), source-tick 181, acquired-tick 241, evidence Visual, source-id 97593, confidence 1.00, uncertainty 0.00, delivery Voice, reporter-id 98762, state Active]
[CA][tick=241][map=0][actor=Human98770@(610,893)][contact=(645,389)] Niko: is told about a contact [hostile-id 97582, copied-cell (645, 0, 389), source-tick 181, acquired-tick 241, evidence Visual, source-id 97582, confidence 1.00, uncertainty 0.00, delivery Voice, reporter-id 98762, state Active]
[CA][tick=241][map=0][actor=Human98770@(610,893)][contact=(647,370)] Niko: is told about a contact [hostile-id 97551, copied-cell (647, 0, 370), source-tick 151, acquired-tick 241, evidence Visual, source-id 97551, confidence 0.20, uncertainty 8.70, delivery Voice, reporter-id 98762, state Active]
[CA][tick=241][map=0][actor=Human98706@(617,890)][contact=(645,366)] Marjot: is told about a contact [hostile-id 97641, copied-cell (645, 0, 366), source-tick 151, acquired-tick 241, evidence Visual, source-id 97641, confidence 0.23, uncertainty 8.26, delivery Voice, reporter-id 98762, state Active]
[CA][tick=241][map=0][actor=Human98706@(617,890)][contact=(647,370)] Marjot: is told about a contact [hostile-id 97551, copied-cell (647, 0, 370), source-tick 151, acquired-tick 241, evidence Visual, source-id 97551, confidence 0.20, uncertainty 8.70, delivery Voice, reporter-id 98762, state Active]
[CA][tick=241][map=0][actor=Human98692@(614,887)][contact=(645,366)] Art: is told about a contact [hostile-id 97641, copied-cell (645, 0, 366), source-tick 151, acquired-tick 241, evidence Visual, source-id 97641, confidence 0.23, uncertainty 8.26, delivery Voice, reporter-id 98762, state Active]
[CA][tick=241][map=0][actor=Human98692@(614,887)][contact=(647,370)] Art: is told about a contact [hostile-id 97551, copied-cell (647, 0, 370), source-tick 151, acquired-tick 241, evidence Visual, source-id 97551, confidence 0.20, uncertainty 8.70, delivery Voice, reporter-id 98762, state Active]
[CA][tick=241][map=0][actor=Human98713@(622,877)][contact=(551,457)] Furr: is told about a contact [hostile-id 98003, copied-cell (551, 0, 457), source-tick 241, acquired-tick 241, evidence Visual, source-id 98003, confidence 1.00, uncertainty 0.00, delivery Voice, reporter-id 98747, state Active]
[CA][tick=241][map=0][actor=Human98730@(598,903)][contact=(567,472)] Hotaru: is told about a contact [hostile-id 97977, copied-cell (567, 0, 472), source-tick 121, acquired-tick 241, evidence Visual, source-id 97977, confidence 1.00, uncertainty 0.00, delivery Voice, reporter-id 98737, state Active]
[CA][tick=241][map=0][actor=Human98730@(598,903)][contact=(565,467)] Hotaru: is told about a contact [hostile-id 97938, copied-cell (565, 0, 467), source-tick 121, acquired-tick 241, evidence Visual, source-id 97938, confidence 1.00, uncertainty 0.00, delivery Voice, reporter-id 98737, state Active]
[CA][tick=241][map=0][actor=Human98730@(598,903)][contact=(560,466)] Hotaru: is told about a contact [hostile-id 97929, copied-cell (560, 0, 466), source-tick 121, acquired-tick 241, evidence Visual, source-id 97929, confidence 1.00, uncertainty 0.00, delivery Voice, reporter-id 98737, state Active]
[CA][tick=241][map=0][actor=Human428@(965,243)][contact=(686,388)] Pixie: is told about a contact [hostile-id 97626, copied-cell (686, 0, 388), source-tick 241, acquired-tick 241, evidence Visual, source-id 97626, confidence 1.00, uncertainty 0.00, delivery Voice, reporter-id 425, state Active]
[CA][tick=241][map=0][actor=Human431@(965,240)][contact=(686,388)] Hampton: is told about a contact [hostile-id 97626, copied-cell (686, 0, 388), source-tick 241, acquired-tick 241, evidence Visual, source-id 97626, confidence 1.00, uncertainty 0.00, delivery Voice, reporter-id 425, state Active]
[CA][Regional][Timing] region/room rebuild for 1236x1100 map 0 took 53 ms; dirty 67/1359600 (0.0 %); initialized=True
[CA][Regional][Timing] region/room rebuild for 1236x1100 map 0 took 51 ms; dirty 73/1359600 (0.0 %); initialized=True
[CA][Regional][Timing] region/room rebuild for 1236x1100 map 0 took 51 ms; dirty 124/1359600 (0.0 %); initialized=True
[CA][Regional][Timing] region/room rebuild for 1236x1100 map 0 took 53 ms; dirty 94/1359600 (0.0 %); initialized=True
[CA][Regional][Timing] region/room rebuild for 1236x1100 map 0 took 52 ms; dirty 74/1359600 (0.0 %); initialized=True
[CA][Regional][Timing] region/room rebuild for 1236x1100 map 0 took 51 ms; dirty 93/1359600 (0.0 %); initialized=True
[CA][tick=250][map=0][actor=Human428@(965,243)][contact=(827,526)][anchor=(965,243)] Pixie: civilian shelter selection SKIPPED - no roofed Home fallback exists in the bounded search
[CA][tick=255][map=0][actor=Human431@(966,239)] Hampton: wears permitted protective apparel plasteel flak helmet (normal)
[CA][tick=300][map=0][actor=Human428@(967,242)] Pixie: wears permitted protective apparel flak pants (normal)
[CA][tick=300][map=0][actor=Human431@(967,240)][target=Human98326@(974,667)][contact=(974,667)][destination=(967,240)][anchor=(967,240)][origin=player-delegated][controller=fire-position][episode=10][behavior=combat.fire_position_adjustment][authority=PlayerDelegated:player delegation][issuer=431] Hampton: cannot recover a firing solution after matchup revalidation (target distance 427.1, cover 0.00, lane risk 1.00, friendly-sector risk 0.00, support 0.00, pressure 0.00, crowding 0.90, force 3.00/0.00, hazard 0.00; competence Shooting 4, Intellectual 8, tactical synthesis 0.29, decision delay 145 ticks, search radius 7.4 cells, bounded approach 3.3 cells; condition pain 0.00, consciousness 1.00, movement 1.00, manipulation 1.00, breathing 1.00, blood-pumping 1.00, blood-loss 0.00, bleed 0.00, vital-injury no, death-in-ticks none, combat-power 1.00)
[CA][TickProbe] 300 ticks, ms/tick: total 88.89; mapPre 1.11; listNormal 38.85; listRare 3.20; listLong 8.34; world 2.47; story 0.00; mapPost 31.06 [animals 0.00; plants 16.98; power 0.18; steady 8.37; components 4.78; gas 0.00; pollution 0.00; lords 0.04; resources 0.00; fireWatch 0.00; flecks 0.04; postOther 0.00]; gameComp 0.03; other 3.84; post:GameConditionManager 0.01; post:TempTerrainManager 0.62; post:DeferredSpawner 0.00; post:PassingShipManager 0.00; post:DebugCellDrawer 0.00; post:VoluntarilyJoinableLordsStarter 0.00; post:WeatherManager 0.01; post:WeatherDecider 0.01; post:EffecterMaintainer 0.00; comp:KnowledgeMapComponent 1.88; comp:WallSnowManager 0.92; comp:CASettlementWorksMapComponent 0.70; comp:CASettlementPlanningContextMapComponent 0.26; comp:CASpatialCombatMemoryMapComponent 0.23; comp:CASettlementGraphMapComponent 0.23
[CA][tick=301][map=0][actor=Human98326@(974,667)][contact=(967,242)] Giggles: SPOTS an unresolved hostile silhouette [hostile-id 428, copied-cell (967, 0, 242), source-tick 301, acquired-tick 301, evidence Visual, source-id 428, confidence 0.21, uncertainty 8.72, delivery None, reporter-id 98326, state Active]
[CA][tick=301][map=0][actor=Human98326@(974,667)][contact=(967,242)][anchor=(974,667)] Giggles: battlefield perception ACQUIRED an unresolved hostile silhouette - distance 425.1 / map diagonal 1654.6, clear horizon 988.8, effective range 875.3, confidence 0.21, uncertainty 8.7 cells, soft occlusion 0.94 [plants 39, trees 0, partial cover 27, smoke 0], target glow 0.87, Sight 1.00 (range factor 0.92), medium/long acuity 1.00/1.00 -> distance factor 1.00, dark adaptation 0.00 -> light factor 0.94, weather factor 1.00, skill factor 1.02 [Shooting 13, Intellectual 6], limiting factor flora/cover/smoke 0.39, identified False, sources none
[CA][tick=301][map=0][actor=Human98326@(974,667)][contact=(967,240)] Giggles: SPOTS an unresolved hostile silhouette [hostile-id 431, copied-cell (967, 0, 240), source-tick 301, acquired-tick 301, evidence Visual, source-id 431, confidence 0.21, uncertainty 8.65, delivery None, reporter-id 98326, state Active]
[CA][tick=301][map=0][actor=Human98326@(974,667)][contact=(967,240)][anchor=(974,667)] Giggles: battlefield perception ACQUIRED an unresolved hostile silhouette - distance 427.1 / map diagonal 1654.6, clear horizon 988.8, effective range 875.3, confidence 0.21, uncertainty 8.6 cells, soft occlusion 0.93 [plants 37, trees 0, partial cover 27, smoke 0], target glow 0.87, Sight 1.00 (range factor 0.92), medium/long acuity 1.00/1.00 -> distance factor 1.00, dark adaptation 0.00 -> light factor 0.94, weather factor 1.00, skill factor 1.02 [Shooting 13, Intellectual 6], limiting factor flora/cover/smoke 0.39, identified False, sources none
[CA][tick=301][map=0][actor=Human97608@(666,393)][contact=(603,870)] Tasya: is told about a contact [hostile-id 98676, copied-cell (603, 0, 870), source-tick 181, acquired-tick 301, evidence Visual, source-id 98676, confidence 1.00, uncertainty 0.00, delivery Voice, reporter-id 97655, state Active]
[CA][tick=301][map=0][actor=Human97567@(664,401)][contact=(603,870)] Chigg: is told about a contact [hostile-id 98676, copied-cell (603, 0, 870), source-tick 181, acquired-tick 301, evidence Visual, source-id 98676, confidence 1.00, uncertainty 0.00, delivery Voice, reporter-id 97655, state Active]
[CA][tick=301][map=0][actor=Human97633@(677,392)][contact=(639,894)] Nicole: is told about a contact [hostile-id 98755, copied-cell (639, 0, 894), source-tick 1, acquired-tick 301, evidence Visual, source-id 98755, confidence 1.00, uncertainty 0.00, delivery Voice, reporter-id 97648, state Active]
[CA][tick=301][map=0][actor=Human97633@(677,392)][contact=(639,903)] Nicole: is told about a contact [hostile-id 98699, copied-cell (639, 0, 903), source-tick 1, acquired-tick 301, evidence Visual, source-id 98699, confidence 1.00, uncertainty 0.00, delivery Voice, reporter-id 97648, state Active]
[CA][tick=301][map=0][actor=Human97633@(677,392)][contact=(603,870)] Nicole: is told about a contact [hostile-id 98676, copied-cell (603, 0, 870), source-tick 181, acquired-tick 301, evidence Visual, source-id 98676, confidence 1.00, uncertainty 0.00, delivery Voice, reporter-id 97648, state Active]
[CA][tick=301][map=0][actor=Human97601@(665,384)][contact=(639,894)] Thaarath: is told about a contact [hostile-id 98755, copied-cell (639, 0, 894), source-tick 1, acquired-tick 301, evidence Visual, source-id 98755, confidence 1.00, uncertainty 0.00, delivery Voice, reporter-id 97648, state Active]
[CA][tick=301][map=0][actor=Human97601@(665,384)][contact=(639,903)] Thaarath: is told about a contact [hostile-id 98699, copied-cell (639, 0, 903), source-tick 1, acquired-tick 301, evidence Visual, source-id 98699, confidence 1.00, uncertainty 0.00, delivery Voice, reporter-id 97648, state Active]
[CA][tick=301][map=0][actor=Human97601@(665,384)][contact=(603,870)] Thaarath: is told about a contact [hostile-id 98676, copied-cell (603, 0, 870), source-tick 181, acquired-tick 301, evidence Visual, source-id 98676, confidence 1.00, uncertainty 0.00, delivery Voice, reporter-id 97648, state Active]
[CA][tick=301][map=0][actor=Human97648@(668,393)][contact=(962,245)] Tim: is told about a contact [hostile-id 425, copied-cell (962, 0, 245), source-tick 241, acquired-tick 301, evidence Visual, source-id 425, confidence 1.00, uncertainty 0.00, delivery Voice, reporter-id 97633, state Active]
[CA][tick=301][map=0][actor=Human97608@(666,393)][contact=(962,245)] Tasya: is told about a contact [hostile-id 425, copied-cell (962, 0, 245), source-tick 241, acquired-tick 301, evidence Visual, source-id 425, confidence 1.00, uncertainty 0.00, delivery Voice, reporter-id 97633, state Active]
[CA][tick=301][map=0][actor=Human97993@(561,445)][contact=(610,877)] Omar: is told about a contact [hostile-id 98762, copied-cell (610, 0, 877), source-tick 121, acquired-tick 301, evidence Visual, source-id 98762, confidence 1.00, uncertainty 0.00, delivery Voice, reporter-id 97998, state Active]
[CA][tick=301][map=0][actor=Human97993@(561,445)][contact=(627,897)] Omar: is told about a contact [hostile-id 98755, copied-cell (627, 0, 897), source-tick 181, acquired-tick 301, evidence Visual, source-id 98755, confidence 1.00, uncertainty 0.00, delivery Voice, reporter-id 97998, state Active]
[CA][tick=301][map=0][actor=Human97993@(561,445)][contact=(620,887)] Omar: is told about a contact [hostile-id 98706, copied-cell (620, 0, 887), source-tick 181, acquired-tick 301, evidence Visual, source-id 98706, confidence 1.00, uncertainty 0.00, delivery Voice, reporter-id 97998, state Active]
[CA][tick=301][map=0][actor=Human97993@(561,445)][contact=(626,901)] Omar: is told about a contact [hostile-id 98699, copied-cell (626, 0, 901), source-tick 181, acquired-tick 301, evidence Visual, source-id 98699, confidence 1.00, uncertainty 0.00, delivery Voice, reporter-id 97998, state Active]
[CA][tick=301][map=0][actor=Human97993@(561,445)][contact=(616,884)] Omar: is told about a contact [hostile-id 98692, copied-cell (616, 0, 884), source-tick 181, acquired-tick 301, evidence Visual, source-id 98692, confidence 1.00, uncertainty 0.00, delivery Voice, reporter-id 97998, state Active]
[CA][tick=301][map=0][actor=Human97993@(561,445)][contact=(618,890)] Omar: is told about a contact [hostile-id 98770, copied-cell (618, 0, 890), source-tick 121, acquired-tick 301, evidence Visual, source-id 98770, confidence 1.00, uncertainty 0.00, delivery Voice, reporter-id 97998, state Active]
[CA][tick=301][map=0][actor=Human97993@(561,445)][contact=(578,908)] Omar: is told about a contact [hostile-id 98722, copied-cell (578, 0, 908), source-tick 1, acquired-tick 301, evidence Visual, source-id 98722, confidence 1.00, uncertainty 0.00, delivery Voice, reporter-id 97998, state Active]
[CA][tick=301][map=0][actor=Human97985@(561,438)][contact=(624,875)] Matt: is told about a contact [hostile-id 98713, copied-cell (624, 0, 875), source-tick 211, acquired-tick 301, evidence Visual, source-id 98713, confidence 1.00, uncertainty 0.00, delivery Voice, reporter-id 97998, state Active]
[CA][tick=301][map=0][actor=Human97985@(561,438)][contact=(625,890)] Matt: is told about a contact [hostile-id 98778, copied-cell (625, 0, 890), source-tick 241, acquired-tick 301, evidence Visual, source-id 98778, confidence 1.00, uncertainty 0.00, delivery Voice, reporter-id 97998, state Active]
[CA][tick=301][map=0][actor=Human97985@(561,438)][contact=(623,877)] Matt: is told about a contact [hostile-id 98747, copied-cell (623, 0, 877), source-tick 241, acquired-tick 301, evidence Visual, source-id 98747, confidence 1.00, uncertainty 0.00, delivery Voice, reporter-id 97998, state Active]
[CA][tick=301][map=0][actor=Human97985@(561,438)][contact=(627,904)] Matt: is told about a contact [hostile-id 98684, copied-cell (627, 0, 904), source-tick 211, acquired-tick 301, evidence Visual, source-id 98684, confidence 0.24, uncertainty 8.05, delivery Voice, reporter-id 97998, state Active]
[CA][tick=301][map=0][actor=Human97985@(561,438)][contact=(610,877)] Matt: is told about a contact [hostile-id 98762, copied-cell (610, 0, 877), source-tick 121, acquired-tick 301, evidence Visual, source-id 98762, confidence 1.00, uncertainty 0.00, delivery Voice, reporter-id 97998, state Active]
[CA][tick=301][map=0][actor=Human97985@(561,438)][contact=(627,897)] Matt: is told about a contact [hostile-id 98755, copied-cell (627, 0, 897), source-tick 181, acquired-tick 301, evidence Visual, source-id 98755, confidence 1.00, uncertainty 0.00, delivery Voice, reporter-id 97998, state Active]
[CA][tick=301][map=0][actor=Human97985@(561,438)][contact=(620,887)] Matt: is told about a contact [hostile-id 98706, copied-cell (620, 0, 887), source-tick 181, acquired-tick 301, evidence Visual, source-id 98706, confidence 1.00, uncertainty 0.00, delivery Voice, reporter-id 97998, state Active]
[CA][tick=301][map=0][actor=Human97985@(561,438)][contact=(626,901)] Matt: is told about a contact [hostile-id 98699, copied-cell (626, 0, 901), source-tick 181, acquired-tick 301, evidence Visual, source-id 98699, confidence 1.00, uncertainty 0.00, delivery Voice, reporter-id 97998, state Active]
[CA][tick=301][map=0][actor=Human97985@(561,438)][contact=(616,884)] Matt: is told about a contact [hostile-id 98692, copied-cell (616, 0, 884), source-tick 181, acquired-tick 301, evidence Visual, source-id 98692, confidence 1.00, uncertainty 0.00, delivery Voice, reporter-id 97998, state Active]
[CA][tick=301][map=0][actor=Human97985@(561,438)][contact=(618,890)] Matt: is told about a contact [hostile-id 98770, copied-cell (618, 0, 890), source-tick 121, acquired-tick 301, evidence Visual, source-id 98770, confidence 1.00, uncertainty 0.00, delivery Voice, reporter-id 97998, state Active]
[CA][tick=301][map=0][actor=Human97985@(561,438)][contact=(578,908)] Matt: is told about a contact [hostile-id 98722, copied-cell (578, 0, 908), source-tick 1, acquired-tick 301, evidence Visual, source-id 98722, confidence 1.00, uncertainty 0.00, delivery Voice, reporter-id 97998, state Active]
[CA][tick=301][map=0][actor=Human98433@(982,673)][contact=(959,245)] Toby: is told about a contact [hostile-id 425, copied-cell (959, 0, 245), source-tick 181, acquired-tick 301, evidence Visual, source-id 425, confidence 1.00, uncertainty 0.00, delivery Voice, reporter-id 98410, state Active]
[CA][tick=301][map=0][actor=Human98417@(990,670)][contact=(959,245)] Carnahan: is told about a contact [hostile-id 425, copied-cell (959, 0, 245), source-tick 181, acquired-tick 301, evidence Visual, source-id 425, confidence 1.00, uncertainty 0.00, delivery Voice, reporter-id 98410, state Active]
[CA][tick=301][map=0][actor=Human98403@(985,672)][contact=(959,245)] Ramos: is told about a contact [hostile-id 425, copied-cell (959, 0, 245), source-tick 181, acquired-tick 301, evidence Visual, source-id 425, confidence 1.00, uncertainty 0.00, delivery Voice, reporter-id 98410, state Active]
[CA][tick=301][map=0][actor=Human98396@(987,669)][contact=(959,245)] Hayhouse: is told about a contact [hostile-id 425, copied-cell (959, 0, 245), source-tick 181, acquired-tick 301, evidence Visual, source-id 425, confidence 1.00, uncertainty 0.00, delivery Voice, reporter-id 98410, state Active]
[CA][tick=301][map=0][actor=Human98340@(989,665)][contact=(959,245)] Ernie: is told about a contact [hostile-id 425, copied-cell (959, 0, 245), source-tick 181, acquired-tick 301, evidence Visual, source-id 425, confidence 1.00, uncertainty 0.00, delivery Voice, reporter-id 98410, state Active]
[CA][tick=301][map=0][actor=Human98433@(982,673)][contact=(967,242)] Toby: is told about a contact [hostile-id 428, copied-cell (967, 0, 242), source-tick 301, acquired-tick 301, evidence Visual, source-id 428, confidence 1.00, uncertainty 0.00, delivery Voice, reporter-id 98326, state Active]
[CA][tick=301][map=0][actor=Human98433@(982,673)][contact=(967,240)] Toby: is told about a contact [hostile-id 431, copied-cell (967, 0, 240), source-tick 301, acquired-tick 301, evidence Visual, source-id 431, confidence 1.00, uncertainty 0.00, delivery Voice, reporter-id 98326, state Active]
[CA][tick=301][map=0][actor=Human98410@(982,669)][contact=(967,242)] Skye: is told about a contact [hostile-id 428, copied-cell (967, 0, 242), source-tick 301, acquired-tick 301, evidence Visual, source-id 428, confidence 1.00, uncertainty 0.00, delivery Voice, reporter-id 98326, state Active]
[CA][tick=301][map=0][actor=Human98410@(982,669)][contact=(967,240)] Skye: is told about a contact [hostile-id 431, copied-cell (967, 0, 240), source-tick 301, acquired-tick 301, evidence Visual, source-id 431, confidence 1.00, uncertainty 0.00, delivery Voice, reporter-id 98326, state Active]
[CA][tick=301][map=0][actor=Human98302@(981,666)][contact=(967,242)] Berger: is told about a contact [hostile-id 428, copied-cell (967, 0, 242), source-tick 301, acquired-tick 301, evidence Visual, source-id 428, confidence 1.00, uncertainty 0.00, delivery Voice, reporter-id 98326, state Active]
[CA][tick=301][map=0][actor=Human98302@(981,666)][contact=(967,240)] Berger: is told about a contact [hostile-id 431, copied-cell (967, 0, 240), source-tick 301, acquired-tick 301, evidence Visual, source-id 431, confidence 1.00, uncertainty 0.00, delivery Voice, reporter-id 98326, state Active]
[CA][tick=301][map=0][actor=Human98684@(623,900)][contact=(551,457)] Cella: is told about a contact [hostile-id 98003, copied-cell (551, 0, 457), source-tick 241, acquired-tick 301, evidence Visual, source-id 98003, confidence 1.00, uncertainty 0.00, delivery Voice, reporter-id 98778, state Active]
[CA][tick=301][map=0][actor=Human98755@(618,894)][contact=(645,366)] Oink: is told about a contact [hostile-id 97641, copied-cell (645, 0, 366), source-tick 151, acquired-tick 301, evidence Visual, source-id 97641, confidence 0.23, uncertainty 8.26, delivery Voice, reporter-id 98770, state Active]
[CA][tick=301][map=0][actor=Human98755@(618,894)][contact=(647,370)] Oink: is told about a contact [hostile-id 97551, copied-cell (647, 0, 370), source-tick 151, acquired-tick 301, evidence Visual, source-id 97551, confidence 0.20, uncertainty 8.70, delivery Voice, reporter-id 98770, state Active]
[CA][tick=301][map=0][actor=Human98737@(610,901)][contact=(645,366)] Bells: is told about a contact [hostile-id 97641, copied-cell (645, 0, 366), source-tick 151, acquired-tick 301, evidence Visual, source-id 97641, confidence 0.23, uncertainty 8.26, delivery Voice, reporter-id 98770, state Active]
[CA][tick=301][map=0][actor=Human98737@(610,901)][contact=(644,413)] Bells: is told about a contact [hostile-id 97593, copied-cell (644, 0, 413), source-tick 181, acquired-tick 301, evidence Visual, source-id 97593, confidence 1.00, uncertainty 0.00, delivery Voice, reporter-id 98770, state Active]
[CA][tick=301][map=0][actor=Human98737@(610,901)][contact=(645,389)] Bells: is told about a contact [hostile-id 97582, copied-cell (645, 0, 389), source-tick 181, acquired-tick 301, evidence Visual, source-id 97582, confidence 1.00, uncertainty 0.00, delivery Voice, reporter-id 98770, state Active]
[CA][tick=301][map=0][actor=Human98737@(610,901)][contact=(647,370)] Bells: is told about a contact [hostile-id 97551, copied-cell (647, 0, 370), source-tick 151, acquired-tick 301, evidence Visual, source-id 97551, confidence 0.20, uncertainty 8.70, delivery Voice, reporter-id 98770, state Active]
[CA][tick=301][map=0][actor=Human98730@(602,901)][contact=(552,475)] Hotaru: is told about a contact [hostile-id 98008, copied-cell (552, 0, 475), source-tick 121, acquired-tick 301, evidence Visual, source-id 98008, confidence 1.00, uncertainty 0.00, delivery Voice, reporter-id 98770, state Active]
[CA][tick=301][map=0][actor=Human98730@(602,901)][contact=(645,366)] Hotaru: is told about a contact [hostile-id 97641, copied-cell (645, 0, 366), source-tick 151, acquired-tick 301, evidence Visual, source-id 97641, confidence 0.23, uncertainty 8.26, delivery Voice, reporter-id 98770, state Active]
[CA][tick=301][map=0][actor=Human98730@(602,901)][contact=(644,413)] Hotaru: is told about a contact [hostile-id 97593, copied-cell (644, 0, 413), source-tick 181, acquired-tick 301, evidence Visual, source-id 97593, confidence 1.00, uncertainty 0.00, delivery Voice, reporter-id 98770, state Active]
[CA][tick=301][map=0][actor=Human98730@(602,901)][contact=(645,389)] Hotaru: is told about a contact [hostile-id 97582, copied-cell (645, 0, 389), source-tick 181, acquired-tick 301, evidence Visual, source-id 97582, confidence 1.00, uncertainty 0.00, delivery Voice, reporter-id 98770, state Active]
[CA][tick=301][map=0][actor=Human98730@(602,901)][contact=(647,370)] Hotaru: is told about a contact [hostile-id 97551, copied-cell (647, 0, 370), source-tick 151, acquired-tick 301, evidence Visual, source-id 97551, confidence 0.20, uncertainty 8.70, delivery Voice, reporter-id 98770, state Active]
[CA][tick=301][map=0][actor=Human98722@(597,893)][contact=(565,467)] Lasse: is told about a contact [hostile-id 97977, copied-cell (565, 0, 467), source-tick 181, acquired-tick 301, evidence Visual, source-id 97977, confidence 1.00, uncertainty 0.00, delivery Voice, reporter-id 98770, state Active]
[CA][tick=301][map=0][actor=Human98722@(597,893)][contact=(564,466)] Lasse: is told about a contact [hostile-id 97938, copied-cell (564, 0, 466), source-tick 151, acquired-tick 301, evidence Visual, source-id 97938, confidence 1.00, uncertainty 0.00, delivery Voice, reporter-id 98770, state Active]
[CA][tick=301][map=0][actor=Human98722@(597,893)][contact=(560,461)] Lasse: is told about a contact [hostile-id 97929, copied-cell (560, 0, 461), source-tick 181, acquired-tick 301, evidence Visual, source-id 97929, confidence 1.00, uncertainty 0.00, delivery Voice, reporter-id 98770, state Active]
[CA][tick=301][map=0][actor=Human98722@(597,893)][contact=(552,475)] Lasse: is told about a contact [hostile-id 98008, copied-cell (552, 0, 475), source-tick 121, acquired-tick 301, evidence Visual, source-id 98008, confidence 1.00, uncertainty 0.00, delivery Voice, reporter-id 98770, state Active]
[CA][tick=301][map=0][actor=Human98722@(597,893)][contact=(645,366)] Lasse: is told about a contact [hostile-id 97641, copied-cell (645, 0, 366), source-tick 151, acquired-tick 301, evidence Visual, source-id 97641, confidence 0.23, uncertainty 8.26, delivery Voice, reporter-id 98770, state Active]
[CA][tick=301][map=0][actor=Human98722@(597,893)][contact=(644,413)] Lasse: is told about a contact [hostile-id 97593, copied-cell (644, 0, 413), source-tick 181, acquired-tick 301, evidence Visual, source-id 97593, confidence 1.00, uncertainty 0.00, delivery Voice, reporter-id 98770, state Active]
[CA][tick=301][map=0][actor=Human98722@(597,893)][contact=(645,389)] Lasse: is told about a contact [hostile-id 97582, copied-cell (645, 0, 389), source-tick 181, acquired-tick 301, evidence Visual, source-id 97582, confidence 1.00, uncertainty 0.00, delivery Voice, reporter-id 98770, state Active]
[CA][tick=301][map=0][actor=Human98722@(597,893)][contact=(647,370)] Lasse: is told about a contact [hostile-id 97551, copied-cell (647, 0, 370), source-tick 151, acquired-tick 301, evidence Visual, source-id 97551, confidence 0.20, uncertainty 8.70, delivery Voice, reporter-id 98770, state Active]
[CA][tick=301][map=0][actor=Human98699@(618,894)][contact=(645,366)] Greyhound: is told about a contact [hostile-id 97641, copied-cell (645, 0, 366), source-tick 151, acquired-tick 301, evidence Visual, source-id 97641, confidence 0.23, uncertainty 8.26, delivery Voice, reporter-id 98770, state Active]
[CA][tick=301][map=0][actor=Human98699@(618,894)][contact=(647,370)] Greyhound: is told about a contact [hostile-id 97551, copied-cell (647, 0, 370), source-tick 151, acquired-tick 301, evidence Visual, source-id 97551, confidence 0.20, uncertainty 8.70, delivery Voice, reporter-id 98770, state Active]
[CA][tick=301][map=0][actor=Human98770@(608,895)][contact=(550,448)] Niko: is told about a contact [hostile-id 97998, copied-cell (550, 0, 448), source-tick 211, acquired-tick 301, evidence Visual, source-id 97998, confidence 0.24, uncertainty 8.04, delivery Voice, reporter-id 98755, state Active]
[CA][tick=301][map=0][actor=Human98770@(608,895)][contact=(551,457)] Niko: is told about a contact [hostile-id 98003, copied-cell (551, 0, 457), source-tick 241, acquired-tick 301, evidence Visual, source-id 98003, confidence 1.00, uncertainty 0.00, delivery Voice, reporter-id 98755, state Active]
[CA][tick=301][map=0][actor=Human98762@(607,891)][contact=(550,448)] Pepper: is told about a contact [hostile-id 97998, copied-cell (550, 0, 448), source-tick 211, acquired-tick 301, evidence Visual, source-id 97998, confidence 0.24, uncertainty 8.04, delivery Voice, reporter-id 98755, state Active]
[CA][tick=301][map=0][actor=Human98762@(607,891)][contact=(551,457)] Pepper: is told about a contact [hostile-id 98003, copied-cell (551, 0, 457), source-tick 241, acquired-tick 301, evidence Visual, source-id 98003, confidence 1.00, uncertainty 0.00, delivery Voice, reporter-id 98755, state Active]
[CA][tick=301][map=0][actor=Human98737@(610,901)][contact=(550,448)] Bells: is told about a contact [hostile-id 97998, copied-cell (550, 0, 448), source-tick 211, acquired-tick 301, evidence Visual, source-id 97998, confidence 0.24, uncertainty 8.04, delivery Voice, reporter-id 98755, state Active]
[CA][tick=301][map=0][actor=Human98737@(610,901)][contact=(551,457)] Bells: is told about a contact [hostile-id 98003, copied-cell (551, 0, 457), source-tick 241, acquired-tick 301, evidence Visual, source-id 98003, confidence 1.00, uncertainty 0.00, delivery Voice, reporter-id 98755, state Active]
[CA][tick=301][map=0][actor=Human98676@(607,879)][contact=(555,468)] Chili: is told about a contact [hostile-id 98008, copied-cell (555, 0, 468), source-tick 241, acquired-tick 301, evidence Visual, source-id 98008, confidence 1.00, uncertainty 0.00, delivery Voice, reporter-id 98713, state Active]
[CA][tick=301][map=0][actor=Human98676@(607,879)][contact=(550,448)] Chili: is told about a contact [hostile-id 97998, copied-cell (550, 0, 448), source-tick 211, acquired-tick 301, evidence Visual, source-id 97998, confidence 1.00, uncertainty 0.00, delivery Voice, reporter-id 98713, state Active]
[CA][tick=301][map=0][actor=Human98676@(607,879)][contact=(551,457)] Chili: is told about a contact [hostile-id 98003, copied-cell (551, 0, 457), source-tick 241, acquired-tick 301, evidence Visual, source-id 98003, confidence 1.00, uncertainty 0.00, delivery Voice, reporter-id 98713, state Active]
[CA][tick=301][map=0][actor=Human98778@(621,893)][contact=(645,366)] Dina: is told about a contact [hostile-id 97641, copied-cell (645, 0, 366), source-tick 151, acquired-tick 301, evidence Visual, source-id 97641, confidence 0.23, uncertainty 8.26, delivery Voice, reporter-id 98706, state Active]
[CA][tick=301][map=0][actor=Human98778@(621,893)][contact=(647,370)] Dina: is told about a contact [hostile-id 97551, copied-cell (647, 0, 370), source-tick 151, acquired-tick 301, evidence Visual, source-id 97551, confidence 0.20, uncertainty 8.70, delivery Voice, reporter-id 98706, state Active]
[CA][tick=301][map=0][actor=Human98684@(623,900)][contact=(645,366)] Cella: is told about a contact [hostile-id 97641, copied-cell (645, 0, 366), source-tick 151, acquired-tick 301, evidence Visual, source-id 97641, confidence 0.23, uncertainty 8.26, delivery Voice, reporter-id 98706, state Active]
[CA][tick=301][map=0][actor=Human98684@(623,900)][contact=(647,370)] Cella: is told about a contact [hostile-id 97551, copied-cell (647, 0, 370), source-tick 151, acquired-tick 301, evidence Visual, source-id 97551, confidence 0.20, uncertainty 8.70, delivery Voice, reporter-id 98706, state Active]
[CA][tick=301][map=0][actor=Human98747@(619,881)][contact=(644,413)] Hanna: is told about a contact [hostile-id 97593, copied-cell (644, 0, 413), source-tick 181, acquired-tick 301, evidence Visual, source-id 97593, confidence 1.00, uncertainty 0.00, delivery Voice, reporter-id 98692, state Active]
[CA][tick=301][map=0][actor=Human98747@(619,881)][contact=(645,389)] Hanna: is told about a contact [hostile-id 97582, copied-cell (645, 0, 389), source-tick 181, acquired-tick 301, evidence Visual, source-id 97582, confidence 1.00, uncertainty 0.00, delivery Voice, reporter-id 98692, state Active]
[CA][tick=301][map=0][actor=Human98747@(619,881)][contact=(645,366)] Hanna: is told about a contact [hostile-id 97641, copied-cell (645, 0, 366), source-tick 151, acquired-tick 301, evidence Visual, source-id 97641, confidence 0.23, uncertainty 8.26, delivery Voice, reporter-id 98692, state Active]
[CA][tick=301][map=0][actor=Human98747@(619,881)][contact=(647,370)] Hanna: is told about a contact [hostile-id 97551, copied-cell (647, 0, 370), source-tick 151, acquired-tick 301, evidence Visual, source-id 97551, confidence 0.20, uncertainty 8.70, delivery Voice, reporter-id 98692, state Active]
[CA][tick=301][map=0][actor=Human98713@(618,881)][contact=(644,413)] Furr: is told about a contact [hostile-id 97593, copied-cell (644, 0, 413), source-tick 181, acquired-tick 301, evidence Visual, source-id 97593, confidence 1.00, uncertainty 0.00, delivery Voice, reporter-id 98692, state Active]
[CA][tick=301][map=0][actor=Human98713@(618,881)][contact=(645,389)] Furr: is told about a contact [hostile-id 97582, copied-cell (645, 0, 389), source-tick 181, acquired-tick 301, evidence Visual, source-id 97582, confidence 1.00, uncertainty 0.00, delivery Voice, reporter-id 98692, state Active]
[CA][tick=301][map=0][actor=Human98713@(618,881)][contact=(645,366)] Furr: is told about a contact [hostile-id 97641, copied-cell (645, 0, 366), source-tick 151, acquired-tick 301, evidence Visual, source-id 97641, confidence 0.23, uncertainty 8.26, delivery Voice, reporter-id 98692, state Active]
[CA][tick=301][map=0][actor=Human98713@(618,881)][contact=(647,370)] Furr: is told about a contact [hostile-id 97551, copied-cell (647, 0, 370), source-tick 151, acquired-tick 301, evidence Visual, source-id 97551, confidence 0.20, uncertainty 8.70, delivery Voice, reporter-id 98692, state Active]
[CA][Regional][Renderer] pacing sample map 0: 201 frames in 30005 ms (6.7 fps); process CPU 1.74 logical cores; CA draw 0.484 ms/frame; CA update 5.503 ms/frame; sections initialized 619, dirty 269, visible 25, offscreen dynamic 594, update candidates 0; vSyncCount 1, targetFrameRate 60, display refresh 60.00 Hz
[CA][tick=361][map=0][actor=Human97551@(657,386)][contact=(639,894)] Paisley: is told about a contact [hostile-id 98755, copied-cell (639, 0, 894), source-tick 1, acquired-tick 361, evidence Visual, source-id 98755, confidence 1.00, uncertainty 0.00, delivery Voice, reporter-id 97655, state Active]
[CA][tick=361][map=0][actor=Human97551@(657,386)][contact=(639,903)] Paisley: is told about a contact [hostile-id 98699, copied-cell (639, 0, 903), source-tick 1, acquired-tick 361, evidence Visual, source-id 98699, confidence 1.00, uncertainty 0.00, delivery Voice, reporter-id 97655, state Active]
[CA][tick=361][map=0][actor=Human97655@(666,393)][contact=(962,245)] Jet: is told about a contact [hostile-id 425, copied-cell (962, 0, 245), source-tick 241, acquired-tick 361, evidence Visual, source-id 425, confidence 1.00, uncertainty 0.00, delivery Voice, reporter-id 97648, state Active]
[CA][tick=361][map=0][actor=Human97626@(679,392)][contact=(639,894)] Grell: is told about a contact [hostile-id 98755, copied-cell (639, 0, 894), source-tick 1, acquired-tick 361, evidence Visual, source-id 98755, confidence 1.00, uncertainty 0.00, delivery Voice, reporter-id 97648, state Active]
[CA][tick=361][map=0][actor=Human97626@(679,392)][contact=(639,903)] Grell: is told about a contact [hostile-id 98699, copied-cell (639, 0, 903), source-tick 1, acquired-tick 361, evidence Visual, source-id 98699, confidence 1.00, uncertainty 0.00, delivery Voice, reporter-id 97648, state Active]
[CA][tick=361][map=0][actor=Human97626@(679,392)][contact=(603,870)] Grell: is told about a contact [hostile-id 98676, copied-cell (603, 0, 870), source-tick 181, acquired-tick 361, evidence Visual, source-id 98676, confidence 1.00, uncertainty 0.00, delivery Voice, reporter-id 97648, state Active]
[CA][tick=361][map=0][actor=Human97616@(663,394)][contact=(962,245)] Kelly: is told about a contact [hostile-id 425, copied-cell (962, 0, 245), source-tick 241, acquired-tick 361, evidence Visual, source-id 425, confidence 1.00, uncertainty 0.00, delivery Voice, reporter-id 97648, state Active]
[CA][tick=361][map=0][actor=Human97601@(662,387)][contact=(962,245)] Thaarath: is told about a contact [hostile-id 425, copied-cell (962, 0, 245), source-tick 241, acquired-tick 361, evidence Visual, source-id 425, confidence 1.00, uncertainty 0.00, delivery Voice, reporter-id 97648, state Active]
[CA][tick=361][map=0][actor=Human97567@(664,397)][contact=(962,245)] Chigg: is told about a contact [hostile-id 425, copied-cell (962, 0, 245), source-tick 241, acquired-tick 361, evidence Visual, source-id 425, confidence 1.00, uncertainty 0.00, delivery Voice, reporter-id 97648, state Active]
[CA][tick=361][map=0][actor=Human97560@(666,380)][contact=(639,894)] Dax: is told about a contact [hostile-id 98755, copied-cell (639, 0, 894), source-tick 1, acquired-tick 361, evidence Visual, source-id 98755, confidence 1.00, uncertainty 0.00, delivery Voice, reporter-id 97648, state Active]
[CA][tick=361][map=0][actor=Human97560@(666,380)][contact=(639,903)] Dax: is told about a contact [hostile-id 98699, copied-cell (639, 0, 903), source-tick 1, acquired-tick 361, evidence Visual, source-id 98699, confidence 1.00, uncertainty 0.00, delivery Voice, reporter-id 97648, state Active]
[CA][tick=361][map=0][actor=Human97560@(666,380)][contact=(603,870)] Dax: is told about a contact [hostile-id 98676, copied-cell (603, 0, 870), source-tick 181, acquired-tick 361, evidence Visual, source-id 98676, confidence 1.00, uncertainty 0.00, delivery Voice, reporter-id 97648, state Active]
[CA][tick=361][map=0][actor=Human97560@(666,380)][contact=(962,245)] Dax: is told about a contact [hostile-id 425, copied-cell (962, 0, 245), source-tick 241, acquired-tick 361, evidence Visual, source-id 425, confidence 1.00, uncertainty 0.00, delivery Voice, reporter-id 97648, state Active]
[CA][tick=361][map=0][actor=Human97582@(658,394)][contact=(962,245)] Mash: is told about a contact [hostile-id 425, copied-cell (962, 0, 245), source-tick 241, acquired-tick 361, evidence Visual, source-id 425, confidence 1.00, uncertainty 0.00, delivery Voice, reporter-id 97608, state Active]
[CA][tick=361][map=0][actor=Human97574@(658,394)][contact=(962,245)] Dennis: is told about a contact [hostile-id 425, copied-cell (962, 0, 245), source-tick 241, acquired-tick 361, evidence Visual, source-id 425, confidence 1.00, uncertainty 0.00, delivery Voice, reporter-id 97608, state Active]
[CA][tick=361][map=0][actor=Human97551@(657,386)][contact=(962,245)] Paisley: is told about a contact [hostile-id 425, copied-cell (962, 0, 245), source-tick 241, acquired-tick 361, evidence Visual, source-id 425, confidence 1.00, uncertainty 0.00, delivery Voice, reporter-id 97608, state Active]
[CA][tick=361][map=0][actor=Human97641@(659,378)][contact=(639,894)] James: is told about a contact [hostile-id 98755, copied-cell (639, 0, 894), source-tick 1, acquired-tick 361, evidence Visual, source-id 98755, confidence 1.00, uncertainty 0.00, delivery Voice, reporter-id 97601, state Active]
[CA][tick=361][map=0][actor=Human97641@(659,378)][contact=(639,903)] James: is told about a contact [hostile-id 98699, copied-cell (639, 0, 903), source-tick 1, acquired-tick 361, evidence Visual, source-id 98699, confidence 1.00, uncertainty 0.00, delivery Voice, reporter-id 97601, state Active]
[CA][tick=361][map=0][actor=Human98417@(990,670)][contact=(967,242)] Carnahan: is told about a contact [hostile-id 428, copied-cell (967, 0, 242), source-tick 301, acquired-tick 361, evidence Visual, source-id 428, confidence 1.00, uncertainty 0.00, delivery Voice, reporter-id 98433, state Active]
[CA][tick=361][map=0][actor=Human98417@(990,670)][contact=(967,240)] Carnahan: is told about a contact [hostile-id 431, copied-cell (967, 0, 240), source-tick 301, acquired-tick 361, evidence Visual, source-id 431, confidence 1.00, uncertainty 0.00, delivery Voice, reporter-id 98433, state Active]
[CA][tick=361][map=0][actor=Human98403@(986,673)][contact=(967,242)] Ramos: is told about a contact [hostile-id 428, copied-cell (967, 0, 242), source-tick 301, acquired-tick 361, evidence Visual, source-id 428, confidence 1.00, uncertainty 0.00, delivery Voice, reporter-id 98433, state Active]
[CA][tick=361][map=0][actor=Human98403@(986,673)][contact=(967,240)] Ramos: is told about a contact [hostile-id 431, copied-cell (967, 0, 240), source-tick 301, acquired-tick 361, evidence Visual, source-id 431, confidence 1.00, uncertainty 0.00, delivery Voice, reporter-id 98433, state Active]
[CA][tick=361][map=0][actor=Human98396@(982,669)][contact=(967,242)] Hayhouse: is told about a contact [hostile-id 428, copied-cell (967, 0, 242), source-tick 301, acquired-tick 361, evidence Visual, source-id 428, confidence 1.00, uncertainty 0.00, delivery Voice, reporter-id 98433, state Active]
[CA][tick=361][map=0][actor=Human98396@(982,669)][contact=(967,240)] Hayhouse: is told about a contact [hostile-id 431, copied-cell (967, 0, 240), source-tick 301, acquired-tick 361, evidence Visual, source-id 431, confidence 1.00, uncertainty 0.00, delivery Voice, reporter-id 98433, state Active]
[CA][tick=361][map=0][actor=Human98374@(993,669)][contact=(959,245)] Hilary: is told about a contact [hostile-id 425, copied-cell (959, 0, 245), source-tick 181, acquired-tick 361, evidence Visual, source-id 425, confidence 1.00, uncertainty 0.00, delivery Voice, reporter-id 98433, state Active]
[CA][tick=361][map=0][actor=Human98374@(993,669)][contact=(967,242)] Hilary: is told about a contact [hostile-id 428, copied-cell (967, 0, 242), source-tick 301, acquired-tick 361, evidence Visual, source-id 428, confidence 1.00, uncertainty 0.00, delivery Voice, reporter-id 98433, state Active]
[CA][tick=361][map=0][actor=Human98374@(993,669)][contact=(967,240)] Hilary: is told about a contact [hostile-id 431, copied-cell (967, 0, 240), source-tick 301, acquired-tick 361, evidence Visual, source-id 431, confidence 1.00, uncertainty 0.00, delivery Voice, reporter-id 98433, state Active]
[CA][tick=361][map=0][actor=Human98363@(990,674)][contact=(959,245)] Klavdiya: is told about a contact [hostile-id 425, copied-cell (959, 0, 245), source-tick 181, acquired-tick 361, evidence Visual, source-id 425, confidence 1.00, uncertainty 0.00, delivery Voice, reporter-id 98433, state Active]
[CA][tick=361][map=0][actor=Human98363@(990,674)][contact=(967,242)] Klavdiya: is told about a contact [hostile-id 428, copied-cell (967, 0, 242), source-tick 301, acquired-tick 361, evidence Visual, source-id 428, confidence 1.00, uncertainty 0.00, delivery Voice, reporter-id 98433, state Active]
[CA][tick=361][map=0][actor=Human98363@(990,674)][contact=(967,240)] Klavdiya: is told about a contact [hostile-id 431, copied-cell (967, 0, 240), source-tick 301, acquired-tick 361, evidence Visual, source-id 431, confidence 1.00, uncertainty 0.00, delivery Voice, reporter-id 98433, state Active]
[CA][tick=361][map=0][actor=Human98340@(989,665)][contact=(967,242)] Ernie: is told about a contact [hostile-id 428, copied-cell (967, 0, 242), source-tick 301, acquired-tick 361, evidence Visual, source-id 428, confidence 1.00, uncertainty 0.00, delivery Voice, reporter-id 98433, state Active]
[CA][tick=361][map=0][actor=Human98340@(989,665)][contact=(967,240)] Ernie: is told about a contact [hostile-id 431, copied-cell (967, 0, 240), source-tick 301, acquired-tick 361, evidence Visual, source-id 431, confidence 1.00, uncertainty 0.00, delivery Voice, reporter-id 98433, state Active]
[CA][tick=361][map=0][actor=Human98730@(606,898)][contact=(550,448)] Hotaru: is told about a contact [hostile-id 97998, copied-cell (550, 0, 448), source-tick 211, acquired-tick 361, evidence Visual, source-id 97998, confidence 0.24, uncertainty 8.07, delivery Voice, reporter-id 98778, state Active]
[CA][tick=361][map=0][actor=Human98730@(606,898)][contact=(551,457)] Hotaru: is told about a contact [hostile-id 98003, copied-cell (551, 0, 457), source-tick 241, acquired-tick 361, evidence Visual, source-id 98003, confidence 1.00, uncertainty 0.00, delivery Voice, reporter-id 98778, state Active]
[CA][tick=361][map=0][actor=Human98722@(602,892)][contact=(550,448)] Lasse: is told about a contact [hostile-id 97998, copied-cell (550, 0, 448), source-tick 211, acquired-tick 361, evidence Visual, source-id 97998, confidence 0.24, uncertainty 8.04, delivery Voice, reporter-id 98770, state Active]
[CA][tick=361][map=0][actor=Human98722@(602,892)][contact=(551,457)] Lasse: is told about a contact [hostile-id 98003, copied-cell (551, 0, 457), source-tick 241, acquired-tick 361, evidence Visual, source-id 98003, confidence 1.00, uncertainty 0.00, delivery Voice, reporter-id 98770, state Active]
[CA][Regional][Renderer] tactical mesh pressure: 28 cold visible sections; processed 32 with budget 32 in 194 ms; camera section delta 10,8; prefetch bounds 400x359
[CA][tick=421][map=0][actor=Human97641@(663,380)][contact=(962,245)] James: is told about a contact [hostile-id 425, copied-cell (962, 0, 245), source-tick 241, acquired-tick 421, evidence Visual, source-id 425, confidence 1.00, uncertainty 0.00, delivery Voice, reporter-id 97648, state Active]
[CA][tick=421][map=0][actor=Human97593@(656,396)][contact=(962,245)] Kana: is told about a contact [hostile-id 425, copied-cell (962, 0, 245), source-tick 241, acquired-tick 421, evidence Visual, source-id 425, confidence 1.00, uncertainty 0.00, delivery Voice, reporter-id 97633, state Active]
[CA][tick=421][map=0][actor=Human98426@(995,658)][contact=(959,245)] Fluorock: is told about a contact [hostile-id 425, copied-cell (959, 0, 245), source-tick 181, acquired-tick 421, evidence Visual, source-id 425, confidence 1.00, uncertainty 0.00, delivery Voice, reporter-id 98340, state Active]
[CA][tick=421][map=0][actor=Human98426@(995,658)][contact=(967,242)] Fluorock: is told about a contact [hostile-id 428, copied-cell (967, 0, 242), source-tick 301, acquired-tick 421, evidence Visual, source-id 428, confidence 1.00, uncertainty 0.00, delivery Voice, reporter-id 98340, state Active]
[CA][tick=421][map=0][actor=Human98426@(995,658)][contact=(967,240)] Fluorock: is told about a contact [hostile-id 431, copied-cell (967, 0, 240), source-tick 301, acquired-tick 421, evidence Visual, source-id 431, confidence 1.00, uncertainty 0.00, delivery Voice, reporter-id 98340, state Active]
[CA][Regional][Timing] region/room rebuild for 1236x1100 map 0 took 53 ms; dirty 0/1359600 (0.0 %); initialized=True
[CA][TickProbe] 300 ticks, ms/tick: total 44.10; mapPre 0.54; listNormal 21.37; listRare 0.00; listLong 3.51; world 0.47; story 0.00; mapPost 13.25 [animals 0.00; plants 0.34; power 0.05; steady 9.37; components 2.46; gas 0.00; pollution 0.00; lords 0.04; resources 0.00; fireWatch 0.00; flecks 0.25; postOther 0.01]; gameComp 0.01; other 4.95; post:GameConditionManager 0.01; post:TempTerrainManager 0.68; post:DeferredSpawner 0.00; post:PassingShipManager 0.00; post:DebugCellDrawer 0.00; post:VoluntarilyJoinableLordsStarter 0.00; post:WeatherManager 0.01; post:WeatherDecider 0.01; post:EffecterMaintainer 0.00; comp:KnowledgeMapComponent 1.67; comp:CASettlementGraphMapComponent 0.21; comp:FishShadowComponent 0.17; comp:CASpatialCombatMemoryMapComponent 0.17; comp:CADraftedCombatInitiativeMapComponent 0.06; comp:AutonomousHomeMapComponent 0.05
[CA][Exercise] fixed benchmark RNG cleanup failed during shutdown: Stack empty.
[CA][Exercise] complete; HOLD: session left interactive for live play
[CA][TickProbe] 300 ticks, ms/tick: total 47.32; mapPre 0.43; listNormal 27.21; listRare 0.00; listLong 3.04; world 0.44; story 0.00; mapPost 11.94 [animals 0.00; plants 0.30; power 0.04; steady 8.39; components 1.74; gas 0.00; pollution 0.00; lords 0.04; resources 0.00; fireWatch 0.00; flecks 0.76; postOther 0.01]; gameComp 0.01; other 4.26; post:GameConditionManager 0.01; post:TempTerrainManager 0.63; post:DeferredSpawner 0.00; post:PassingShipManager 0.00; post:DebugCellDrawer 0.00; post:VoluntarilyJoinableLordsStarter 0.00; post:WeatherManager 0.01; post:WeatherDecider 0.01; post:EffecterMaintainer 0.00; comp:KnowledgeMapComponent 1.28; comp:CASpatialCombatMemoryMapComponent 0.16; comp:FishShadowComponent 0.13; comp:CADraftedCombatInitiativeMapComponent 0.06; comp:SquadSupportMapComponent 0.01; comp:EquipTransitionMapComponent 0.01
[CA][tick=991][map=0][actor=Human425@(947,251)][contact=(974,667)] Bit: SPOTS an unresolved hostile silhouette [hostile-id 98302, copied-cell (974, 0, 667), source-tick 991, acquired-tick 991, evidence Visual, source-id 98302, confidence 0.40, uncertainty 6.02, delivery None, reporter-id 425, state Active]
[CA][tick=991][map=0][actor=Human425@(947,251)][contact=(974,667)][anchor=(947,251)] Bit: battlefield perception ACQUIRED an unresolved hostile silhouette - distance 416.9 / map diagonal 1654.6, clear horizon 988.8, effective range 837.5, confidence 0.40, uncertainty 6.0 cells, soft occlusion 0.49 [plants 47, trees 0, partial cover 7, smoke 0], target glow 0.95, Sight 1.00 (range factor 0.92), medium/long acuity 1.00/1.00 -> distance factor 1.00, dark adaptation 0.00 -> light factor 0.98, weather factor 1.00, skill factor 0.94 [Shooting 0, Intellectual 1], limiting factor flora/cover/smoke 0.61, identified False, sources none
[CA][tick=1171][map=0][actor=Human431@(964,248)][contact=(970,670)] Hampton: SPOTS an unresolved hostile silhouette [hostile-id 98302, copied-cell (970, 0, 670), source-tick 1171, acquired-tick 1171, evidence Visual, source-id 98302, confidence 0.30, uncertainty 7.24, delivery None, reporter-id 431, state Active]
[CA][tick=1171][map=0][actor=Human431@(964,248)][contact=(970,670)][anchor=(964,248)] Hampton: battlefield perception ACQUIRED an unresolved hostile silhouette - distance 422.0 / map diagonal 1654.6, clear horizon 988.8, effective range 881.7, confidence 0.30, uncertainty 7.2 cells, soft occlusion 0.65 [plants 40, trees 0, partial cover 15, smoke 0], target glow 0.97, Sight 1.00 (range factor 0.92), medium/long acuity 1.00/1.00 -> distance factor 1.00, dark adaptation 0.00 -> light factor 0.99, weather factor 1.00, skill factor 0.98 [Shooting 4, Intellectual 8], limiting factor flora/cover/smoke 0.52, identified False, sources none
[CA][TickProbe] 300 ticks, ms/tick: total 44.81; mapPre 0.46; listNormal 26.02; listRare 0.00; listLong 2.96; world 0.43; story 0.05; mapPost 11.11 [animals 0.00; plants 0.29; power 0.04; steady 8.05; components 1.92; gas 0.00; pollution 0.00; lords 0.03; resources 0.00; fireWatch 0.00; flecks 0.12; postOther 0.00]; gameComp 0.01; other 3.76; post:GameConditionManager 0.01; post:TempTerrainManager 0.61; post:DeferredSpawner 0.00; post:PassingShipManager 0.00; post:DebugCellDrawer 0.00; post:VoluntarilyJoinableLordsStarter 0.00; post:WeatherManager 0.01; post:WeatherDecider 0.01; post:EffecterMaintainer 0.00; comp:KnowledgeMapComponent 1.31; comp:CASpatialCombatMemoryMapComponent 0.16; comp:CASettlementGraphMapComponent 0.14; comp:FishShadowComponent 0.14; comp:CADraftedCombatInitiativeMapComponent 0.06; comp:MapComponent_AstrogeneOverrides 0.01
[CA][tick=1201][map=0][actor=Human428@(962,240)][contact=(970,670)] Pixie: is told about a contact [hostile-id 98302, copied-cell (970, 0, 670), source-tick 1171, acquired-tick 1201, evidence Visual, source-id 98302, confidence 1.00, uncertainty 0.00, delivery Voice, reporter-id 431, state Active]
[CA][tick=1441][map=0][actor=Human425@(926,265)][contact=(675,382)] Bit: SPOTS an unresolved hostile silhouette [hostile-id 97641, copied-cell (675, 0, 382), source-tick 1441, acquired-tick 1441, evidence Visual, source-id 97641, confidence 0.30, uncertainty 7.43, delivery None, reporter-id 425, state Active]
[CA][tick=1441][map=0][actor=Human425@(926,265)][contact=(675,382)][anchor=(926,265)] Bit: battlefield perception ACQUIRED an unresolved hostile silhouette - distance 276.9 / map diagonal 1654.6, clear horizon 988.8, effective range 857.0, confidence 0.30, uncertainty 7.4 cells, soft occlusion 0.74 [plants 35, trees 0, partial cover 20, smoke 0], target glow 1.00, Sight 1.00 (range factor 0.92), medium/long acuity 1.00/1.00 -> distance factor 1.00, dark adaptation 0.00 -> light factor 1.00, weather factor 1.00, skill factor 0.94 [Shooting 0, Intellectual 1], limiting factor flora/cover/smoke 0.48, identified False, sources none
[CA][tick=1471][map=0][actor=Human428@(956,243)][contact=(974,668)] Pixie: SPOTS an unresolved hostile silhouette [hostile-id 98410, copied-cell (974, 0, 668), source-tick 1471, acquired-tick 1471, evidence Visual, source-id 98410, confidence 0.18, uncertainty 8.77, delivery None, reporter-id 428, state Active]
[CA][tick=1471][map=0][actor=Human428@(956,243)][contact=(974,668)][anchor=(956,243)] Pixie: battlefield perception ACQUIRED an unresolved hostile silhouette - distance 425.4 / map diagonal 1654.6, clear horizon 988.8, effective range 902.4, confidence 0.18, uncertainty 8.8 cells, soft occlusion 0.89 [plants 45, trees 0, partial cover 23, smoke 0], target glow 1.00, Sight 1.00 (range factor 0.92), medium/long acuity 1.00/1.00 -> distance factor 1.00, dark adaptation 0.00 -> light factor 1.00, weather factor 1.00, skill factor 0.99 [Shooting 8, Intellectual 4], limiting factor flora/cover/smoke 0.41, identified False, sources none
[CA][TickProbe] 300 ticks, ms/tick: total 38.31; mapPre 0.44; listNormal 18.72; listRare 0.00; listLong 3.02; world 0.43; story 0.00; mapPost 11.33 [animals 0.00; plants 0.28; power 0.04; steady 8.35; components 1.87; gas 0.00; pollution 0.00; lords 0.04; resources 0.00; fireWatch 0.00; flecks 0.09; postOther 0.01]; gameComp 0.01; other 4.36; post:GameConditionManager 0.01; post:TempTerrainManager 0.61; post:DeferredSpawner 0.00; post:PassingShipManager 0.00; post:DebugCellDrawer 0.00; post:VoluntarilyJoinableLordsStarter 0.00; post:WeatherManager 0.01; post:WeatherDecider 0.01; post:EffecterMaintainer 0.00; comp:KnowledgeMapComponent 1.35; comp:CASpatialCombatMemoryMapComponent 0.19; comp:FishShadowComponent 0.15; comp:CADraftedCombatInitiativeMapComponent 0.06; comp:RaidResponseMapComponent 0.01; comp:CACombatRecoveryMapComponent 0.01
[CA][tick=1501][map=0][actor=Human431@(963,245)][contact=(974,669)] Hampton: is told about a contact [hostile-id 98410, copied-cell (974, 0, 669), source-tick 1501, acquired-tick 1501, evidence Visual, source-id 98410, confidence 1.00, uncertainty 0.00, delivery Voice, reporter-id 428, state Active]
[CA][tick=1711][map=0][actor=Human97947@(560,464)][contact=(612,881)] Viktor: SPOTS Hotaru [hostile-id 98730, copied-cell (612, 0, 881), source-tick 1711, acquired-tick 1711, evidence Visual, source-id 98730, confidence 0.44, uncertainty 5.56, delivery None, reporter-id 97947, state Active]
[CA][tick=1711][map=0][actor=Human97947@(560,464)][contact=(612,881)][anchor=(560,464)] Viktor: battlefield perception ACQUIRED Hotaru - distance 420.2 / map diagonal 1654.6, clear horizon 988.8, effective range 915.9, confidence 0.44, uncertainty 5.6 cells, soft occlusion 0.44 [plants 46, trees 0, partial cover 6, smoke 0], target glow 1.00, Sight 1.00 (range factor 0.92), medium/long acuity 1.00/1.00 -> distance factor 1.00, dark adaptation 0.00 -> light factor 1.00, weather factor 1.00, skill factor 1.01 [Shooting 13, Intellectual 0], limiting factor flora/cover/smoke 0.64, identified True, sources none
[CA][tick=1711][map=0][actor=Human97947@(560,464)][contact=(616,887)] Viktor: SPOTS Chili [hostile-id 98676, copied-cell (616, 0, 887), source-tick 1711, acquired-tick 1711, evidence Visual, source-id 98676, confidence 0.47, uncertainty 5.27, delivery None, reporter-id 97947, state Active]
[CA][tick=1711][map=0][actor=Human97947@(560,464)][contact=(616,887)][anchor=(560,464)] Viktor: battlefield perception ACQUIRED Chili - distance 426.7 / map diagonal 1654.6, clear horizon 988.8, effective range 915.9, confidence 0.47, uncertainty 5.3 cells, soft occlusion 0.40 [plants 44, trees 0, partial cover 5, smoke 0], target glow 1.00, Sight 1.00 (range factor 0.92), medium/long acuity 1.00/1.00 -> distance factor 1.00, dark adaptation 0.00 -> light factor 1.00, weather factor 1.00, skill factor 1.01 [Shooting 13, Intellectual 0], limiting factor flora/cover/smoke 0.67, identified True, sources none
[CA][tick=1741][map=0][actor=Human98003@(557,456)][contact=(613,880)] Veli: is told about a contact [hostile-id 98730, copied-cell (613, 0, 880), source-tick 1741, acquired-tick 1741, evidence Visual, source-id 98730, confidence 1.00, uncertainty 0.00, delivery Voice, reporter-id 97947, state Active]
[CA][tick=1741][map=0][actor=Human98003@(557,456)][contact=(616,887)] Veli: is told about a contact [hostile-id 98676, copied-cell (616, 0, 887), source-tick 1740, acquired-tick 1741, evidence Visual, source-id 98676, confidence 1.00, uncertainty 0.00, delivery Voice, reporter-id 97947, state Active]
[CA][tick=1741][map=0][actor=Human97993@(562,454)][contact=(613,880)] Omar: is told about a contact [hostile-id 98730, copied-cell (613, 0, 880), source-tick 1741, acquired-tick 1741, evidence Visual, source-id 98730, confidence 1.00, uncertainty 0.00, delivery Voice, reporter-id 97947, state Active]
[CA][tick=1741][map=0][actor=Human97993@(562,454)][contact=(616,887)] Omar: is told about a contact [hostile-id 98676, copied-cell (616, 0, 887), source-tick 1740, acquired-tick 1741, evidence Visual, source-id 98676, confidence 1.00, uncertainty 0.00, delivery Voice, reporter-id 97947, state Active]
[CA][TickProbe] 300 ticks, ms/tick: total 38.44; mapPre 0.43; listNormal 19.08; listRare 0.00; listLong 2.89; world 0.44; story 0.00; mapPost 11.42 [animals 0.00; plants 0.29; power 0.04; steady 8.32; components 1.83; gas 0.00; pollution 0.00; lords 0.04; resources 0.00; fireWatch 0.00; flecks 0.26; postOther 0.00]; gameComp 0.01; other 4.15; post:GameConditionManager 0.01; post:TempTerrainManager 0.60; post:DeferredSpawner 0.00; post:PassingShipManager 0.00; post:DebugCellDrawer 0.00; post:VoluntarilyJoinableLordsStarter 0.00; post:WeatherManager 0.00; post:WeatherDecider 0.01; post:EffecterMaintainer 0.00; comp:KnowledgeMapComponent 1.19; comp:CASpatialCombatMemoryMapComponent 0.18; comp:CASettlementGraphMapComponent 0.16; comp:FishShadowComponent 0.14; comp:CADraftedCombatInitiativeMapComponent 0.06; comp:EquipTransitionMapComponent 0.01
[CA][tick=1801][map=0][actor=Human98008@(553,450)][contact=(613,880)] Pentanet: is told about a contact [hostile-id 98730, copied-cell (613, 0, 880), source-tick 1741, acquired-tick 1801, evidence Visual, source-id 98730, confidence 1.00, uncertainty 0.00, delivery Voice, reporter-id 98003, state Active]
[CA][tick=1801][map=0][actor=Human98008@(553,450)][contact=(616,887)] Pentanet: is told about a contact [hostile-id 98676, copied-cell (616, 0, 887), source-tick 1740, acquired-tick 1801, evidence Visual, source-id 98676, confidence 1.00, uncertainty 0.00, delivery Voice, reporter-id 98003, state Active]
[CA][tick=1801][map=0][actor=Human97998@(554,447)][contact=(613,880)] Sheya: is told about a contact [hostile-id 98730, copied-cell (613, 0, 880), source-tick 1741, acquired-tick 1801, evidence Visual, source-id 98730, confidence 1.00, uncertainty 0.00, delivery Voice, reporter-id 98003, state Active]
[CA][tick=1801][map=0][actor=Human97998@(554,447)][contact=(616,887)] Sheya: is told about a contact [hostile-id 98676, copied-cell (616, 0, 887), source-tick 1740, acquired-tick 1801, evidence Visual, source-id 98676, confidence 1.00, uncertainty 0.00, delivery Voice, reporter-id 98003, state Active]
[CA][tick=1801][map=0][actor=Human97964@(563,450)][contact=(613,880)] Bender: is told about a contact [hostile-id 98730, copied-cell (613, 0, 880), source-tick 1741, acquired-tick 1801, evidence Visual, source-id 98730, confidence 1.00, uncertainty 0.00, delivery Voice, reporter-id 98003, state Active]
[CA][tick=1801][map=0][actor=Human97964@(563,450)][contact=(616,887)] Bender: is told about a contact [hostile-id 98676, copied-cell (616, 0, 887), source-tick 1740, acquired-tick 1801, evidence Visual, source-id 98676, confidence 1.00, uncertainty 0.00, delivery Voice, reporter-id 98003, state Active]
[CA][tick=1801][map=0][actor=Human97938@(553,446)][contact=(613,880)] Doug: is told about a contact [hostile-id 98730, copied-cell (613, 0, 880), source-tick 1741, acquired-tick 1801, evidence Visual, source-id 98730, confidence 1.00, uncertainty 0.00, delivery Voice, reporter-id 97993, state Active]
[CA][tick=1801][map=0][actor=Human97938@(553,446)][contact=(616,887)] Doug: is told about a contact [hostile-id 98676, copied-cell (616, 0, 887), source-tick 1740, acquired-tick 1801, evidence Visual, source-id 98676, confidence 1.00, uncertainty 0.00, delivery Voice, reporter-id 97993, state Active]
[CA][tick=1861][map=0][actor=Human98730@(615,878)][contact=(560,455)] Hotaru: SPOTS Omar [hostile-id 97993, copied-cell (560, 0, 455), source-tick 1861, acquired-tick 1861, evidence Visual, source-id 97993, confidence 0.45, uncertainty 5.40, delivery None, reporter-id 98730, state Active]
[CA][tick=1861][map=0][actor=Human98730@(615,878)][contact=(560,455)][anchor=(615,878)] Hotaru: battlefield perception ACQUIRED Omar - distance 426.6 / map diagonal 1654.6, clear horizon 988.8, effective range 886.4, confidence 0.45, uncertainty 5.4 cells, soft occlusion 0.41 [plants 45, trees 0, partial cover 5, smoke 0], target glow 1.00, Sight 1.00 (range factor 0.92), medium/long acuity 1.00/1.00 -> distance factor 1.00, dark adaptation 0.00 -> light factor 1.00, weather factor 1.00, skill factor 0.98 [Shooting 3, Intellectual 7], limiting factor flora/cover/smoke 0.66, identified True, sources none
[CA][tick=1861][map=0][actor=Human98713@(626,898)][contact=(560,455)] Furr: SPOTS an unresolved hostile silhouette [hostile-id 97993, copied-cell (560, 0, 455), source-tick 1861, acquired-tick 1861, evidence Visual, source-id 97993, confidence 0.29, uncertainty 7.50, delivery None, reporter-id 98713, state Active]
[CA][tick=1861][map=0][actor=Human98713@(626,898)][contact=(560,455)][anchor=(626,898)] Furr: battlefield perception ACQUIRED an unresolved hostile silhouette - distance 447.9 / map diagonal 1654.6, clear horizon 988.8, effective range 898.1, confidence 0.29, uncertainty 7.5 cells, soft occlusion 0.72 [plants 57, trees 0, partial cover 15, smoke 0], target glow 1.00, Sight 1.00 (range factor 0.92), medium/long acuity 1.00/1.00 -> distance factor 1.00, dark adaptation 0.00 -> light factor 1.00, weather factor 1.00, skill factor 0.99 [Shooting 6, Intellectual 6], limiting factor flora/cover/smoke 0.49, identified False, sources none
[CA][tick=1861][map=0][actor=Human97985@(567,443)][contact=(614,879)] Matt: is told about a contact [hostile-id 98730, copied-cell (614, 0, 879), source-tick 1801, acquired-tick 1861, evidence Visual, source-id 98730, confidence 1.00, uncertainty 0.00, delivery Voice, reporter-id 98003, state Active]
[CA][tick=1861][map=0][actor=Human97985@(567,443)][contact=(616,887)] Matt: is told about a contact [hostile-id 98676, copied-cell (616, 0, 887), source-tick 1740, acquired-tick 1861, evidence Visual, source-id 98676, confidence 1.00, uncertainty 0.00, delivery Voice, reporter-id 98003, state Active]
[CA][tick=1861][map=0][actor=Human97977@(562,439)][contact=(614,879)] Parsons: is told about a contact [hostile-id 98730, copied-cell (614, 0, 879), source-tick 1801, acquired-tick 1861, evidence Visual, source-id 98730, confidence 1.00, uncertainty 0.00, delivery Voice, reporter-id 98003, state Active]
[CA][tick=1861][map=0][actor=Human97977@(562,439)][contact=(616,887)] Parsons: is told about a contact [hostile-id 98676, copied-cell (616, 0, 887), source-tick 1740, acquired-tick 1861, evidence Visual, source-id 98676, confidence 1.00, uncertainty 0.00, delivery Voice, reporter-id 98003, state Active]
[CA][tick=1861][map=0][actor=Human98676@(619,884)][contact=(560,455)] Chili: is told about a contact [hostile-id 97993, copied-cell (560, 0, 455), source-tick 1861, acquired-tick 1861, evidence Visual, source-id 97993, confidence 1.00, uncertainty 0.00, delivery Voice, reporter-id 98730, state Active]
[CA][tick=1861][map=0][actor=Human98770@(615,900)][contact=(560,455)] Niko: is told about a contact [hostile-id 97993, copied-cell (560, 0, 455), source-tick 1861, acquired-tick 1861, evidence Visual, source-id 97993, confidence 1.00, uncertainty 0.00, delivery Voice, reporter-id 98713, state Active]
[CA][tick=1861][map=0][actor=Human98762@(621,900)][contact=(560,455)] Pepper: is told about a contact [hostile-id 97993, copied-cell (560, 0, 455), source-tick 1861, acquired-tick 1861, evidence Visual, source-id 97993, confidence 1.00, uncertainty 0.00, delivery Voice, reporter-id 98713, state Active]
[CA][tick=1861][map=0][actor=Human98755@(615,900)][contact=(560,455)] Oink: is told about a contact [hostile-id 97993, copied-cell (560, 0, 455), source-tick 1861, acquired-tick 1861, evidence Visual, source-id 97993, confidence 1.00, uncertainty 0.00, delivery Voice, reporter-id 98713, state Active]
[CA][tick=1861][map=0][actor=Human98692@(616,893)][contact=(560,455)] Art: is told about a contact [hostile-id 97993, copied-cell (560, 0, 455), source-tick 1861, acquired-tick 1861, evidence Visual, source-id 97993, confidence 1.00, uncertainty 0.00, delivery Voice, reporter-id 98713, state Active]
[CA][tick=1921][map=0][actor=Human97929@(574,453)][contact=(615,878)] Hahn: is told about a contact [hostile-id 98730, copied-cell (615, 0, 878), source-tick 1861, acquired-tick 1921, evidence Visual, source-id 98730, confidence 1.00, uncertainty 0.00, delivery Voice, reporter-id 97998, state Active]
[CA][tick=1921][map=0][actor=Human97929@(574,453)][contact=(616,887)] Hahn: is told about a contact [hostile-id 98676, copied-cell (616, 0, 887), source-tick 1740, acquired-tick 1921, evidence Visual, source-id 98676, confidence 1.00, uncertainty 0.00, delivery Voice, reporter-id 97998, state Active]
[CA][tick=1921][map=0][actor=Human98737@(608,899)][contact=(560,455)] Bells: is told about a contact [hostile-id 97993, copied-cell (560, 0, 455), source-tick 1861, acquired-tick 1921, evidence Visual, source-id 97993, confidence 1.00, uncertainty 0.00, delivery Voice, reporter-id 98770, state Active]
[CA][tick=1921][map=0][actor=Human98722@(600,895)][contact=(560,455)] Lasse: is told about a contact [hostile-id 97993, copied-cell (560, 0, 455), source-tick 1861, acquired-tick 1921, evidence Visual, source-id 97993, confidence 1.00, uncertainty 0.00, delivery Voice, reporter-id 98770, state Active]
[CA][tick=1921][map=0][actor=Human98706@(610,903)][contact=(560,455)] Marjot: is told about a contact [hostile-id 97993, copied-cell (560, 0, 455), source-tick 1861, acquired-tick 1921, evidence Visual, source-id 97993, confidence 1.00, uncertainty 0.00, delivery Voice, reporter-id 98770, state Active]
[CA][tick=1921][map=0][actor=Human98699@(615,893)][contact=(560,455)] Greyhound: is told about a contact [hostile-id 97993, copied-cell (560, 0, 455), source-tick 1861, acquired-tick 1921, evidence Visual, source-id 97993, confidence 1.00, uncertainty 0.00, delivery Voice, reporter-id 98770, state Active]
[CA][tick=1921][map=0][actor=Human98684@(609,899)][contact=(560,455)] Cella: is told about a contact [hostile-id 97993, copied-cell (560, 0, 455), source-tick 1861, acquired-tick 1921, evidence Visual, source-id 97993, confidence 1.00, uncertainty 0.00, delivery Voice, reporter-id 98770, state Active]
[CA][tick=1921][map=0][actor=Human98747@(607,887)][contact=(560,456)] Hanna: is told about a contact [hostile-id 97993, copied-cell (560, 0, 456), source-tick 1921, acquired-tick 1921, evidence Visual, source-id 97993, confidence 1.00, uncertainty 0.00, delivery Voice, reporter-id 98692, state Active]
[CA][tick=1981][map=0][actor=Human98778@(602,892)][contact=(560,456)] Dina: is told about a contact [hostile-id 97993, copied-cell (560, 0, 456), source-tick 1921, acquired-tick 1981, evidence Visual, source-id 97993, confidence 1.00, uncertainty 0.00, delivery Voice, reporter-id 98770, state Active]
[CA][tick=2011][map=0][actor=Human431@(967,249)][contact=(673,380)] Hampton: SPOTS an unresolved hostile silhouette [hostile-id 97641, copied-cell (673, 0, 380), source-tick 2011, acquired-tick 2011, evidence Visual, source-id 97641, confidence 0.19, uncertainty 9.08, delivery None, reporter-id 431, state Active]
[CA][tick=2011][map=0][actor=Human431@(967,249)][contact=(673,380)][anchor=(967,249)] Hampton: battlefield perception ACQUIRED an unresolved hostile silhouette - distance 321.9 / map diagonal 1654.6, clear horizon 988.8, effective range 893.7, confidence 0.19, uncertainty 9.1 cells, soft occlusion 1.04 [plants 38, trees 0, partial cover 30, smoke 0], target glow 1.00, Sight 1.00 (range factor 0.92), medium/long acuity 1.00/1.00 -> distance factor 1.00, dark adaptation 0.00 -> light factor 1.00, weather factor 1.00, skill factor 0.98 [Shooting 4, Intellectual 8], limiting factor flora/cover/smoke 0.35, identified False, sources none
[CA][tick=2071][map=0][actor=Human425@(896,287)][contact=(665,381)] Bit: SPOTS an unresolved hostile silhouette [hostile-id 97574, copied-cell (665, 0, 381), source-tick 2071, acquired-tick 2071, evidence Visual, source-id 97574, confidence 0.31, uncertainty 7.32, delivery None, reporter-id 425, state Active]
[CA][tick=2071][map=0][actor=Human425@(896,287)][contact=(665,381)][anchor=(896,287)] Bit: battlefield perception ACQUIRED an unresolved hostile silhouette - distance 249.4 / map diagonal 1654.6, clear horizon 988.8, effective range 857.0, confidence 0.31, uncertainty 7.3 cells, soft occlusion 0.73 [plants 33, trees 0, partial cover 19, smoke 0], target glow 1.00, Sight 1.00 (range factor 0.92), medium/long acuity 1.00/1.00 -> distance factor 1.00, dark adaptation 0.00 -> light factor 1.00, weather factor 1.00, skill factor 0.94 [Shooting 0, Intellectual 1], limiting factor flora/cover/smoke 0.48, identified False, sources none
[CA][TickProbe] 300 ticks, ms/tick: total 45.80; mapPre 0.43; listNormal 25.94; listRare 0.00; listLong 2.88; world 0.44; story 0.01; mapPost 12.33 [animals 0.00; plants 0.30; power 0.04; steady 8.23; components 2.79; gas 0.00; pollution 0.00; lords 0.03; resources 0.00; fireWatch 0.00; flecks 0.28; postOther 0.00]; gameComp 0.02; other 3.76; post:GameConditionManager 0.01; post:TempTerrainManager 0.61; post:DeferredSpawner 0.00; post:PassingShipManager 0.00; post:DebugCellDrawer 0.00; post:VoluntarilyJoinableLordsStarter 0.00; post:WeatherManager 0.00; post:WeatherDecider 0.01; post:EffecterMaintainer 0.00; comp:KnowledgeMapComponent 1.15; comp:CASettlementWorksMapComponent 0.99; comp:CASpatialCombatMemoryMapComponent 0.18; comp:CASettlementGraphMapComponent 0.16; comp:FishShadowComponent 0.15; comp:CADraftedCombatInitiativeMapComponent 0.06
[CA][tick=2161][map=0][actor=Human425@(893,290)][contact=(665,380)] Bit: SPOTS an unresolved hostile silhouette [hostile-id 97567, copied-cell (665, 0, 380), source-tick 2161, acquired-tick 2161, evidence Visual, source-id 97567, confidence 0.35, uncertainty 6.86, delivery None, reporter-id 425, state Active]
[CA][tick=2161][map=0][actor=Human425@(893,290)][contact=(665,380)][anchor=(893,290)] Bit: battlefield perception ACQUIRED an unresolved hostile silhouette - distance 245.1 / map diagonal 1654.6, clear horizon 988.8, effective range 857.0, confidence 0.35, uncertainty 6.9 cells, soft occlusion 0.66 [plants 28, trees 0, partial cover 18, smoke 0], target glow 1.00, Sight 1.00 (range factor 0.92), medium/long acuity 1.00/1.00 -> distance factor 1.00, dark adaptation 0.00 -> light factor 1.00, weather factor 1.00, skill factor 0.94 [Shooting 0, Intellectual 1], limiting factor flora/cover/smoke 0.52, identified False, sources none
[CA][TickProbe] 300 ticks, ms/tick: total 45.35; mapPre 0.46; listNormal 26.26; listRare 0.00; listLong 2.87; world 0.44; story 0.00; mapPost 11.16 [animals 0.00; plants 0.30; power 0.04; steady 8.26; components 1.62; gas 0.00; pollution 0.00; lords 0.04; resources 0.00; fireWatch 0.00; flecks 0.25; postOther 0.00]; gameComp 0.01; other 4.16; post:GameConditionManager 0.01; post:TempTerrainManager 0.62; post:DeferredSpawner 0.00; post:PassingShipManager 0.00; post:DebugCellDrawer 0.00; post:VoluntarilyJoinableLordsStarter 0.00; post:WeatherManager 0.01; post:WeatherDecider 0.01; post:EffecterMaintainer 0.00; comp:KnowledgeMapComponent 1.11; comp:CASpatialCombatMemoryMapComponent 0.19; comp:FishShadowComponent 0.15; comp:CADraftedCombatInitiativeMapComponent 0.06; comp:SquadSupportMapComponent 0.01; comp:EquipTransitionMapComponent 0.01
[CA][tick=2521][map=0][actor=Human425@(878,305)][contact=(674,384)] Bit: SPOTS Mash [hostile-id 97582, copied-cell (674, 0, 384), source-tick 2521, acquired-tick 2521, evidence Visual, source-id 97582, confidence 0.46, uncertainty 5.51, delivery None, reporter-id 425, state Active]
[CA][tick=2521][map=0][actor=Human425@(878,305)][contact=(674,384)][anchor=(878,305)] Bit: battlefield perception ACQUIRED Mash - distance 218.8 / map diagonal 1654.6, clear horizon 988.8, effective range 857.0, confidence 0.46, uncertainty 5.5 cells, soft occlusion 0.48 [plants 26, trees 0, partial cover 12, smoke 0], target glow 1.00, Sight 1.00 (range factor 0.92), medium/long acuity 1.00/1.00 -> distance factor 1.00, dark adaptation 0.00 -> light factor 1.00, weather factor 1.00, skill factor 0.94 [Shooting 0, Intellectual 1], limiting factor flora/cover/smoke 0.62, identified True, sources none
[CA][tick=2521][map=0][actor=Human428@(950,254)][contact=(673,380)] Pixie: is told about a contact [hostile-id 97641, copied-cell (673, 0, 380), source-tick 2011, acquired-tick 2521, evidence Visual, source-id 97641, confidence 1.00, uncertainty 0.00, delivery Voice, reporter-id 431, state Active]
[CA][Regional][Timing] region/room rebuild for 1236x1100 map 0 took 80 ms; dirty 267/1359600 (0.0 %); initialized=True
[CA][Regional][Timing] region/room rebuild for 1236x1100 map 0 took 81 ms; dirty 250/1359600 (0.0 %); initialized=True
[CA][Regional][Timing] region/room rebuild for 1236x1100 map 0 took 73 ms; dirty 258/1359600 (0.0 %); initialized=True
[CA][tick=2671][map=0][actor=Human425@(871,308)][contact=(674,384)] Bit: SPOTS Thaarath [hostile-id 97601, copied-cell (674, 0, 384), source-tick 2671, acquired-tick 2671, evidence Visual, source-id 97601, confidence 0.53, uncertainty 4.72, delivery None, reporter-id 425, state Active]
[CA][tick=2671][map=0][actor=Human425@(871,308)][contact=(674,384)][anchor=(871,308)] Bit: battlefield perception ACQUIRED Thaarath - distance 211.2 / map diagonal 1654.6, clear horizon 988.8, effective range 857.0, confidence 0.53, uncertainty 4.7 cells, soft occlusion 0.39 [plants 25, trees 0, partial cover 9, smoke 0], target glow 1.00, Sight 1.00 (range factor 0.92), medium/long acuity 1.00/1.00 -> distance factor 1.00, dark adaptation 0.00 -> light factor 1.00, weather factor 1.00, skill factor 0.94 [Shooting 0, Intellectual 1], limiting factor flora/cover/smoke 0.68, identified True, sources none
[CA][tick=2685][map=0][actor=Human425@(870,308)] Bit: protective apparel SKIPPED - no permitted compatible protective apparel within 36 cells
[CA][TickProbe] 300 ticks, ms/tick: total 37.76; mapPre 0.51; listNormal 12.92; listRare 1.72; listLong 4.53; world 2.47; story 0.00; mapPost 11.62 [animals 0.00; plants 0.31; power 0.04; steady 8.56; components 1.70; gas 0.00; pollution 0.00; lords 0.04; resources 0.00; fireWatch 0.00; flecks 0.29; postOther 0.00]; gameComp 0.01; other 3.98; post:GameConditionManager 0.01; post:TempTerrainManager 0.64; post:DeferredSpawner 0.00; post:PassingShipManager 0.00; post:DebugCellDrawer 0.00; post:VoluntarilyJoinableLordsStarter 0.00; post:WeatherManager 0.01; post:WeatherDecider 0.01; post:EffecterMaintainer 0.00; comp:KnowledgeMapComponent 1.19; comp:CASpatialCombatMemoryMapComponent 0.18; comp:FishShadowComponent 0.15; comp:CADraftedCombatInitiativeMapComponent 0.06; comp:BridgeDecayMapComponent 0.02; comp:EquipTransitionMapComponent 0.01
[CA][tick=2760][map=0][actor=Human431@(956,259)] Hampton: protective apparel SKIPPED - no suitable nearby apparel (0 forbidden, 0 outside apparel policy, 0 incompatible with locked or forced gear, 0 unreachable or reserved, 1 not meaningfully protective)
[CA][tick=2761][map=0][actor=Human97582@(679,384)][contact=(956,259)] Mash: SPOTS an unresolved hostile silhouette [hostile-id 431, copied-cell (956, 0, 259), source-tick 2761, acquired-tick 2761, evidence Visual, source-id 431, confidence 0.30, uncertainty 7.50, delivery None, reporter-id 97582, state Active]
[CA][tick=2761][map=0][actor=Human97582@(679,384)][contact=(956,259)][anchor=(679,384)] Mash: battlefield perception ACQUIRED an unresolved hostile silhouette - distance 303.9 / map diagonal 1654.6, clear horizon 988.8, effective range 948.6, confidence 0.30, uncertainty 7.5 cells, soft occlusion 0.75 [plants 42, trees 0, partial cover 19, smoke 0], target glow 1.00, Sight 1.00 (range factor 0.92), medium/long acuity 1.00/1.00 -> distance factor 1.00, dark adaptation 0.00 -> light factor 1.00, weather factor 1.00, skill factor 1.04 [Shooting 14, Intellectual 11], limiting factor flora/cover/smoke 0.47, identified False, sources none
[CA][tick=2761][map=0][actor=Human425@(867,311)][contact=(681,406)] Bit: SPOTS an unresolved hostile silhouette [hostile-id 97608, copied-cell (681, 0, 406), source-tick 2761, acquired-tick 2761, evidence Visual, source-id 97608, confidence 0.41, uncertainty 6.05, delivery None, reporter-id 425, state Active]
[CA][tick=2761][map=0][actor=Human425@(867,311)][contact=(681,406)][anchor=(867,311)] Bit: battlefield perception ACQUIRED an unresolved hostile silhouette - distance 208.9 / map diagonal 1654.6, clear horizon 988.8, effective range 857.0, confidence 0.41, uncertainty 6.0 cells, soft occlusion 0.53 [plants 34, trees 0, partial cover 12, smoke 0], target glow 1.00, Sight 1.00 (range factor 0.92), medium/long acuity 1.00/1.00 -> distance factor 1.00, dark adaptation 0.00 -> light factor 1.00, weather factor 1.00, skill factor 0.94 [Shooting 0, Intellectual 1], limiting factor flora/cover/smoke 0.59, identified False, sources none
[CA][tick=2761][map=0][actor=Human431@(956,259)][contact=(679,384)] Hampton: SPOTS an unresolved hostile silhouette [hostile-id 97582, copied-cell (679, 0, 384), source-tick 2761, acquired-tick 2761, evidence Visual, source-id 97582, confidence 0.30, uncertainty 7.52, delivery None, reporter-id 431, state Active]
[CA][tick=2761][map=0][actor=Human431@(956,259)][contact=(679,384)][anchor=(956,259)] Hampton: battlefield perception ACQUIRED an unresolved hostile silhouette - distance 303.9 / map diagonal 1654.6, clear horizon 988.8, effective range 893.7, confidence 0.30, uncertainty 7.5 cells, soft occlusion 0.75 [plants 42, trees 0, partial cover 19, smoke 0], target glow 1.00, Sight 1.00 (range factor 0.92), medium/long acuity 1.00/1.00 -> distance factor 1.00, dark adaptation 0.00 -> light factor 1.00, weather factor 1.00, skill factor 0.98 [Shooting 4, Intellectual 8], limiting factor flora/cover/smoke 0.47, identified False, sources none
[CA][tick=2761][map=0][actor=Human97601@(676,383)][contact=(956,259)] Thaarath: is told about a contact [hostile-id 431, copied-cell (956, 0, 259), source-tick 2761, acquired-tick 2761, evidence Visual, source-id 431, confidence 1.00, uncertainty 0.00, delivery Voice, reporter-id 97582, state Active]
[CA][tick=2761][map=0][actor=Human428@(955,254)][contact=(679,384)] Pixie: is told about a contact [hostile-id 97582, copied-cell (679, 0, 384), source-tick 2761, acquired-tick 2761, evidence Visual, source-id 97582, confidence 1.00, uncertainty 0.00, delivery Voice, reporter-id 431, state Active]
[CA][tick=2790][map=0][actor=Human431@(956,259)][target=Human97582@(679,384)][contact=(679,384)][destination=(956,259)][anchor=(956,259)][origin=player-delegated][controller=fire-position][episode=11][behavior=combat.fire_position_adjustment][authority=PlayerDelegated:player delegation][issuer=431] Hampton: cannot recover a firing solution after matchup revalidation (target distance 303.9, cover 0.00, lane risk 1.00, friendly-sector risk 0.00, support 0.00, pressure 0.00, crowding 0.00, force 3.00/0.00, hazard 0.00; competence Shooting 4, Intellectual 8, tactical synthesis 0.29, decision delay 145 ticks, search radius 7.4 cells, bounded approach 3.3 cells; condition pain 0.00, consciousness 1.00, movement 1.00, manipulation 1.00, breathing 1.00, blood-pumping 1.00, blood-loss 0.00, bleed 0.00, vital-injury no, death-in-ticks none, combat-power 1.00)
[CA][tick=2805][map=0][actor=Human428@(956,253)] Pixie: protective apparel SKIPPED - no suitable nearby apparel (0 forbidden, 0 outside apparel policy, 0 incompatible with locked or forced gear, 0 unreachable or reserved, 1 not meaningfully protective)
[CA][tick=2821][map=0][actor=Human97929@(574,449)][contact=(617,891)] Hahn: SPOTS an unresolved hostile silhouette [hostile-id 98737, copied-cell (617, 0, 891), source-tick 2821, acquired-tick 2821, evidence Visual, source-id 98737, confidence 0.42, uncertainty 5.87, delivery None, reporter-id 97929, state Active]
[CA][tick=2821][map=0][actor=Human97929@(574,449)][contact=(617,891)][anchor=(574,449)] Hahn: battlefield perception ACQUIRED an unresolved hostile silhouette - distance 444.1 / map diagonal 1654.6, clear horizon 988.8, effective range 946.8, confidence 0.42, uncertainty 5.9 cells, soft occlusion 0.48 [plants 56, trees 0, partial cover 5, smoke 0], target glow 1.00, Sight 1.00 (range factor 0.92), medium/long acuity 1.00/1.00 -> distance factor 1.00, dark adaptation 0.00 -> light factor 1.00, weather factor 1.00, skill factor 1.04 [Shooting 19, Intellectual 1], limiting factor flora/cover/smoke 0.62, identified False, sources none
[CA][tick=2821][map=0][actor=Human98003@(567,443)][contact=(617,891)] Veli: is told about a contact [hostile-id 98737, copied-cell (617, 0, 891), source-tick 2821, acquired-tick 2821, evidence Visual, source-id 98737, confidence 1.00, uncertainty 0.00, delivery Voice, reporter-id 97929, state Active]
[CA][tick=2821][map=0][actor=Human97985@(577,440)][contact=(617,891)] Matt: is told about a contact [hostile-id 98737, copied-cell (617, 0, 891), source-tick 2821, acquired-tick 2821, evidence Visual, source-id 98737, confidence 1.00, uncertainty 0.00, delivery Voice, reporter-id 97929, state Active]
[CA][tick=2821][map=0][actor=Human97964@(577,451)][contact=(617,891)] Bender: is told about a contact [hostile-id 98737, copied-cell (617, 0, 891), source-tick 2821, acquired-tick 2821, evidence Visual, source-id 98737, confidence 1.00, uncertainty 0.00, delivery Voice, reporter-id 97929, state Active]
[CA][tick=2821][map=0][actor=Human97938@(569,451)][contact=(617,891)] Doug: is told about a contact [hostile-id 98737, copied-cell (617, 0, 891), source-tick 2821, acquired-tick 2821, evidence Visual, source-id 98737, confidence 1.00, uncertainty 0.00, delivery Voice, reporter-id 97929, state Active]
[CA][tick=2851][map=0][actor=Human97608@(681,406)][contact=(954,261)] Tasya: SPOTS an unresolved hostile silhouette [hostile-id 431, copied-cell (954, 0, 261), source-tick 2851, acquired-tick 2851, evidence Visual, source-id 431, confidence 0.41, uncertainty 6.12, delivery None, reporter-id 97608, state Active]
[CA][tick=2851][map=0][actor=Human97608@(681,406)][contact=(954,261)][anchor=(681,406)] Tasya: battlefield perception ACQUIRED an unresolved hostile silhouette - distance 309.1 / map diagonal 1654.6, clear horizon 988.8, effective range 915.9, confidence 0.41, uncertainty 6.1 cells, soft occlusion 0.54 [plants 40, trees 0, partial cover 11, smoke 0], target glow 1.00, Sight 1.00 (range factor 0.92), medium/long acuity 1.00/1.00 -> distance factor 1.00, dark adaptation 0.00 -> light factor 1.00, weather factor 1.00, skill factor 1.01 [Shooting 13, Intellectual 0], limiting factor flora/cover/smoke 0.58, identified False, sources none
[CA][tick=2851][map=0][actor=Human431@(954,261)][contact=(681,406)] Hampton: SPOTS an unresolved hostile silhouette [hostile-id 97608, copied-cell (681, 0, 406), source-tick 2851, acquired-tick 2851, evidence Visual, source-id 97608, confidence 0.38, uncertainty 6.32, delivery None, reporter-id 431, state Active]
[CA][tick=2851][map=0][actor=Human431@(954,261)][contact=(681,406)][anchor=(954,261)] Hampton: battlefield perception ACQUIRED an unresolved hostile silhouette - distance 309.1 / map diagonal 1654.6, clear horizon 988.8, effective range 893.7, confidence 0.38, uncertainty 6.3 cells, soft occlusion 0.54 [plants 40, trees 0, partial cover 11, smoke 0], target glow 1.00, Sight 1.00 (range factor 0.92), medium/long acuity 1.00/1.00 -> distance factor 1.00, dark adaptation 0.00 -> light factor 1.00, weather factor 1.00, skill factor 0.98 [Shooting 4, Intellectual 8], limiting factor flora/cover/smoke 0.58, identified False, sources none
[CA][tick=2851][map=0][actor=Human431@(954,261)][contact=(678,384)] Hampton: SPOTS an unresolved hostile silhouette [hostile-id 97601, copied-cell (678, 0, 384), source-tick 2851, acquired-tick 2851, evidence Visual, source-id 97601, confidence 0.29, uncertainty 7.50, delivery None, reporter-id 431, state Active]
[CA][tick=2851][map=0][actor=Human431@(954,261)][contact=(678,384)][anchor=(954,261)] Hampton: battlefield perception ACQUIRED an unresolved hostile silhouette - distance 302.2 / map diagonal 1654.6, clear horizon 988.8, effective range 893.7, confidence 0.29, uncertainty 7.5 cells, soft occlusion 0.73 [plants 46, trees 0, partial cover 17, smoke 0], target glow 1.00, Sight 1.00 (range factor 0.92), medium/long acuity 1.00/1.00 -> distance factor 1.00, dark adaptation 0.00 -> light factor 1.00, weather factor 1.00, skill factor 0.98 [Shooting 4, Intellectual 8], limiting factor flora/cover/smoke 0.48, identified False, sources none
[CA][tick=2881][map=0][actor=Human97641@(676,399)][contact=(954,261)] James: is told about a contact [hostile-id 431, copied-cell (954, 0, 261), source-tick 2881, acquired-tick 2881, evidence Visual, source-id 431, confidence 1.00, uncertainty 0.00, delivery Voice, reporter-id 97608, state Active]
[CA][tick=2881][map=0][actor=Human97626@(675,404)][contact=(954,261)] Grell: is told about a contact [hostile-id 431, copied-cell (954, 0, 261), source-tick 2881, acquired-tick 2881, evidence Visual, source-id 431, confidence 1.00, uncertainty 0.00, delivery Voice, reporter-id 97608, state Active]
[CA][tick=2881][map=0][actor=Human97616@(672,394)][contact=(954,261)] Kelly: is told about a contact [hostile-id 431, copied-cell (954, 0, 261), source-tick 2881, acquired-tick 2881, evidence Visual, source-id 431, confidence 1.00, uncertainty 0.00, delivery Voice, reporter-id 97601, state Active]
[CA][tick=2881][map=0][actor=Human97998@(562,452)][contact=(617,891)] Sheya: is told about a contact [hostile-id 98737, copied-cell (617, 0, 891), source-tick 2821, acquired-tick 2881, evidence Visual, source-id 98737, confidence 1.00, uncertainty 0.00, delivery Voice, reporter-id 98003, state Active]
[CA][tick=2881][map=0][actor=Human97977@(561,447)][contact=(617,891)] Parsons: is told about a contact [hostile-id 98737, copied-cell (617, 0, 891), source-tick 2821, acquired-tick 2881, evidence Visual, source-id 98737, confidence 1.00, uncertainty 0.00, delivery Voice, reporter-id 98003, state Active]
[CA][tick=2881][map=0][actor=Human97947@(563,450)][contact=(617,891)] Viktor: is told about a contact [hostile-id 98737, copied-cell (617, 0, 891), source-tick 2821, acquired-tick 2881, evidence Visual, source-id 98737, confidence 1.00, uncertainty 0.00, delivery Voice, reporter-id 98003, state Active]
[CA][tick=2881][map=0][actor=Human428@(957,253)][contact=(681,406)] Pixie: is told about a contact [hostile-id 97608, copied-cell (681, 0, 406), source-tick 2881, acquired-tick 2881, evidence Visual, source-id 97608, confidence 1.00, uncertainty 0.00, delivery Voice, reporter-id 431, state Active]
[CA][tick=2881][map=0][actor=Human428@(957,253)][contact=(678,384)] Pixie: is told about a contact [hostile-id 97601, copied-cell (678, 0, 384), source-tick 2881, acquired-tick 2881, evidence Visual, source-id 97601, confidence 1.00, uncertainty 0.00, delivery Voice, reporter-id 431, state Active]
[CA][tick=2941][map=0][actor=Human431@(953,262)][contact=(974,674)] Hampton: SPOTS an unresolved hostile silhouette [hostile-id 98396, copied-cell (974, 0, 674), source-tick 2941, acquired-tick 2941, evidence Visual, source-id 98396, confidence 0.27, uncertainty 7.36, delivery None, reporter-id 431, state Active]
[CA][tick=2941][map=0][actor=Human431@(953,262)][contact=(974,674)][anchor=(953,262)] Hampton: battlefield perception ACQUIRED an unresolved hostile silhouette - distance 412.5 / map diagonal 1654.6, clear horizon 988.8, effective range 893.7, confidence 0.27, uncertainty 7.4 cells, soft occlusion 0.62 [plants 50, trees 0, partial cover 12, smoke 0], target glow 1.00, Sight 1.00 (range factor 0.92), medium/long acuity 1.00/1.00 -> distance factor 1.00, dark adaptation 0.00 -> light factor 1.00, weather factor 1.00, skill factor 0.98 [Shooting 4, Intellectual 8], limiting factor flora/cover/smoke 0.54, identified False, sources none
[CA][tick=2941][map=0][actor=Human97567@(670,396)][contact=(954,261)] Chigg: is told about a contact [hostile-id 431, copied-cell (954, 0, 261), source-tick 2881, acquired-tick 2941, evidence Visual, source-id 431, confidence 1.00, uncertainty 0.00, delivery Voice, reporter-id 97641, state Active]
[CA][tick=2941][map=0][actor=Human97560@(663,396)][contact=(954,261)] Dax: is told about a contact [hostile-id 431, copied-cell (954, 0, 261), source-tick 2881, acquired-tick 2941, evidence Visual, source-id 431, confidence 1.00, uncertainty 0.00, delivery Voice, reporter-id 97626, state Active]
[CA][tick=2941][map=0][actor=Human97633@(666,387)][contact=(954,261)] Nicole: is told about a contact [hostile-id 431, copied-cell (954, 0, 261), source-tick 2881, acquired-tick 2941, evidence Visual, source-id 431, confidence 1.00, uncertainty 0.00, delivery Voice, reporter-id 97616, state Active]
[CA][tick=2941][map=0][actor=Human98008@(555,451)][contact=(617,891)] Pentanet: is told about a contact [hostile-id 98737, copied-cell (617, 0, 891), source-tick 2821, acquired-tick 2941, evidence Visual, source-id 98737, confidence 1.00, uncertainty 0.00, delivery Voice, reporter-id 97998, state Active]
[CA][tick=2941][map=0][actor=Human97993@(553,448)][contact=(617,891)] Omar: is told about a contact [hostile-id 98737, copied-cell (617, 0, 891), source-tick 2821, acquired-tick 2941, evidence Visual, source-id 98737, confidence 1.00, uncertainty 0.00, delivery Voice, reporter-id 97998, state Active]
[CA][tick=2941][map=0][actor=Human428@(958,253)][contact=(974,674)] Pixie: is told about a contact [hostile-id 98396, copied-cell (974, 0, 674), source-tick 2941, acquired-tick 2941, evidence Visual, source-id 98396, confidence 1.00, uncertainty 0.00, delivery Voice, reporter-id 431, state Active]
[CA][TickProbe] 300 ticks, ms/tick: total 33.93; mapPre 0.49; listNormal 12.72; listRare 0.52; listLong 3.22; world 0.45; story 0.01; mapPost 12.09 [animals 0.00; plants 0.32; power 0.04; steady 8.82; components 1.85; gas 0.00; pollution 0.00; lords 0.04; resources 0.00; fireWatch 0.00; flecks 0.34; postOther 0.00]; gameComp 0.01; other 4.42; post:GameConditionManager 0.01; post:TempTerrainManager 0.65; post:DeferredSpawner 0.00; post:PassingShipManager 0.00; post:DebugCellDrawer 0.00; post:VoluntarilyJoinableLordsStarter 0.00; post:WeatherManager 0.01; post:WeatherDecider 0.01; post:EffecterMaintainer 0.00; comp:KnowledgeMapComponent 1.29; comp:CASpatialCombatMemoryMapComponent 0.21; comp:FishShadowComponent 0.16; comp:CADraftedCombatInitiativeMapComponent 0.06; comp:SquadSupportMapComponent 0.01; comp:EquipTransitionMapComponent 0.01
[CA][tick=3001][map=0][actor=Human97655@(657,386)][contact=(954,261)] Jet: is told about a contact [hostile-id 431, copied-cell (954, 0, 261), source-tick 2881, acquired-tick 3001, evidence Visual, source-id 431, confidence 1.00, uncertainty 0.00, delivery Voice, reporter-id 97633, state Active]
[CA][tick=3001][map=0][actor=Human97593@(664,385)][contact=(954,261)] Kana: is told about a contact [hostile-id 431, copied-cell (954, 0, 261), source-tick 2881, acquired-tick 3001, evidence Visual, source-id 431, confidence 1.00, uncertainty 0.00, delivery Voice, reporter-id 97633, state Active]
[CA][tick=3001][map=0][actor=Human97574@(657,384)][contact=(954,261)] Dennis: is told about a contact [hostile-id 431, copied-cell (954, 0, 261), source-tick 2881, acquired-tick 3001, evidence Visual, source-id 431, confidence 1.00, uncertainty 0.00, delivery Voice, reporter-id 97633, state Active]
[CA][tick=3001][map=0][actor=Human97551@(655,385)][contact=(954,261)] Paisley: is told about a contact [hostile-id 431, copied-cell (954, 0, 261), source-tick 2881, acquired-tick 3001, evidence Visual, source-id 431, confidence 1.00, uncertainty 0.00, delivery Voice, reporter-id 97633, state Active]
[CA][tick=3061][map=0][actor=Human97648@(654,381)][contact=(954,261)] Tim: is told about a contact [hostile-id 431, copied-cell (954, 0, 261), source-tick 2881, acquired-tick 3061, evidence Visual, source-id 431, confidence 1.00, uncertainty 0.00, delivery Voice, reporter-id 97655, state Active]
[CA][tick=3090][map=0][actor=Human431@(950,265)][target=Human98326@(978,653)][contact=(978,653)][destination=(950,265)][anchor=(950,265)][origin=player-delegated][controller=fire-position][episode=12][behavior=combat.fire_position_adjustment][authority=PlayerDelegated:player delegation][issuer=431] Hampton: cannot recover a firing solution after matchup revalidation (target distance 389.0, cover 0.00, lane risk 1.00, friendly-sector risk 0.00, support 0.00, pressure 0.00, crowding 0.00, force 2.94/0.00, hazard 0.00; competence Shooting 4, Intellectual 8, tactical synthesis 0.29, decision delay 145 ticks, search radius 7.4 cells, bounded approach 3.3 cells; condition pain 0.00, consciousness 1.00, movement 1.00, manipulation 1.00, breathing 1.00, blood-pumping 1.00, blood-loss 0.00, bleed 0.00, vital-injury no, death-in-ticks none, combat-power 1.00)
[CA][tick=3121][map=0][actor=Human97601@(674,381)][contact=(961,250)] Thaarath: SPOTS an unresolved hostile silhouette [hostile-id 428, copied-cell (961, 0, 250), source-tick 3121, acquired-tick 3121, evidence Visual, source-id 428, confidence 0.22, uncertainty 8.51, delivery None, reporter-id 97601, state Active]
[CA][tick=3121][map=0][actor=Human97601@(674,381)][contact=(961,250)][anchor=(674,381)] Thaarath: battlefield perception ACQUIRED an unresolved hostile silhouette - distance 315.5 / map diagonal 1654.6, clear horizon 988.8, effective range 887.2, confidence 0.22, uncertainty 8.5 cells, soft occlusion 0.91 [plants 40, trees 0, partial cover 25, smoke 0], target glow 1.00, Sight 1.00 (range factor 0.92), medium/long acuity 1.00/1.00 -> distance factor 1.00, dark adaptation 0.00 -> light factor 1.00, weather factor 1.00, skill factor 0.98 [Shooting 1, Intellectual 11], limiting factor flora/cover/smoke 0.40, identified False, sources none
[CA][tick=3121][map=0][actor=Human97633@(666,387)][contact=(961,250)] Nicole: is told about a contact [hostile-id 428, copied-cell (961, 0, 250), source-tick 3121, acquired-tick 3121, evidence Visual, source-id 428, confidence 1.00, uncertainty 0.00, delivery Voice, reporter-id 97601, state Active]
[CA][tick=3121][map=0][actor=Human97626@(671,389)][contact=(961,250)] Grell: is told about a contact [hostile-id 428, copied-cell (961, 0, 250), source-tick 3121, acquired-tick 3121, evidence Visual, source-id 428, confidence 1.00, uncertainty 0.00, delivery Voice, reporter-id 97601, state Active]
[CA][tick=3121][map=0][actor=Human97593@(664,385)][contact=(961,250)] Kana: is told about a contact [hostile-id 428, copied-cell (961, 0, 250), source-tick 3121, acquired-tick 3121, evidence Visual, source-id 428, confidence 1.00, uncertainty 0.00, delivery Voice, reporter-id 97601, state Active]
[CA][tick=3121][map=0][actor=Human97582@(676,382)][contact=(961,250)] Mash: is told about a contact [hostile-id 428, copied-cell (961, 0, 250), source-tick 3121, acquired-tick 3121, evidence Visual, source-id 428, confidence 1.00, uncertainty 0.00, delivery Voice, reporter-id 97601, state Active]
[CA][tick=3181][map=0][actor=Human97655@(665,393)][contact=(961,250)] Jet: is told about a contact [hostile-id 428, copied-cell (961, 0, 250), source-tick 3121, acquired-tick 3181, evidence Visual, source-id 428, confidence 1.00, uncertainty 0.00, delivery Voice, reporter-id 97633, state Active]
[CA][tick=3181][map=0][actor=Human97616@(668,393)][contact=(961,250)] Kelly: is told about a contact [hostile-id 428, copied-cell (961, 0, 250), source-tick 3121, acquired-tick 3181, evidence Visual, source-id 428, confidence 1.00, uncertainty 0.00, delivery Voice, reporter-id 97633, state Active]
[CA][tick=3181][map=0][actor=Human97608@(672,393)][contact=(961,250)] Tasya: is told about a contact [hostile-id 428, copied-cell (961, 0, 250), source-tick 3121, acquired-tick 3181, evidence Visual, source-id 428, confidence 1.00, uncertainty 0.00, delivery Voice, reporter-id 97633, state Active]
[CA][tick=3181][map=0][actor=Human97574@(665,393)][contact=(961,250)] Dennis: is told about a contact [hostile-id 428, copied-cell (961, 0, 250), source-tick 3121, acquired-tick 3181, evidence Visual, source-id 428, confidence 1.00, uncertainty 0.00, delivery Voice, reporter-id 97633, state Active]
[CA][tick=3181][map=0][actor=Human97567@(673,394)][contact=(961,250)] Chigg: is told about a contact [hostile-id 428, copied-cell (961, 0, 250), source-tick 3121, acquired-tick 3181, evidence Visual, source-id 428, confidence 1.00, uncertainty 0.00, delivery Voice, reporter-id 97633, state Active]
[CA][tick=3181][map=0][actor=Human97551@(658,386)][contact=(961,250)] Paisley: is told about a contact [hostile-id 428, copied-cell (961, 0, 250), source-tick 3121, acquired-tick 3181, evidence Visual, source-id 428, confidence 1.00, uncertainty 0.00, delivery Voice, reporter-id 97633, state Active]
[CA][tick=3181][map=0][actor=Human97641@(676,399)][contact=(961,250)] James: is told about a contact [hostile-id 428, copied-cell (961, 0, 250), source-tick 3121, acquired-tick 3181, evidence Visual, source-id 428, confidence 1.00, uncertainty 0.00, delivery Voice, reporter-id 97626, state Active]
[CA][tick=3210][map=0][actor=Human431@(947,268)][target=Human97601@(667,381)][contact=(667,381)][destination=(947,268)][anchor=(947,268)][origin=player-delegated][controller=fire-position][episode=13][behavior=combat.fire_position_adjustment][authority=PlayerDelegated:player delegation][issuer=431] Hampton: cannot recover a firing solution after matchup revalidation (target distance 301.9, cover 0.00, lane risk 1.00, friendly-sector risk 0.00, support 0.00, pressure 0.00, crowding 0.00, force 2.52/0.00, hazard 0.00; competence Shooting 4, Intellectual 8, tactical synthesis 0.29, decision delay 145 ticks, search radius 7.4 cells, bounded approach 3.3 cells; condition pain 0.00, consciousness 1.00, movement 1.00, manipulation 1.00, breathing 1.00, blood-pumping 1.00, blood-loss 0.00, bleed 0.00, vital-injury no, death-in-ticks none, combat-power 1.00)
[CA][tick=3241][map=0][actor=Human97560@(665,400)][contact=(961,250)] Dax: is told about a contact [hostile-id 428, copied-cell (961, 0, 250), source-tick 3121, acquired-tick 3241, evidence Visual, source-id 428, confidence 1.00, uncertainty 0.00, delivery Voice, reporter-id 97655, state Active]
[CA][tick=3270][map=0][actor=Human431@(946,269)][target=Human98326@(978,653)][contact=(978,653)][destination=(946,269)][anchor=(946,269)][origin=player-delegated][controller=fire-position][episode=14][behavior=combat.fire_position_adjustment][authority=PlayerDelegated:player delegation][issuer=431] Hampton: cannot recover a firing solution after matchup revalidation (target distance 385.3, cover 0.00, lane risk 1.00, friendly-sector risk 0.00, support 0.00, pressure 0.00, crowding 0.00, force 2.38/0.00, hazard 0.00; competence Shooting 4, Intellectual 8, tactical synthesis 0.29, decision delay 145 ticks, search radius 7.4 cells, bounded approach 3.3 cells; condition pain 0.00, consciousness 1.00, movement 1.00, manipulation 1.00, breathing 1.00, blood-pumping 1.00, blood-loss 0.00, bleed 0.00, vital-injury no, death-in-ticks none, combat-power 1.00)
[CA][tick=3285][map=0][actor=Human425@(841,316)] Bit: protective apparel SKIPPED - no permitted compatible protective apparel within 36 cells
[CA][TickProbe] 300 ticks, ms/tick: total 47.26; mapPre 0.46; listNormal 27.08; listRare 0.01; listLong 2.99; world 0.44; story 0.00; mapPost 11.88 [animals 0.00; plants 0.30; power 0.04; steady 8.67; components 1.91; gas 0.00; pollution 0.00; lords 0.04; resources 0.00; fireWatch 0.00; flecks 0.24; postOther 0.00]; gameComp 0.01; other 4.40; post:GameConditionManager 0.01; post:TempTerrainManager 0.64; post:DeferredSpawner 0.00; post:PassingShipManager 0.00; post:DebugCellDrawer 0.00; post:VoluntarilyJoinableLordsStarter 0.00; post:WeatherManager 0.01; post:WeatherDecider 0.01; post:EffecterMaintainer 0.00; comp:KnowledgeMapComponent 1.20; comp:CASpatialCombatMemoryMapComponent 0.19; comp:CASettlementGraphMapComponent 0.18; comp:FishShadowComponent 0.15; comp:CADraftedCombatInitiativeMapComponent 0.06; comp:CAPatrolSystemMapComponent 0.01
[CA][tick=3360][map=0][actor=Human431@(944,271)] Hampton: protective apparel SKIPPED - no suitable nearby apparel (0 forbidden, 0 outside apparel policy, 0 incompatible with locked or forced gear, 0 unreachable or reserved, 1 not meaningfully protective)
[CA][tick=3361][map=0][actor=Human431@(944,271)][contact=(665,381)] Hampton: SPOTS an unresolved hostile silhouette [hostile-id 97593, copied-cell (665, 0, 381), source-tick 3361, acquired-tick 3361, evidence Visual, source-id 97593, confidence 0.37, uncertainty 6.53, delivery None, reporter-id 431, state Active]
[CA][tick=3361][map=0][actor=Human431@(944,271)][contact=(665,381)][anchor=(944,271)] Hampton: battlefield perception ACQUIRED an unresolved hostile silhouette - distance 299.9 / map diagonal 1654.6, clear horizon 988.8, effective range 893.7, confidence 0.37, uncertainty 6.5 cells, soft occlusion 0.60 [plants 36, trees 0, partial cover 14, smoke 0], target glow 1.00, Sight 1.00 (range factor 0.92), medium/long acuity 1.00/1.00 -> distance factor 1.00, dark adaptation 0.00 -> light factor 1.00, weather factor 1.00, skill factor 0.98 [Shooting 4, Intellectual 8], limiting factor flora/cover/smoke 0.55, identified False, sources none
[CA][tick=3390][map=0][actor=Human431@(944,271)][target=Human97593@(666,380)][contact=(666,380)][destination=(944,271)][anchor=(944,271)][origin=player-delegated][controller=fire-position][episode=15][behavior=combat.fire_position_adjustment][authority=PlayerDelegated:player delegation][issuer=431] Hampton: cannot recover a firing solution after matchup revalidation (target distance 298.6, cover 0.00, lane risk 1.00, friendly-sector risk 0.00, support 0.00, pressure 0.00, crowding 0.00, force 2.25/0.00, hazard 0.00; competence Shooting 4, Intellectual 8, tactical synthesis 0.29, decision delay 145 ticks, search radius 7.4 cells, bounded approach 3.3 cells; condition pain 0.00, consciousness 1.00, movement 1.00, manipulation 1.00, breathing 1.00, blood-pumping 1.00, blood-loss 0.00, bleed 0.00, vital-injury no, death-in-ticks none, combat-power 1.00)
[CA][tick=3405][map=0][actor=Human428@(961,252)] Pixie: protective apparel SKIPPED - no suitable nearby apparel (0 forbidden, 0 outside apparel policy, 0 incompatible with locked or forced gear, 0 unreachable or reserved, 1 not meaningfully protective)
[CA][tick=3420][map=0][actor=Human431@(943,272)] Hampton: protective apparel SKIPPED - no permitted compatible protective apparel within 36 cells
[CA][tick=3541][map=0][actor=Human425@(828,319)][contact=(667,379)] Bit: SPOTS Kana [hostile-id 97593, copied-cell (667, 0, 379), source-tick 3541, acquired-tick 3541, evidence Visual, source-id 97593, confidence 0.43, uncertainty 5.85, delivery None, reporter-id 425, state Active]
[CA][tick=3541][map=0][actor=Human425@(828,319)][contact=(667,379)][anchor=(828,319)] Bit: battlefield perception ACQUIRED Kana - distance 171.8 / map diagonal 1654.6, clear horizon 988.8, effective range 857.0, confidence 0.43, uncertainty 5.8 cells, soft occlusion 0.51 [plants 25, trees 0, partial cover 13, smoke 0], target glow 1.00, Sight 1.00 (range factor 0.92), medium/long acuity 1.00/1.00 -> distance factor 1.00, dark adaptation 0.00 -> light factor 1.00, weather factor 1.00, skill factor 0.94 [Shooting 0, Intellectual 1], limiting factor flora/cover/smoke 0.60, identified True, sources none
[CA][tick=3541][map=0][actor=Human97648@(656,383)][contact=(961,250)] Tim: is told about a contact [hostile-id 428, copied-cell (961, 0, 250), source-tick 3181, acquired-tick 3541, evidence Visual, source-id 428, confidence 1.00, uncertainty 0.00, delivery Voice, reporter-id 97616, state Active]
[CA][TickProbe] 300 ticks, ms/tick: total 31.94; mapPre 0.46; listNormal 11.89; listRare 0.01; listLong 2.94; world 0.44; story 0.00; mapPost 11.78 [animals 0.00; plants 0.29; power 0.04; steady 8.63; components 1.90; gas 0.00; pollution 0.00; lords 0.04; resources 0.00; fireWatch 0.00; flecks 0.21; postOther 0.01]; gameComp 0.01; other 4.42; post:GameConditionManager 0.01; post:TempTerrainManager 0.62; post:DeferredSpawner 0.00; post:PassingShipManager 0.00; post:DebugCellDrawer 0.00; post:VoluntarilyJoinableLordsStarter 0.00; post:WeatherManager 0.00; post:WeatherDecider 0.01; post:EffecterMaintainer 0.00; comp:KnowledgeMapComponent 1.24; comp:CASpatialCombatMemoryMapComponent 0.20; comp:FishShadowComponent 0.15; comp:CASettlementGraphMapComponent 0.14; comp:CADraftedCombatInitiativeMapComponent 0.06; comp:EquipTransitionMapComponent 0.01
[CA][tick=3751][map=0][actor=Human425@(819,327)][contact=(674,384)] Bit: SPOTS Nicole [hostile-id 97633, copied-cell (674, 0, 384), source-tick 3751, acquired-tick 3751, evidence Visual, source-id 97633, confidence 0.46, uncertainty 5.25, delivery None, reporter-id 425, state Active]
[CA][tick=3751][map=0][actor=Human425@(819,327)][contact=(674,384)][anchor=(819,327)] Bit: battlefield perception ACQUIRED Nicole - distance 155.8 / map diagonal 1654.6, clear horizon 988.8, effective range 857.0, confidence 0.46, uncertainty 5.3 cells, soft occlusion 0.36 [plants 21, trees 0, partial cover 9, smoke 0], target glow 1.00, Sight 1.00 (range factor 0.92), medium/long acuity 1.00/1.00 -> distance factor 1.00, dark adaptation 0.00 -> light factor 1.00, weather factor 1.00, skill factor 0.94 [Shooting 0, Intellectual 1], limiting factor flora/cover/smoke 0.69, identified True, sources none
[CA][tick=3751][map=0][actor=Human425@(819,327)][contact=(994,662)] Bit: SPOTS an unresolved hostile silhouette [hostile-id 98410, copied-cell (994, 0, 662), source-tick 3751, acquired-tick 3751, evidence Visual, source-id 98410, confidence 0.20, uncertainty 8.34, delivery None, reporter-id 425, state Active]
[CA][tick=3751][map=0][actor=Human425@(819,327)][contact=(994,662)][anchor=(819,327)] Bit: battlefield perception ACQUIRED an unresolved hostile silhouette - distance 378.0 / map diagonal 1654.6, clear horizon 988.8, effective range 857.0, confidence 0.20, uncertainty 8.3 cells, soft occlusion 0.78 [plants 68, trees 0, partial cover 14, smoke 0], target glow 1.00, Sight 1.00 (range factor 0.92), medium/long acuity 1.00/1.00 -> distance factor 1.00, dark adaptation 0.00 -> light factor 1.00, weather factor 1.00, skill factor 0.94 [Shooting 0, Intellectual 1], limiting factor flora/cover/smoke 0.46, identified False, sources none
[CA][tick=3751][map=0][actor=Human431@(936,275)][contact=(674,384)] Hampton: SPOTS an unresolved hostile silhouette [hostile-id 97633, copied-cell (674, 0, 384), source-tick 3751, acquired-tick 3751, evidence Visual, source-id 97633, confidence 0.33, uncertainty 6.76, delivery None, reporter-id 431, state Active]
[CA][tick=3751][map=0][actor=Human431@(936,275)][contact=(674,384)][anchor=(936,275)] Hampton: battlefield perception ACQUIRED an unresolved hostile silhouette - distance 283.8 / map diagonal 1654.6, clear horizon 988.8, effective range 893.7, confidence 0.33, uncertainty 6.8 cells, soft occlusion 0.55 [plants 42, trees 0, partial cover 10, smoke 0], target glow 1.00, Sight 1.00 (range factor 0.92), medium/long acuity 1.00/1.00 -> distance factor 1.00, dark adaptation 0.00 -> light factor 1.00, weather factor 1.00, skill factor 0.98 [Shooting 4, Intellectual 8], limiting factor flora/cover/smoke 0.58, identified False, sources none
[CA][tick=3780][map=0][actor=Human431@(936,275)][target=Human97601@(665,381)][contact=(665,381)][destination=(936,275)][anchor=(936,275)][origin=player-delegated][controller=fire-position][episode=16][behavior=combat.fire_position_adjustment][authority=PlayerDelegated:player delegation][issuer=431] Hampton: cannot recover a firing solution after matchup revalidation (target distance 291.0, cover 0.00, lane risk 1.00, friendly-sector risk 0.00, support 0.00, pressure 0.00, crowding 0.00, force 2.22/0.00, hazard 0.00; competence Shooting 4, Intellectual 8, tactical synthesis 0.29, decision delay 145 ticks, search radius 7.4 cells, bounded approach 3.3 cells; condition pain 0.00, consciousness 1.00, movement 1.00, manipulation 1.00, breathing 1.00, blood-pumping 1.00, blood-loss 0.00, bleed 0.00, vital-injury no, death-in-ticks none, combat-power 1.00)
[CA][tick=3885][map=0][actor=Human425@(813,328)] Bit: protective apparel SKIPPED - no permitted compatible protective apparel within 36 cells
[CA][TickProbe] 300 ticks, ms/tick: total 25.98; mapPre 0.45; listNormal 11.25; listRare 0.01; listLong 2.68; world 0.41; story 0.00; mapPost 10.51 [animals 0.00; plants 0.28; power 0.04; steady 7.78; components 1.59; gas 0.00; pollution 0.00; lords 0.03; resources 0.00; fireWatch 0.00; flecks 0.19; postOther 0.00]; gameComp 0.01; other 0.67; post:GameConditionManager 0.01; post:TempTerrainManager 0.56; post:DeferredSpawner 0.00; post:PassingShipManager 0.00; post:DebugCellDrawer 0.00; post:VoluntarilyJoinableLordsStarter 0.00; post:WeatherManager 0.00; post:WeatherDecider 0.01; post:EffecterMaintainer 0.00; comp:KnowledgeMapComponent 1.12; comp:CASpatialCombatMemoryMapComponent 0.18; comp:FishShadowComponent 0.13; comp:CADraftedCombatInitiativeMapComponent 0.05; comp:SquadSupportMapComponent 0.01; comp:EquipTransitionMapComponent 0.01
[CA][tick=3901][map=0][actor=Human431@(933,275)][contact=(982,661)] Hampton: SPOTS Ernie [hostile-id 98340, copied-cell (982, 0, 661), source-tick 3901, acquired-tick 3901, evidence Visual, source-id 98340, confidence 0.50, uncertainty 4.94, delivery None, reporter-id 431, state Active]
[CA][tick=3901][map=0][actor=Human431@(933,275)][contact=(982,661)][anchor=(933,275)] Hampton: battlefield perception ACQUIRED Ernie - distance 389.1 / map diagonal 1654.6, clear horizon 988.8, effective range 893.7, confidence 0.50, uncertainty 4.9 cells, soft occlusion 0.37 [plants 46, trees 0, partial cover 3, smoke 0], target glow 1.00, Sight 1.00 (range factor 0.92), medium/long acuity 1.00/1.00 -> distance factor 1.00, dark adaptation 0.00 -> light factor 1.00, weather factor 1.00, skill factor 0.98 [Shooting 4, Intellectual 8], limiting factor flora/cover/smoke 0.69, identified True, sources none
[CA][tick=3930][map=0][actor=Human431@(933,275)][target=Human98340@(982,661)][contact=(982,661)][destination=(933,275)][anchor=(933,275)][origin=player-delegated][controller=fire-position][episode=17][behavior=combat.fire_position_adjustment][authority=PlayerDelegated:player delegation][issuer=431] Hampton: cannot recover a firing solution after matchup revalidation (target distance 389.1, cover 0.00, lane risk 1.00, friendly-sector risk 0.00, support 0.00, pressure 0.00, crowding 0.00, force 2.21/0.00, hazard 0.00; competence Shooting 4, Intellectual 8, tactical synthesis 0.29, decision delay 145 ticks, search radius 7.4 cells, bounded approach 3.3 cells; condition pain 0.00, consciousness 1.00, movement 1.00, manipulation 1.00, breathing 1.00, blood-pumping 1.00, blood-loss 0.00, bleed 0.00, vital-injury no, death-in-ticks none, combat-power 1.00)
[CA][tick=3991][map=0][actor=Human428@(955,264)][contact=(974,668)] Pixie: SPOTS an unresolved hostile silhouette [hostile-id 98417, copied-cell (974, 0, 668), source-tick 3991, acquired-tick 3991, evidence Visual, source-id 98417, confidence 0.29, uncertainty 7.44, delivery None, reporter-id 428, state Active]
[CA][tick=3991][map=0][actor=Human428@(955,264)][contact=(974,668)][anchor=(955,264)] Pixie: battlefield perception ACQUIRED an unresolved hostile silhouette - distance 404.4 / map diagonal 1654.6, clear horizon 988.8, effective range 902.4, confidence 0.29, uncertainty 7.4 cells, soft occlusion 0.72 [plants 38, trees 0, partial cover 18, smoke 0], target glow 1.00, Sight 1.00 (range factor 0.92), medium/long acuity 1.00/1.00 -> distance factor 1.00, dark adaptation 0.00 -> light factor 1.00, weather factor 1.00, skill factor 0.99 [Shooting 8, Intellectual 4], limiting factor flora/cover/smoke 0.49, identified False, sources none
[CA][tick=4005][map=0][actor=Human428@(955,264)] Pixie: protective apparel SKIPPED - no suitable nearby apparel (0 forbidden, 0 outside apparel policy, 0 incompatible with locked or forced gear, 0 unreachable or reserved, 1 not meaningfully protective)
[CA][tick=4020][map=0][actor=Human431@(931,275)] Hampton: protective apparel SKIPPED - no permitted compatible protective apparel within 36 cells
[CA][tick=4171][map=0][actor=Human425@(797,328)][contact=(973,670)] Bit: SPOTS an unresolved hostile silhouette [hostile-id 98417, copied-cell (973, 0, 670), source-tick 4171, acquired-tick 4171, evidence Visual, source-id 98417, confidence 0.28, uncertainty 7.50, delivery None, reporter-id 425, state Active]
[CA][tick=4171][map=0][actor=Human425@(797,328)][contact=(973,670)][anchor=(797,328)] Bit: battlefield perception ACQUIRED an unresolved hostile silhouette - distance 384.6 / map diagonal 1654.6, clear horizon 988.8, effective range 857.0, confidence 0.28, uncertainty 7.5 cells, soft occlusion 0.71 [plants 51, trees 0, partial cover 15, smoke 0], target glow 1.00, Sight 1.00 (range factor 0.92), medium/long acuity 1.00/1.00 -> distance factor 1.00, dark adaptation 0.00 -> light factor 1.00, weather factor 1.00, skill factor 0.94 [Shooting 0, Intellectual 1], limiting factor flora/cover/smoke 0.49, identified False, sources none
[CA][TickProbe] 300 ticks, ms/tick: total 27.10; mapPre 0.42; listNormal 11.31; listRare 0.01; listLong 2.72; world 0.42; story 0.01; mapPost 11.94 [animals 0.00; plants 0.28; power 0.04; steady 7.91; components 2.78; gas 0.00; pollution 0.00; lords 0.03; resources 0.00; fireWatch 0.00; flecks 0.28; postOther 0.01]; gameComp 0.01; other 0.27; post:GameConditionManager 0.01; post:TempTerrainManager 0.59; post:DeferredSpawner 0.00; post:PassingShipManager 0.00; post:DebugCellDrawer 0.00; post:VoluntarilyJoinableLordsStarter 0.00; post:WeatherManager 0.00; post:WeatherDecider 0.01; post:EffecterMaintainer 0.00; comp:KnowledgeMapComponent 1.16; comp:CASettlementWorksMapComponent 0.97; comp:CASpatialCombatMemoryMapComponent 0.18; comp:CASettlementGraphMapComponent 0.15; comp:FishShadowComponent 0.14; comp:CADraftedCombatInitiativeMapComponent 0.06
[CA][tick=4231][map=0][actor=Human425@(794,328)][contact=(1001,670)] Bit: SPOTS an unresolved hostile silhouette [hostile-id 98433, copied-cell (1001, 0, 670), source-tick 4231, acquired-tick 4231, evidence Visual, source-id 98433, confidence 0.23, uncertainty 8.31, delivery None, reporter-id 425, state Active]
[CA][tick=4231][map=0][actor=Human425@(794,328)][contact=(1001,670)][anchor=(794,328)] Bit: battlefield perception ACQUIRED an unresolved hostile silhouette - distance 399.8 / map diagonal 1654.6, clear horizon 988.8, effective range 857.0, confidence 0.23, uncertainty 8.3 cells, soft occlusion 0.87 [plants 61, trees 0, partial cover 19, smoke 0], target glow 1.00, Sight 1.00 (range factor 0.92), medium/long acuity 1.00/1.00 -> distance factor 1.00, dark adaptation 0.00 -> light factor 1.00, weather factor 1.00, skill factor 0.94 [Shooting 0, Intellectual 1], limiting factor flora/cover/smoke 0.42, identified False, sources none
[CA][tick=4485][map=0][actor=Human425@(781,331)] Bit: protective apparel SKIPPED - no permitted compatible protective apparel within 36 cells
[CA][TickProbe] 300 ticks, ms/tick: total 32.87; mapPre 0.44; listNormal 18.45; listRare 0.01; listLong 2.63; world 0.42; story 0.00; mapPost 10.64 [animals 0.00; plants 0.28; power 0.04; steady 7.79; components 1.60; gas 0.00; pollution 0.00; lords 0.04; resources 0.00; fireWatch 0.00; flecks 0.28; postOther 0.01]; gameComp 0.01; other 0.27; post:GameConditionManager 0.01; post:TempTerrainManager 0.58; post:DeferredSpawner 0.00; post:PassingShipManager 0.00; post:DebugCellDrawer 0.00; post:VoluntarilyJoinableLordsStarter 0.00; post:WeatherManager 0.00; post:WeatherDecider 0.01; post:EffecterMaintainer 0.00; comp:KnowledgeMapComponent 1.12; comp:CASpatialCombatMemoryMapComponent 0.19; comp:FishShadowComponent 0.13; comp:CADraftedCombatInitiativeMapComponent 0.06; comp:EquipTransitionMapComponent 0.01; comp:SquadSupportMapComponent 0.01
[CA][tick=4531][map=0][actor=Human425@(779,332)][contact=(667,381)] Bit: SPOTS Jet [hostile-id 97655, copied-cell (667, 0, 381), source-tick 4531, acquired-tick 4531, evidence Visual, source-id 97655, confidence 0.56, uncertainty 4.44, delivery None, reporter-id 425, state Active]
[CA][tick=4531][map=0][actor=Human425@(779,332)][contact=(667,381)][anchor=(779,332)] Bit: battlefield perception ACQUIRED Jet - distance 122.2 / map diagonal 1654.6, clear horizon 988.8, effective range 857.0, confidence 0.56, uncertainty 4.4 cells, soft occlusion 0.38 [plants 15, trees 0, partial cover 11, smoke 0], target glow 1.00, Sight 1.00 (range factor 0.92), medium/long acuity 1.00/1.00 -> distance factor 1.00, dark adaptation 0.00 -> light factor 1.00, weather factor 1.00, skill factor 0.94 [Shooting 0, Intellectual 1], limiting factor flora/cover/smoke 0.68, identified True, sources none
[CA][tick=4605][map=0][actor=Human428@(947,272)] Pixie: protective apparel SKIPPED - no suitable nearby apparel (0 forbidden, 0 outside apparel policy, 0 incompatible with locked or forced gear, 0 unreachable or reserved, 1 not meaningfully protective)
[CA][tick=4620][map=0][actor=Human431@(919,276)] Hampton: protective apparel SKIPPED - no permitted compatible protective apparel within 36 cells
[CA][TickProbe] 300 ticks, ms/tick: total 34.84; mapPre 0.47; listNormal 19.21; listRare 0.01; listLong 2.82; world 0.44; story 0.00; mapPost 11.59 [animals 0.00; plants 0.41; power 0.04; steady 8.35; components 1.85; gas 0.00; pollution 0.00; lords 0.04; resources 0.00; fireWatch 0.00; flecks 0.25; postOther 0.00]; gameComp 0.01; other 0.28; post:GameConditionManager 0.01; post:TempTerrainManager 0.61; post:DeferredSpawner 0.00; post:PassingShipManager 0.00; post:DebugCellDrawer 0.00; post:VoluntarilyJoinableLordsStarter 0.01; post:WeatherManager 0.01; post:WeatherDecider 0.01; post:EffecterMaintainer 0.00; comp:KnowledgeMapComponent 1.20; comp:CASpatialCombatMemoryMapComponent 0.18; comp:FishShadowComponent 0.16; comp:CASettlementGraphMapComponent 0.14; comp:CADraftedCombatInitiativeMapComponent 0.06; comp:SquadSupportMapComponent 0.01
[CA][tick=4845][map=0][actor=Human428@(944,272)] Pixie: protective apparel SKIPPED - no permitted compatible protective apparel within 36 cells
[CA][tick=4861][map=0][actor=Human425@(761,332)][contact=(990,657)] Bit: SPOTS an unresolved hostile silhouette [hostile-id 98340, copied-cell (990, 0, 657), source-tick 4861, acquired-tick 4861, evidence Visual, source-id 98340, confidence 0.41, uncertainty 5.92, delivery None, reporter-id 425, state Active]
[CA][tick=4861][map=0][actor=Human425@(761,332)][contact=(990,657)][anchor=(761,332)] Bit: battlefield perception ACQUIRED an unresolved hostile silhouette - distance 397.6 / map diagonal 1654.6, clear horizon 988.8, effective range 857.0, confidence 0.41, uncertainty 5.9 cells, soft occlusion 0.49 [plants 65, trees 0, partial cover 4, smoke 0], target glow 1.00, Sight 1.00 (range factor 0.92), medium/long acuity 1.00/1.00 -> distance factor 1.00, dark adaptation 0.00 -> light factor 1.00, weather factor 1.00, skill factor 0.94 [Shooting 0, Intellectual 1], limiting factor flora/cover/smoke 0.61, identified False, sources none
Dennis did not have work settings initialized.
Thaarath did not have work settings initialized.
Grell did not have work settings initialized.
James did not have work settings initialized.
Tim did not have work settings initialized.
Paisley did not have work settings initialized.
Dax did not have work settings initialized.
Chigg did not have work settings initialized.
Mash did not have work settings initialized.
Kana did not have work settings initialized.
Tasya did not have work settings initialized.
Kelly did not have work settings initialized.
Nicole did not have work settings initialized.
Jet did not have work settings initialized.
Hahn did not have work settings initialized.
Doug did not have work settings initialized.
Viktor did not have work settings initialized.
Bender did not have work settings initialized.
Matt did not have work settings initialized.
Omar did not have work settings initialized.
Sheya did not have work settings initialized.
Veli did not have work settings initialized.
Parsons did not have work settings initialized.
Pentanet did not have work settings initialized.
Ernie did not have work settings initialized.
Hayhouse did not have work settings initialized.
Toby did not have work settings initialized.
Berger did not have work settings initialized.
Giggles did not have work settings initialized.
Klavdiya did not have work settings initialized.
Hilary did not have work settings initialized.
Ramos did not have work settings initialized.
Skye did not have work settings initialized.
Carnahan did not have work settings initialized.
Fluorock did not have work settings initialized.
Chili did not have work settings initialized.
Greyhound did not have work settings initialized.
Niko did not have work settings initialized.
Cella did not have work settings initialized.
Art did not have work settings initialized.
Marjot did not have work settings initialized.
Furr did not have work settings initialized.
Lasse did not have work settings initialized.
Hotaru did not have work settings initialized.
Bells did not have work settings initialized.
Hanna did not have work settings initialized.
Oink did not have work settings initialized.
Pepper did not have work settings initialized.
Dina did not have work settings initialized.
Called TargetsHostileToFaction with null faction.
Called TargetsHostileToFaction with null faction.
Called TargetsHostileToFaction with null faction.
Called TargetsHostileToFaction with null faction.
Called TargetsHostileToFaction with null faction.
Called TargetsHostileToFaction with null faction.
Called TargetsHostileToFaction with null faction.
Called TargetsHostileToFaction with null faction.
Called TargetsHostileToFaction with null faction.
Called TargetsHostileToFaction with null faction.
Called TargetsHostileToFaction with null faction.
Called TargetsHostileToFaction with null faction.
Called TargetsHostileToFaction with null faction.
Called TargetsHostileToFaction with null faction.
Called TargetsHostileToFaction with null faction.
Called TargetsHostileToFaction with null faction.
Called TargetsHostileToFaction with null faction.
Called TargetsHostileToFaction with null faction.
Called TargetsHostileToFaction with null faction.
Called TargetsHostileToFaction with null faction.
Called TargetsHostileToFaction with null faction.
Called TargetsHostileToFaction with null faction.
Called TargetsHostileToFaction with null faction.
Called TargetsHostileToFaction with null faction.
Called TargetsHostileToFaction with null faction.
Called TargetsHostileToFaction with null faction.
Called TargetsHostileToFaction with null faction.
Called TargetsHostileToFaction with null faction.
Called TargetsHostileToFaction with null faction.
Called TargetsHostileToFaction with null faction.
Called TargetsHostileToFaction with null faction.
Called TargetsHostileToFaction with null faction.
Called TargetsHostileToFaction with null faction.
Called TargetsHostileToFaction with null faction.
Called TargetsHostileToFaction with null faction.
Called TargetsHostileToFaction with null faction.
Called TargetsHostileToFaction with null faction.
Called TargetsHostileToFaction with null faction.
Called TargetsHostileToFaction with null faction.
Called TargetsHostileToFaction with null faction.
Called TargetsHostileToFaction with null faction.
Called TargetsHostileToFaction with null faction.
Called TargetsHostileToFaction with null faction.
Called TargetsHostileToFaction with null faction.
Called TargetsHostileToFaction with null faction.
Called TargetsHostileToFaction with null faction.
Called TargetsHostileToFaction with null faction.
Called TargetsHostileToFaction with null faction.
Called TargetsHostileToFaction with null faction.
Called TargetsHostileToFaction with null faction.
Called TargetsHostileToFaction with null faction.
Called TargetsHostileToFaction with null faction.
Called TargetsHostileToFaction with null faction.
Called TargetsHostileToFaction with null faction.
Called TargetsHostileToFaction with null faction.
Called TargetsHostileToFaction with null faction.
Called TargetsHostileToFaction with null faction.
Called TargetsHostileToFaction with null faction.
Called TargetsHostileToFaction with null faction.
Called TargetsHostileToFaction with null faction.
Called TargetsHostileToFaction with null faction.
Called TargetsHostileToFaction with null faction.
Called TargetsHostileToFaction with null faction.
Called TargetsHostileToFaction with null faction.
Called TargetsHostileToFaction with null faction.
Called TargetsHostileToFaction with null faction.
Called TargetsHostileToFaction with null faction.
Called TargetsHostileToFaction with null faction.
Called TargetsHostileToFaction with null faction.
Called TargetsHostileToFaction with null faction.
Called TargetsHostileToFaction with null faction.
Called TargetsHostileToFaction with null faction.
Called TargetsHostileToFaction with null faction.
Called TargetsHostileToFaction with null faction.
Called TargetsHostileToFaction with null faction.
Called TargetsHostileToFaction with null faction.
Called TargetsHostileToFaction with null faction.
Called TargetsHostileToFaction with null faction.
Called TargetsHostileToFaction with null faction.
Called TargetsHostileToFaction with null faction.
Called TargetsHostileToFaction with null faction.
Called TargetsHostileToFaction with null faction.
Called TargetsHostileToFaction with null faction.
Called TargetsHostileToFaction with null faction.
Called TargetsHostileToFaction with null faction.
Called TargetsHostileToFaction with null faction.
Called TargetsHostileToFaction with null faction.
Called TargetsHostileToFaction with null faction.
Called TargetsHostileToFaction with null faction.
Called TargetsHostileToFaction with null faction.
Called TargetsHostileToFaction with null faction.
Called TargetsHostileToFaction with null faction.
Called TargetsHostileToFaction with null faction.
Called TargetsHostileToFaction with null faction.
Called TargetsHostileToFaction with null faction.
Called TargetsHostileToFaction with null faction.
Called TargetsHostileToFaction with null faction.
Called TargetsHostileToFaction with null faction.
Called TargetsHostileToFaction with null faction.
[CA][tick=5041][map=0][actor=Human428@(940,273)][contact=(666,381)] Pixie: SPOTS Jet [hostile-id 97655, copied-cell (666, 0, 381), source-tick 5041, acquired-tick 5041, evidence Visual, source-id 97655, confidence 0.45, uncertainty 5.56, delivery None, reporter-id 428, state Active]
[CA][tick=5041][map=0][actor=Human428@(940,273)][contact=(666,381)][anchor=(940,273)] Pixie: battlefield perception ACQUIRED Jet - distance 294.5 / map diagonal 1654.6, clear horizon 988.8, effective range 902.4, confidence 0.45, uncertainty 5.6 cells, soft occlusion 0.47 [plants 40, trees 0, partial cover 8, smoke 0], target glow 1.00, Sight 1.00 (range factor 0.92), medium/long acuity 1.00/1.00 -> distance factor 1.00, dark adaptation 0.00 -> light factor 1.00, weather factor 1.00, skill factor 0.99 [Shooting 8, Intellectual 4], limiting factor flora/cover/smoke 0.62, identified True, sources none
[CA][tick=5085][map=0][actor=Human425@(751,337)] Bit: protective apparel SKIPPED - no permitted compatible protective apparel within 36 cells
[CA][TickProbe] 300 ticks, ms/tick: total 29.00; mapPre 0.59; listNormal 11.19; listRare 0.01; listLong 2.69; world 2.03; story 0.01; mapPost 12.22 [animals 0.00; plants 0.72; power 0.04; steady 7.94; components 2.64; gas 0.00; pollution 0.00; lords 0.03; resources 0.00; fireWatch 0.00; flecks 0.24; postOther 0.00]; gameComp 0.01; other 0.27; post:GameConditionManager 0.01; post:TempTerrainManager 0.57; post:DeferredSpawner 0.00; post:PassingShipManager 0.00; post:DebugCellDrawer 0.00; post:VoluntarilyJoinableLordsStarter 0.00; post:WeatherManager 0.00; post:WeatherDecider 0.01; post:EffecterMaintainer 0.00; comp:KnowledgeMapComponent 1.11; comp:CACultureLongitudinalMapComponent 1.03; comp:CASpatialCombatMemoryMapComponent 0.18; comp:FishShadowComponent 0.14; comp:CADraftedCombatInitiativeMapComponent 0.05; comp:BridgeDecayMapComponent 0.02
[CA][tick=5161][map=0][actor=Human428@(938,273)][contact=(665,381)] Pixie: SPOTS an unresolved hostile silhouette [hostile-id 97593, copied-cell (665, 0, 381), source-tick 5161, acquired-tick 5161, evidence Visual, source-id 97593, confidence 0.35, uncertainty 6.84, delivery None, reporter-id 428, state Active]
[CA][tick=5161][map=0][actor=Human428@(938,273)][contact=(665,381)][anchor=(938,273)] Pixie: battlefield perception ACQUIRED an unresolved hostile silhouette - distance 293.6 / map diagonal 1654.6, clear horizon 988.8, effective range 902.4, confidence 0.35, uncertainty 6.8 cells, soft occlusion 0.65 [plants 31, trees 0, partial cover 17, smoke 0], target glow 1.00, Sight 1.00 (range factor 0.92), medium/long acuity 1.00/1.00 -> distance factor 1.00, dark adaptation 0.00 -> light factor 1.00, weather factor 1.00, skill factor 0.99 [Shooting 8, Intellectual 4], limiting factor flora/cover/smoke 0.52, identified False, sources none
[CA][tick=5220][map=0][actor=Human431@(907,281)] Hampton: protective apparel SKIPPED - no permitted compatible protective apparel within 36 cells
[CA][tick=5310][map=0][actor=Human431@(905,283)][target=Human97593@(668,381)][contact=(668,381)][destination=(905,283)][anchor=(905,283)][origin=player-delegated][controller=fire-position][episode=18][behavior=combat.fire_position_adjustment][authority=PlayerDelegated:player delegation][issuer=431] Hampton: cannot recover a firing solution after matchup revalidation (target distance 256.5, cover 0.00, lane risk 1.00, friendly-sector risk 0.00, support 0.00, pressure 0.00, crowding 0.00, force 1.74/0.00, hazard 0.00; competence Shooting 4, Intellectual 8, tactical synthesis 0.29, decision delay 145 ticks, search radius 7.4 cells, bounded approach 3.3 cells; condition pain 0.00, consciousness 1.00, movement 1.00, manipulation 1.00, breathing 1.00, blood-pumping 1.00, blood-loss 0.00, bleed 0.00, vital-injury no, death-in-ticks none, combat-power 1.00)
[CA][TickProbe] 300 ticks, ms/tick: total 27.99; mapPre 0.56; listNormal 11.95; listRare 0.01; listLong 2.89; world 0.45; story 0.00; mapPost 11.83 [animals 0.00; plants 0.73; power 0.04; steady 8.42; components 1.70; gas 0.00; pollution 0.00; lords 0.04; resources 0.00; fireWatch 0.00; flecks 0.24; postOther 0.00]; gameComp 0.01; other 0.28; post:GameConditionManager 0.01; post:TempTerrainManager 0.62; post:DeferredSpawner 0.00; post:PassingShipManager 0.00; post:DebugCellDrawer 0.00; post:VoluntarilyJoinableLordsStarter 0.00; post:WeatherManager 0.01; post:WeatherDecider 0.01; post:EffecterMaintainer 0.00; comp:KnowledgeMapComponent 1.19; comp:CASpatialCombatMemoryMapComponent 0.19; comp:FishShadowComponent 0.15; comp:CADraftedCombatInitiativeMapComponent 0.06; comp:EquipTransitionMapComponent 0.01; comp:SquadSupportMapComponent 0.01
[CA][tick=5445][map=0][actor=Human428@(932,273)] Pixie: protective apparel SKIPPED - no permitted compatible protective apparel within 36 cells
[CA][tick=5551][map=0][actor=Human428@(930,273)][contact=(665,381)] Pixie: SPOTS an unresolved hostile silhouette [hostile-id 97633, copied-cell (665, 0, 381), source-tick 5551, acquired-tick 5551, evidence Visual, source-id 97633, confidence 0.21, uncertainty 8.39, delivery None, reporter-id 428, state Active]
[CA][tick=5551][map=0][actor=Human428@(930,273)][contact=(665,381)][anchor=(930,273)] Pixie: battlefield perception ACQUIRED an unresolved hostile silhouette - distance 286.2 / map diagonal 1654.6, clear horizon 988.8, effective range 902.4, confidence 0.21, uncertainty 8.4 cells, soft occlusion 0.84 [plants 37, trees 0, partial cover 22, smoke 0], target glow 1.00, Sight 1.00 (range factor 0.92), medium/long acuity 1.00/1.00 -> distance factor 1.00, dark adaptation 0.00 -> light factor 1.00, weather factor 1.00, skill factor 0.99 [Shooting 8, Intellectual 4], limiting factor flora/cover/smoke 0.43, identified False, sources none
[CA][tick=5580][map=0][actor=Human431@(900,288)][target=Human97633@(665,381)][contact=(665,381)][destination=(900,288)][anchor=(900,288)][origin=player-delegated][controller=fire-position][episode=19][behavior=combat.fire_position_adjustment][authority=PlayerDelegated:player delegation][issuer=431] Hampton: cannot recover a firing solution after matchup revalidation (target distance 252.7, cover 0.00, lane risk 1.00, friendly-sector risk 0.00, support 0.00, pressure 0.00, crowding 0.00, force 1.00/0.00, hazard 0.00; competence Shooting 4, Intellectual 8, tactical synthesis 0.29, decision delay 145 ticks, search radius 7.4 cells, bounded approach 3.3 cells; condition pain 0.00, consciousness 1.00, movement 1.00, manipulation 1.00, breathing 1.00, blood-pumping 1.00, blood-loss 0.00, bleed 0.00, vital-injury no, death-in-ticks none, combat-power 1.00)
[CA][tick=5685][map=0][actor=Human425@(727,360)] Bit: protective apparel SKIPPED - no permitted compatible protective apparel within 36 cells
[CA][TickProbe] 300 ticks, ms/tick: total 26.98; mapPre 0.60; listNormal 11.55; listRare 0.01; listLong 2.77; world 0.42; story 0.00; mapPost 11.35 [animals 0.00; plants 0.68; power 0.04; steady 8.09; components 1.62; gas 0.00; pollution 0.00; lords 0.03; resources 0.00; fireWatch 0.00; flecks 0.25; postOther 0.00]; gameComp 0.01; other 0.27; post:GameConditionManager 0.01; post:TempTerrainManager 0.59; post:DeferredSpawner 0.00; post:PassingShipManager 0.00; post:DebugCellDrawer 0.00; post:VoluntarilyJoinableLordsStarter 0.00; post:WeatherManager 0.00; post:WeatherDecider 0.01; post:EffecterMaintainer 0.00; comp:KnowledgeMapComponent 1.11; comp:CASpatialCombatMemoryMapComponent 0.20; comp:FishShadowComponent 0.14; comp:CADraftedCombatInitiativeMapComponent 0.06; comp:SquadSupportMapComponent 0.01; comp:EquipTransitionMapComponent 0.01
[CA][tick=5760][map=0][actor=Human431@(896,291)][target=Human97593@(668,379)][contact=(668,379)][destination=(896,291)][anchor=(896,291)][origin=player-delegated][controller=fire-position][episode=20][behavior=combat.fire_position_adjustment][authority=PlayerDelegated:player delegation][issuer=431] Hampton: cannot recover a firing solution after matchup revalidation (target distance 244.4, cover 0.00, lane risk 1.00, friendly-sector risk 0.00, support 0.00, pressure 0.00, crowding 0.00, force 1.00/0.00, hazard 0.00; competence Shooting 4, Intellectual 8, tactical synthesis 0.29, decision delay 145 ticks, search radius 7.4 cells, bounded approach 3.3 cells; condition pain 0.00, consciousness 1.00, movement 1.00, manipulation 1.00, breathing 1.00, blood-pumping 1.00, blood-loss 0.00, bleed 0.00, vital-injury no, death-in-ticks none, combat-power 1.00)
[CA][tick=5820][map=0][actor=Human431@(895,291)] Hampton: protective apparel SKIPPED - no permitted compatible protective apparel within 36 cells
[CA][tick=5851][map=0][actor=Human98747@(622,892)][contact=(560,452)] Hanna: SPOTS an unresolved hostile silhouette [hostile-id 97985, copied-cell (560, 0, 452), source-tick 5851, acquired-tick 5851, evidence Visual, source-id 97985, confidence 0.42, uncertainty 5.82, delivery None, reporter-id 98747, state Active]
[CA][tick=5851][map=0][actor=Human98747@(622,892)][contact=(560,452)][anchor=(622,892)] Hanna: battlefield perception ACQUIRED an unresolved hostile silhouette - distance 444.3 / map diagonal 1654.6, clear horizon 988.8, effective range 854.5, confidence 0.42, uncertainty 5.8 cells, soft occlusion 0.46 [plants 63, trees 0, partial cover 3, smoke 0], target glow 1.00, Sight 1.00 (range factor 0.92), medium/long acuity 1.00/1.00 -> distance factor 1.00, dark adaptation 0.00 -> light factor 1.00, weather factor 1.00, skill factor 0.94 [Shooting 0, Intellectual 0], limiting factor flora/cover/smoke 0.63, identified False, sources none
[CA][tick=5881][map=0][actor=Human98676@(621,887)][contact=(560,453)] Chili: SPOTS Matt [hostile-id 97985, copied-cell (560, 0, 453), source-tick 5881, acquired-tick 5881, evidence Visual, source-id 97985, confidence 0.43, uncertainty 5.55, delivery None, reporter-id 98676, state Active]
[CA][tick=5881][map=0][actor=Human98676@(621,887)][contact=(560,453)][anchor=(621,887)] Chili: battlefield perception ACQUIRED Matt - distance 438.3 / map diagonal 1654.6, clear horizon 988.8, effective range 901.7, confidence 0.43, uncertainty 5.6 cells, soft occlusion 0.41 [plants 59, trees 0, partial cover 2, smoke 0], target glow 1.00, Sight 1.00 (range factor 0.92), medium/long acuity 1.00/1.00 -> distance factor 1.00, dark adaptation 0.00 -> light factor 1.00, weather factor 1.00, skill factor 0.99 [Shooting 10, Intellectual 0], limiting factor flora/cover/smoke 0.67, identified True, sources none
[CA][tick=5881][map=0][actor=Human98762@(613,893)][contact=(560,453)] Pepper: is told about a contact [hostile-id 97985, copied-cell (560, 0, 453), source-tick 5881, acquired-tick 5881, evidence Visual, source-id 97985, confidence 1.00, uncertainty 0.00, delivery Voice, reporter-id 98747, state Active]
[CA][tick=5881][map=0][actor=Human98684@(615,886)][contact=(560,453)] Cella: is told about a contact [hostile-id 97985, copied-cell (560, 0, 453), source-tick 5881, acquired-tick 5881, evidence Visual, source-id 97985, confidence 1.00, uncertainty 0.00, delivery Voice, reporter-id 98747, state Active]
[CA][tick=5910][map=0][actor=Human431@(894,291)][target=Human97641@(665,380)][contact=(665,380)][destination=(894,291)][anchor=(894,291)][origin=player-delegated][controller=fire-position][episode=21][behavior=combat.fire_position_adjustment][authority=PlayerDelegated:player delegation][issuer=431] Hampton: cannot recover a firing solution after matchup revalidation (target distance 245.7, cover 0.00, lane risk 1.00, friendly-sector risk 0.00, support 0.00, pressure 0.00, crowding 0.00, force 1.00/0.00, hazard 0.00; competence Shooting 4, Intellectual 8, tactical synthesis 0.29, decision delay 145 ticks, search radius 7.4 cells, bounded approach 3.3 cells; condition pain 0.00, consciousness 1.00, movement 1.00, manipulation 1.00, breathing 1.00, blood-pumping 1.00, blood-loss 0.00, bleed 0.00, vital-injury no, death-in-ticks none, combat-power 1.00)
[CA][tick=5941][map=0][actor=Human98778@(603,885)][contact=(560,453)] Dina: is told about a contact [hostile-id 97985, copied-cell (560, 0, 453), source-tick 5881, acquired-tick 5941, evidence Visual, source-id 97985, confidence 1.00, uncertainty 0.00, delivery Voice, reporter-id 98762, state Active]
[CA][tick=5941][map=0][actor=Human98737@(607,891)][contact=(560,453)] Bells: is told about a contact [hostile-id 97985, copied-cell (560, 0, 453), source-tick 5881, acquired-tick 5941, evidence Visual, source-id 97985, confidence 1.00, uncertainty 0.00, delivery Voice, reporter-id 98762, state Active]
[CA][tick=5941][map=0][actor=Human98730@(607,892)][contact=(560,453)] Hotaru: is told about a contact [hostile-id 97985, copied-cell (560, 0, 453), source-tick 5881, acquired-tick 5941, evidence Visual, source-id 97985, confidence 1.00, uncertainty 0.00, delivery Voice, reporter-id 98762, state Active]
[CA][tick=5941][map=0][actor=Human98722@(607,886)][contact=(560,453)] Lasse: is told about a contact [hostile-id 97985, copied-cell (560, 0, 453), source-tick 5881, acquired-tick 5941, evidence Visual, source-id 97985, confidence 1.00, uncertainty 0.00, delivery Voice, reporter-id 98762, state Active]
[CA][tick=5941][map=0][actor=Human98713@(606,899)][contact=(560,453)] Furr: is told about a contact [hostile-id 97985, copied-cell (560, 0, 453), source-tick 5881, acquired-tick 5941, evidence Visual, source-id 97985, confidence 1.00, uncertainty 0.00, delivery Voice, reporter-id 98762, state Active]
[CA][tick=5941][map=0][actor=Human98706@(605,892)][contact=(560,453)] Marjot: is told about a contact [hostile-id 97985, copied-cell (560, 0, 453), source-tick 5881, acquired-tick 5941, evidence Visual, source-id 97985, confidence 1.00, uncertainty 0.00, delivery Voice, reporter-id 98762, state Active]
[CA][tick=5941][map=0][actor=Human98692@(609,887)][contact=(560,453)] Art: is told about a contact [hostile-id 97985, copied-cell (560, 0, 453), source-tick 5881, acquired-tick 5941, evidence Visual, source-id 97985, confidence 1.00, uncertainty 0.00, delivery Voice, reporter-id 98762, state Active]
[CA][tick=5941][map=0][actor=Human98755@(607,878)][contact=(560,453)] Oink: is told about a contact [hostile-id 97985, copied-cell (560, 0, 453), source-tick 5941, acquired-tick 5941, evidence Visual, source-id 97985, confidence 1.00, uncertainty 0.00, delivery Voice, reporter-id 98684, state Active]
[CA][tick=5941][map=0][actor=Human98699@(610,877)][contact=(560,453)] Greyhound: is told about a contact [hostile-id 97985, copied-cell (560, 0, 453), source-tick 5941, acquired-tick 5941, evidence Visual, source-id 97985, confidence 1.00, uncertainty 0.00, delivery Voice, reporter-id 98684, state Active]
[CA][tick=5970][map=0][actor=Human431@(894,291)][target=Human97582@(665,381)][contact=(665,381)][destination=(894,291)][anchor=(894,291)][origin=player-delegated][controller=fire-position][episode=22][behavior=combat.fire_position_adjustment][authority=PlayerDelegated:player delegation][issuer=431] Hampton: cannot recover a firing solution after matchup revalidation (target distance 246.1, cover 0.00, lane risk 1.00, friendly-sector risk 0.00, support 0.00, pressure 0.00, crowding 0.00, force 1.14/0.00, hazard 0.00; competence Shooting 4, Intellectual 8, tactical synthesis 0.29, decision delay 145 ticks, search radius 7.4 cells, bounded approach 3.3 cells; condition pain 0.00, consciousness 1.00, movement 1.00, manipulation 1.00, breathing 1.00, blood-pumping 1.00, blood-loss 0.00, bleed 0.00, vital-injury no, death-in-ticks none, combat-power 1.00)
[CA][TickProbe] 300 ticks, ms/tick: total 34.14; mapPre 0.56; listNormal 18.79; listRare 0.01; listLong 2.77; world 0.42; story 0.01; mapPost 11.30 [animals 0.00; plants 0.70; power 0.04; steady 8.03; components 1.63; gas 0.00; pollution 0.00; lords 0.04; resources 0.00; fireWatch 0.00; flecks 0.23; postOther 0.00]; gameComp 0.01; other 0.27; post:GameConditionManager 0.01; post:TempTerrainManager 0.59; post:DeferredSpawner 0.00; post:PassingShipManager 0.00; post:DebugCellDrawer 0.00; post:VoluntarilyJoinableLordsStarter 0.00; post:WeatherManager 0.00; post:WeatherDecider 0.01; post:EffecterMaintainer 0.00; comp:KnowledgeMapComponent 1.11; comp:CASpatialCombatMemoryMapComponent 0.21; comp:FishShadowComponent 0.14; comp:CADraftedCombatInitiativeMapComponent 0.06; comp:SquadSupportMapComponent 0.01; comp:MapComponent_AstrogeneOverrides 0.01
[CA][tick=6001][map=0][actor=Human98770@(595,894)][contact=(560,453)] Niko: is told about a contact [hostile-id 97985, copied-cell (560, 0, 453), source-tick 5941, acquired-tick 6001, evidence Visual, source-id 97985, confidence 1.00, uncertainty 0.00, delivery Voice, reporter-id 98730, state Active]
[CA][tick=6045][map=0][actor=Human428@(920,273)] Pixie: protective apparel SKIPPED - no permitted compatible protective apparel within 36 cells
[CA][tick=6090][map=0][actor=Human431@(894,291)][target=Human97593@(670,377)][contact=(670,377)][destination=(894,291)][anchor=(894,291)][origin=player-delegated][controller=fire-position][episode=23][behavior=combat.fire_position_adjustment][authority=PlayerDelegated:player delegation][issuer=431] Hampton: cannot recover a firing solution after matchup revalidation (target distance 239.9, cover 0.00, lane risk 1.00, friendly-sector risk 0.00, support 0.00, pressure 0.00, crowding 0.00, force 1.36/0.00, hazard 0.00; competence Shooting 4, Intellectual 8, tactical synthesis 0.29, decision delay 145 ticks, search radius 7.4 cells, bounded approach 3.3 cells; condition pain 0.00, consciousness 1.00, movement 1.00, manipulation 1.00, breathing 1.00, blood-pumping 1.00, blood-loss 0.00, bleed 0.00, vital-injury no, death-in-ticks none, combat-power 1.00)
[CA][tick=6120][map=0][actor=Human431@(894,291)][target=Human97582@(668,378)][contact=(668,378)][destination=(894,291)][anchor=(894,291)][origin=player-delegated][controller=fire-position][episode=24][behavior=combat.fire_position_adjustment][authority=PlayerDelegated:player delegation][issuer=431] Hampton: cannot recover a firing solution after matchup revalidation (target distance 242.2, cover 0.00, lane risk 1.00, friendly-sector risk 0.00, support 0.00, pressure 0.00, crowding 0.00, force 1.50/0.00, hazard 0.00; competence Shooting 4, Intellectual 8, tactical synthesis 0.29, decision delay 145 ticks, search radius 7.4 cells, bounded approach 3.3 cells; condition pain 0.00, consciousness 1.00, movement 1.00, manipulation 1.00, breathing 1.00, blood-pumping 1.00, blood-loss 0.00, bleed 0.00, vital-injury no, death-in-ticks none, combat-power 1.00)
[CA][tick=6285][map=0][actor=Human425@(696,365)] Bit: protective apparel SKIPPED - no permitted compatible protective apparel within 36 cells
[CA][TickProbe] 300 ticks, ms/tick: total 49.29; mapPre 0.58; listNormal 33.54; listRare 0.01; listLong 2.73; world 0.42; story 0.00; mapPost 11.72 [animals 0.00; plants 0.65; power 0.04; steady 7.98; components 2.16; gas 0.00; pollution 0.00; lords 0.03; resources 0.00; fireWatch 0.00; flecks 0.23; postOther 0.00]; gameComp 0.01; other 0.27; post:GameConditionManager 0.01; post:TempTerrainManager 0.59; post:DeferredSpawner 0.00; post:PassingShipManager 0.00; post:DebugCellDrawer 0.00; post:VoluntarilyJoinableLordsStarter 0.00; post:WeatherManager 0.00; post:WeatherDecider 0.01; post:EffecterMaintainer 0.00; comp:KnowledgeMapComponent 1.09; comp:CASettlementWorksMapComponent 0.50; comp:CASpatialCombatMemoryMapComponent 0.20; comp:FishShadowComponent 0.14; comp:CAPatrolSystemMapComponent 0.07; comp:CADraftedCombatInitiativeMapComponent 0.06
[CA][tick=6390][map=0][actor=Human431@(896,292)][target=Human97626@(666,380)][contact=(666,380)][destination=(896,292)][anchor=(896,292)][origin=player-delegated][controller=fire-position][episode=25][behavior=combat.fire_position_adjustment][authority=PlayerDelegated:player delegation][issuer=431] Hampton: cannot recover a firing solution after matchup revalidation (target distance 246.3, cover 0.00, lane risk 1.00, friendly-sector risk 0.00, support 0.00, pressure 0.00, crowding 0.00, force 2.32/0.00, hazard 0.00; competence Shooting 4, Intellectual 8, tactical synthesis 0.29, decision delay 145 ticks, search radius 7.4 cells, bounded approach 3.3 cells; condition pain 0.00, consciousness 1.00, movement 1.00, manipulation 1.00, breathing 1.00, blood-pumping 1.00, blood-loss 0.00, bleed 0.00, vital-injury no, death-in-ticks none, combat-power 1.00)
[CA][tick=6420][map=0][actor=Human431@(896,292)] Hampton: protective apparel SKIPPED - no permitted compatible protective apparel within 36 cells
[CA][TickProbe] 300 ticks, ms/tick: total 41.43; mapPre 0.53; listNormal 26.26; listRare 0.01; listLong 2.71; world 0.43; story 0.00; mapPost 11.20 [animals 0.00; plants 0.63; power 0.04; steady 8.03; components 1.58; gas 0.00; pollution 0.00; lords 0.03; resources 0.00; fireWatch 0.00; flecks 0.25; postOther 0.01]; gameComp 0.01; other 0.28; post:GameConditionManager 0.01; post:TempTerrainManager 0.58; post:DeferredSpawner 0.00; post:PassingShipManager 0.00; post:DebugCellDrawer 0.00; post:VoluntarilyJoinableLordsStarter 0.00; post:WeatherManager 0.00; post:WeatherDecider 0.01; post:EffecterMaintainer 0.00; comp:KnowledgeMapComponent 1.08; comp:CASpatialCombatMemoryMapComponent 0.19; comp:FishShadowComponent 0.14; comp:CADraftedCombatInitiativeMapComponent 0.06; comp:SquadSupportMapComponent 0.01; comp:EquipTransitionMapComponent 0.01
[CA][tick=6645][map=0][actor=Human428@(913,277)] Pixie: protective apparel SKIPPED - no permitted compatible protective apparel within 36 cells
[CA][tick=6675][map=0][actor=Human425@(680,380)] Bit: protective apparel SKIPPED - perceived contact is within 8 cells
[CA][tick=6841][map=0][actor=Human431@(902,286)][contact=(972,670)] Hampton: is told about a contact [hostile-id 98417, copied-cell (972, 0, 670), source-tick 4395, acquired-tick 6841, evidence Visual, source-id 98417, confidence 1.00, uncertainty 0.00, delivery Voice, reporter-id 428, state Active]
[CA][tick=6841][map=0][actor=Human431@(902,286)][contact=(665,381)] Hampton: is told about a contact [hostile-id 97655, copied-cell (665, 0, 381), source-tick 5101, acquired-tick 6841, evidence Visual, source-id 97655, confidence 1.00, uncertainty 0.00, delivery Voice, reporter-id 428, state Active]
[CA][tick=6841][map=0][actor=Human428@(909,279)][contact=(982,660)] Pixie: is told about a contact [hostile-id 98340, copied-cell (982, 0, 660), source-tick 4081, acquired-tick 6841, evidence Visual, source-id 98340, confidence 1.00, uncertainty 0.00, delivery Voice, reporter-id 431, state Active]
[CA][TickProbe] 300 ticks, ms/tick: total 27.37; mapPre 0.55; listNormal 11.84; listRare 0.01; listLong 2.79; world 0.42; story 0.00; mapPost 11.46 [animals 0.00; plants 0.75; power 0.04; steady 8.18; components 1.56; gas 0.00; pollution 0.00; lords 0.03; resources 0.00; fireWatch 0.00; flecks 0.28; postOther 0.00]; gameComp 0.01; other 0.28; post:GameConditionManager 0.01; post:TempTerrainManager 0.58; post:DeferredSpawner 0.00; post:PassingShipManager 0.00; post:DebugCellDrawer 0.00; post:VoluntarilyJoinableLordsStarter 0.00; post:WeatherManager 0.00; post:WeatherDecider 0.01; post:EffecterMaintainer 0.00; comp:KnowledgeMapComponent 1.09; comp:CASpatialCombatMemoryMapComponent 0.18; comp:FishShadowComponent 0.13; comp:CADraftedCombatInitiativeMapComponent 0.05; comp:EquipTransitionMapComponent 0.01; comp:AudibleCueMapComponent 0.00
[CA][tick=7020][map=0][actor=Human431@(906,282)] Hampton: protective apparel SKIPPED - no permitted compatible protective apparel within 36 cells
[CA][TickProbe] 300 ticks, ms/tick: total 26.53; mapPre 0.57; listNormal 11.41; listRare 0.01; listLong 2.72; world 0.42; story 0.01; mapPost 11.12 [animals 0.00; plants 0.63; power 0.04; steady 7.95; components 1.58; gas 0.00; pollution 0.00; lords 0.03; resources 0.00; fireWatch 0.00; flecks 0.25; postOther 0.00]; gameComp 0.01; other 0.27; post:GameConditionManager 0.01; post:TempTerrainManager 0.59; post:DeferredSpawner 0.00; post:PassingShipManager 0.00; post:DebugCellDrawer 0.00; post:VoluntarilyJoinableLordsStarter 0.00; post:WeatherManager 0.00; post:WeatherDecider 0.01; post:EffecterMaintainer 0.00; comp:KnowledgeMapComponent 1.09; comp:CASpatialCombatMemoryMapComponent 0.19; comp:FishShadowComponent 0.15; comp:CADraftedCombatInitiativeMapComponent 0.05; comp:EquipTransitionMapComponent 0.01; comp:SquadSupportMapComponent 0.01
[CA][tick=7245][map=0][actor=Human428@(901,287)] Pixie: protective apparel SKIPPED - no permitted compatible protective apparel within 36 cells
[CA][TickProbe] 300 ticks, ms/tick: total 42.95; mapPre 0.61; listNormal 25.87; listRare 0.01; listLong 2.84; world 1.64; story 0.00; mapPost 11.71 [animals 0.00; plants 0.75; power 0.04; steady 8.06; components 1.96; gas 0.00; pollution 0.00; lords 0.03; resources 0.00; fireWatch 0.00; flecks 0.23; postOther 0.00]; gameComp 0.01; other 0.27; post:GameConditionManager 0.01; post:TempTerrainManager 0.59; post:DeferredSpawner 0.00; post:PassingShipManager 0.00; post:DebugCellDrawer 0.00; post:VoluntarilyJoinableLordsStarter 0.00; post:WeatherManager 0.00; post:WeatherDecider 0.01; post:EffecterMaintainer 0.00; comp:KnowledgeMapComponent 1.08; comp:CARegionalSettlementMapComponent 0.39; comp:CASpatialCombatMemoryMapComponent 0.17; comp:FishShadowComponent 0.15; comp:CADraftedCombatInitiativeMapComponent 0.05; comp:BridgeDecayMapComponent 0.02
[CA][tick=7620][map=0][actor=Human431@(917,274)] Hampton: protective apparel SKIPPED - no permitted compatible protective apparel within 36 cells
[CA][TickProbe] 300 ticks, ms/tick: total 35.58; mapPre 0.55; listNormal 19.03; listRare 0.01; listLong 2.84; world 0.92; story 0.00; mapPost 11.95 [animals 0.00; plants 0.69; power 0.04; steady 8.48; components 1.80; gas 0.00; pollution 0.00; lords 0.04; resources 0.00; fireWatch 0.00; flecks 0.24; postOther 0.01]; gameComp 0.01; other 0.28; post:GameConditionManager 0.01; post:TempTerrainManager 0.61; post:DeferredSpawner 0.00; post:PassingShipManager 0.00; post:DebugCellDrawer 0.00; post:VoluntarilyJoinableLordsStarter 0.00; post:WeatherManager 0.01; post:WeatherDecider 0.01; post:EffecterMaintainer 0.00; comp:KnowledgeMapComponent 1.12; comp:CASpatialCombatMemoryMapComponent 0.19; comp:CASettlementPlanningContextMapComponent 0.18; comp:FishShadowComponent 0.14; comp:CADraftedCombatInitiativeMapComponent 0.06; comp:SquadSupportMapComponent 0.01
[CA][tick=7845][map=0][actor=Human428@(892,291)] Pixie: protective apparel SKIPPED - no permitted compatible protective apparel within 36 cells
[CA][TickProbe] 300 ticks, ms/tick: total 35.51; mapPre 0.59; listNormal 19.45; listRare 0.01; listLong 2.78; world 0.42; story 0.01; mapPost 11.97 [animals 0.00; plants 0.63; power 0.04; steady 8.15; components 2.18; gas 0.00; pollution 0.00; lords 0.03; resources 0.00; fireWatch 0.00; flecks 0.27; postOther 0.00]; gameComp 0.01; other 0.28; post:GameConditionManager 0.02; post:TempTerrainManager 0.60; post:DeferredSpawner 0.00; post:PassingShipManager 0.00; post:DebugCellDrawer 0.00; post:VoluntarilyJoinableLordsStarter 0.00; post:WeatherManager 0.00; post:WeatherDecider 0.01; post:EffecterMaintainer 0.00; comp:KnowledgeMapComponent 1.14; comp:CASettlementWorksMapComponent 0.55; comp:CASpatialCombatMemoryMapComponent 0.18; comp:FishShadowComponent 0.15; comp:CADraftedCombatInitiativeMapComponent 0.06; comp:MapComponent_AstrogeneOverrides 0.01
[CA][tick=8161][map=0][actor=Human98722@(622,885)][contact=(560,455)] Lasse: SPOTS an unresolved hostile silhouette [hostile-id 97998, copied-cell (560, 0, 455), source-tick 8161, acquired-tick 8161, evidence Visual, source-id 97998, confidence 0.31, uncertainty 7.24, delivery None, reporter-id 98722, state Active]
[CA][tick=8161][map=0][actor=Human98722@(622,885)][contact=(560,455)][anchor=(622,885)] Lasse: battlefield perception ACQUIRED an unresolved hostile silhouette - distance 434.4 / map diagonal 1654.6, clear horizon 988.8, effective range 916.6, confidence 0.31, uncertainty 7.2 cells, soft occlusion 0.68 [plants 61, trees 0, partial cover 12, smoke 0], target glow 1.00, Sight 1.00 (range factor 0.92), medium/long acuity 1.00/1.00 -> distance factor 1.00, dark adaptation 0.00 -> light factor 1.00, weather factor 1.00, skill factor 1.01 [Shooting 11, Intellectual 4], limiting factor flora/cover/smoke 0.51, identified False, sources none
[CA][tick=8161][map=0][actor=Human98699@(613,890)][contact=(560,455)] Greyhound: is told about a contact [hostile-id 97998, copied-cell (560, 0, 455), source-tick 8161, acquired-tick 8161, evidence Visual, source-id 97998, confidence 1.00, uncertainty 0.00, delivery Voice, reporter-id 98722, state Active]
[CA][tick=8161][map=0][actor=Human98676@(612,889)][contact=(560,455)] Chili: is told about a contact [hostile-id 97998, copied-cell (560, 0, 455), source-tick 8161, acquired-tick 8161, evidence Visual, source-id 97998, confidence 1.00, uncertainty 0.00, delivery Voice, reporter-id 98722, state Active]
[CA][tick=8220][map=0][actor=Human431@(919,274)] Hampton: protective apparel SKIPPED - no permitted compatible protective apparel within 36 cells
[CA][tick=8221][map=0][actor=Human98778@(606,882)][contact=(560,455)] Dina: is told about a contact [hostile-id 97998, copied-cell (560, 0, 455), source-tick 8161, acquired-tick 8221, evidence Visual, source-id 97998, confidence 1.00, uncertainty 0.00, delivery Voice, reporter-id 98699, state Active]
[CA][tick=8221][map=0][actor=Human98770@(608,894)][contact=(560,455)] Niko: is told about a contact [hostile-id 97998, copied-cell (560, 0, 455), source-tick 8161, acquired-tick 8221, evidence Visual, source-id 97998, confidence 1.00, uncertainty 0.00, delivery Voice, reporter-id 98699, state Active]
[CA][tick=8221][map=0][actor=Human98762@(612,899)][contact=(560,455)] Pepper: is told about a contact [hostile-id 97998, copied-cell (560, 0, 455), source-tick 8161, acquired-tick 8221, evidence Visual, source-id 97998, confidence 1.00, uncertainty 0.00, delivery Voice, reporter-id 98699, state Active]
[CA][tick=8221][map=0][actor=Human98755@(609,879)][contact=(560,455)] Oink: is told about a contact [hostile-id 97998, copied-cell (560, 0, 455), source-tick 8161, acquired-tick 8221, evidence Visual, source-id 97998, confidence 1.00, uncertainty 0.00, delivery Voice, reporter-id 98699, state Active]
[CA][tick=8221][map=0][actor=Human98737@(608,879)][contact=(560,455)] Bells: is told about a contact [hostile-id 97998, copied-cell (560, 0, 455), source-tick 8161, acquired-tick 8221, evidence Visual, source-id 97998, confidence 1.00, uncertainty 0.00, delivery Voice, reporter-id 98699, state Active]
[CA][tick=8221][map=0][actor=Human98730@(605,887)][contact=(560,455)] Hotaru: is told about a contact [hostile-id 97998, copied-cell (560, 0, 455), source-tick 8161, acquired-tick 8221, evidence Visual, source-id 97998, confidence 1.00, uncertainty 0.00, delivery Voice, reporter-id 98699, state Active]
[CA][tick=8221][map=0][actor=Human98713@(605,889)][contact=(560,455)] Furr: is told about a contact [hostile-id 97998, copied-cell (560, 0, 455), source-tick 8161, acquired-tick 8221, evidence Visual, source-id 97998, confidence 1.00, uncertainty 0.00, delivery Voice, reporter-id 98699, state Active]
[CA][tick=8221][map=0][actor=Human98706@(608,880)][contact=(560,455)] Marjot: is told about a contact [hostile-id 97998, copied-cell (560, 0, 455), source-tick 8161, acquired-tick 8221, evidence Visual, source-id 97998, confidence 1.00, uncertainty 0.00, delivery Voice, reporter-id 98699, state Active]
[CA][tick=8221][map=0][actor=Human98692@(608,895)][contact=(560,455)] Art: is told about a contact [hostile-id 97998, copied-cell (560, 0, 455), source-tick 8161, acquired-tick 8221, evidence Visual, source-id 97998, confidence 1.00, uncertainty 0.00, delivery Voice, reporter-id 98699, state Active]
[CA][tick=8281][map=0][actor=Human98684@(614,904)][contact=(560,455)] Cella: is told about a contact [hostile-id 97998, copied-cell (560, 0, 455), source-tick 8161, acquired-tick 8281, evidence Visual, source-id 97998, confidence 1.00, uncertainty 0.00, delivery Voice, reporter-id 98770, state Active]
[CA][tick=8281][map=0][actor=Human98747@(621,901)][contact=(560,455)] Hanna: is told about a contact [hostile-id 97998, copied-cell (560, 0, 455), source-tick 8161, acquired-tick 8281, evidence Visual, source-id 97998, confidence 1.00, uncertainty 0.00, delivery Voice, reporter-id 98762, state Active]
[CA][tick=8310][map=0][actor=Human425@(692,370)] Bit: protective apparel SKIPPED - no permitted compatible protective apparel within 36 cells
[CA][TickProbe] 300 ticks, ms/tick: total 27.89; mapPre 0.56; listNormal 12.35; listRare 0.01; listLong 2.79; world 0.43; story 0.00; mapPost 11.48 [animals 0.00; plants 0.66; power 0.05; steady 8.26; components 1.59; gas 0.00; pollution 0.00; lords 0.03; resources 0.00; fireWatch 0.00; flecks 0.24; postOther 0.00]; gameComp 0.01; other 0.27; post:GameConditionManager 0.01; post:TempTerrainManager 0.59; post:DeferredSpawner 0.00; post:PassingShipManager 0.00; post:DebugCellDrawer 0.00; post:VoluntarilyJoinableLordsStarter 0.00; post:WeatherManager 0.00; post:WeatherDecider 0.01; post:EffecterMaintainer 0.00; comp:KnowledgeMapComponent 1.10; comp:CASpatialCombatMemoryMapComponent 0.19; comp:FishShadowComponent 0.14; comp:CADraftedCombatInitiativeMapComponent 0.06; comp:SquadSupportMapComponent 0.01; comp:EquipTransitionMapComponent 0.01
[CA][tick=8430][map=0][actor=Human431@(914,274)][target=Human97641@(667,381)][contact=(667,381)][destination=(914,274)][anchor=(914,274)][origin=player-delegated][controller=fire-position][episode=26][behavior=combat.fire_position_adjustment][authority=PlayerDelegated:player delegation][issuer=431] Hampton: cannot recover a firing solution after matchup revalidation (target distance 269.2, cover 0.00, lane risk 1.00, friendly-sector risk 0.00, support 0.00, pressure 0.00, crowding 0.00, force 2.00/0.00, hazard 0.00; competence Shooting 4, Intellectual 8, tactical synthesis 0.29, decision delay 145 ticks, search radius 7.4 cells, bounded approach 3.3 cells; condition pain 0.00, consciousness 1.00, movement 1.00, manipulation 1.00, breathing 1.00, blood-pumping 1.00, blood-loss 0.00, bleed 0.00, vital-injury no, death-in-ticks none, combat-power 1.00)
[CA][tick=8445][map=0][actor=Human428@(880,303)] Pixie: protective apparel SKIPPED - no permitted compatible protective apparel within 36 cells
[CA][tick=8595][map=0][actor=Human425@(681,379)] Bit: protective apparel SKIPPED - perceived contact is within 8 cells
[CA][TickProbe] 300 ticks, ms/tick: total 27.48; mapPre 0.57; listNormal 12.04; listRare 0.01; listLong 2.73; world 0.42; story 0.00; mapPost 11.43 [animals 0.00; plants 0.73; power 0.04; steady 8.20; components 1.57; gas 0.00; pollution 0.00; lords 0.03; resources 0.00; fireWatch 0.00; flecks 0.24; postOther 0.00]; gameComp 0.01; other 0.27; post:GameConditionManager 0.01; post:TempTerrainManager 0.59; post:DeferredSpawner 0.00; post:PassingShipManager 0.00; post:DebugCellDrawer 0.00; post:VoluntarilyJoinableLordsStarter 0.00; post:WeatherManager 0.01; post:WeatherDecider 0.01; post:EffecterMaintainer 0.00; comp:KnowledgeMapComponent 1.09; comp:CASpatialCombatMemoryMapComponent 0.19; comp:FishShadowComponent 0.14; comp:CADraftedCombatInitiativeMapComponent 0.06; comp:EquipTransitionMapComponent 0.01; comp:SquadSupportMapComponent 0.00
[CA][tick=8820][map=0][actor=Human431@(907,277)] Hampton: protective apparel SKIPPED - no permitted compatible protective apparel within 36 cells
[CA][TickProbe] 300 ticks, ms/tick: total 27.17; mapPre 0.57; listNormal 11.85; listRare 0.01; listLong 2.78; world 0.42; story 0.01; mapPost 11.25 [animals 0.00; plants 0.69; power 0.04; steady 8.07; components 1.55; gas 0.00; pollution 0.00; lords 0.04; resources 0.00; fireWatch 0.00; flecks 0.22; postOther 0.00]; gameComp 0.01; other 0.27; post:GameConditionManager 0.01; post:TempTerrainManager 0.59; post:DeferredSpawner 0.00; post:PassingShipManager 0.00; post:DebugCellDrawer 0.00; post:VoluntarilyJoinableLordsStarter 0.00; post:WeatherManager 0.00; post:WeatherDecider 0.01; post:EffecterMaintainer 0.00; comp:KnowledgeMapComponent 1.06; comp:CASpatialCombatMemoryMapComponent 0.19; comp:FishShadowComponent 0.14; comp:CADraftedCombatInitiativeMapComponent 0.06; comp:EquipTransitionMapComponent 0.01; comp:SquadSupportMapComponent 0.01
[CA][tick=9045][map=0][actor=Human428@(868,310)] Pixie: protective apparel SKIPPED - no permitted compatible protective apparel within 36 cells
[CA][tick=9271][map=0][actor=Human98699@(617,885)][contact=(574,449)] Greyhound: SPOTS Bender [hostile-id 97964, copied-cell (574, 0, 449), source-tick 9271, acquired-tick 9271, evidence Visual, source-id 97964, confidence 0.53, uncertainty 4.50, delivery None, reporter-id 98699, state Active]
[CA][tick=9271][map=0][actor=Human98699@(617,885)][contact=(574,449)][anchor=(617,885)] Greyhound: battlefield perception ACQUIRED Bender - distance 438.1 / map diagonal 1654.6, clear horizon 988.8, effective range 906.8, confidence 0.53, uncertainty 4.5 cells, soft occlusion 0.31 [plants 50, trees 0, partial cover 0, smoke 0], target glow 1.00, Sight 1.00 (range factor 0.92), medium/long acuity 1.00/1.00 -> distance factor 1.00, dark adaptation 0.00 -> light factor 1.00, weather factor 1.00, skill factor 1.00 [Shooting 10, Intellectual 2], limiting factor flora/cover/smoke 0.74, identified True, sources none
[CA][TickProbe] 300 ticks, ms/tick: total 26.50; mapPre 0.60; listNormal 11.24; listRare 0.01; listLong 2.78; world 0.42; story 0.00; mapPost 11.16 [animals 0.00; plants 0.74; power 0.04; steady 8.01; components 1.51; gas 0.00; pollution 0.00; lords 0.04; resources 0.00; fireWatch 0.00; flecks 0.20; postOther 0.00]; gameComp 0.01; other 0.28; post:GameConditionManager 0.01; post:TempTerrainManager 0.59; post:DeferredSpawner 0.00; post:PassingShipManager 0.00; post:DebugCellDrawer 0.00; post:VoluntarilyJoinableLordsStarter 0.00; post:WeatherManager 0.01; post:WeatherDecider 0.01; post:EffecterMaintainer 0.00; comp:KnowledgeMapComponent 1.04; comp:CASpatialCombatMemoryMapComponent 0.18; comp:FishShadowComponent 0.14; comp:CADraftedCombatInitiativeMapComponent 0.06; comp:SquadSupportMapComponent 0.01; comp:EquipTransitionMapComponent 0.01
[CA][tick=9301][map=0][actor=Human98778@(609,891)][contact=(574,449)] Dina: is told about a contact [hostile-id 97964, copied-cell (574, 0, 449), source-tick 9301, acquired-tick 9301, evidence Visual, source-id 97964, confidence 1.00, uncertainty 0.00, delivery Voice, reporter-id 98699, state Active]
[CA][tick=9301][map=0][actor=Human98770@(611,893)][contact=(574,449)] Niko: is told about a contact [hostile-id 97964, copied-cell (574, 0, 449), source-tick 9301, acquired-tick 9301, evidence Visual, source-id 97964, confidence 1.00, uncertainty 0.00, delivery Voice, reporter-id 98699, state Active]
[CA][tick=9301][map=0][actor=Human98747@(614,890)][contact=(574,449)] Hanna: is told about a contact [hostile-id 97964, copied-cell (574, 0, 449), source-tick 9301, acquired-tick 9301, evidence Visual, source-id 97964, confidence 1.00, uncertainty 0.00, delivery Voice, reporter-id 98699, state Active]
[CA][tick=9301][map=0][actor=Human98737@(616,893)][contact=(574,449)] Bells: is told about a contact [hostile-id 97964, copied-cell (574, 0, 449), source-tick 9301, acquired-tick 9301, evidence Visual, source-id 97964, confidence 1.00, uncertainty 0.00, delivery Voice, reporter-id 98699, state Active]
[CA][tick=9301][map=0][actor=Human98722@(610,893)][contact=(574,449)] Lasse: is told about a contact [hostile-id 97964, copied-cell (574, 0, 449), source-tick 9301, acquired-tick 9301, evidence Visual, source-id 97964, confidence 1.00, uncertainty 0.00, delivery Voice, reporter-id 98699, state Active]
[CA][tick=9301][map=0][actor=Human98713@(610,891)][contact=(574,449)] Furr: is told about a contact [hostile-id 97964, copied-cell (574, 0, 449), source-tick 9301, acquired-tick 9301, evidence Visual, source-id 97964, confidence 1.00, uncertainty 0.00, delivery Voice, reporter-id 98699, state Active]
[CA][tick=9301][map=0][actor=Human98676@(614,893)][contact=(574,449)] Chili: is told about a contact [hostile-id 97964, copied-cell (574, 0, 449), source-tick 9301, acquired-tick 9301, evidence Visual, source-id 97964, confidence 1.00, uncertainty 0.00, delivery Voice, reporter-id 98699, state Active]
[CA][tick=9361][map=0][actor=Human98762@(608,897)][contact=(574,449)] Pepper: is told about a contact [hostile-id 97964, copied-cell (574, 0, 449), source-tick 9301, acquired-tick 9361, evidence Visual, source-id 97964, confidence 1.00, uncertainty 0.00, delivery Voice, reporter-id 98778, state Active]
[CA][tick=9361][map=0][actor=Human98755@(601,894)][contact=(574,449)] Oink: is told about a contact [hostile-id 97964, copied-cell (574, 0, 449), source-tick 9301, acquired-tick 9361, evidence Visual, source-id 97964, confidence 1.00, uncertainty 0.00, delivery Voice, reporter-id 98778, state Active]
[CA][tick=9361][map=0][actor=Human98730@(600,898)][contact=(574,449)] Hotaru: is told about a contact [hostile-id 97964, copied-cell (574, 0, 449), source-tick 9301, acquired-tick 9361, evidence Visual, source-id 97964, confidence 1.00, uncertainty 0.00, delivery Voice, reporter-id 98778, state Active]
[CA][tick=9361][map=0][actor=Human98706@(605,889)][contact=(574,449)] Marjot: is told about a contact [hostile-id 97964, copied-cell (574, 0, 449), source-tick 9301, acquired-tick 9361, evidence Visual, source-id 97964, confidence 1.00, uncertainty 0.00, delivery Voice, reporter-id 98778, state Active]
[CA][tick=9361][map=0][actor=Human98692@(613,899)][contact=(574,449)] Art: is told about a contact [hostile-id 97964, copied-cell (574, 0, 449), source-tick 9301, acquired-tick 9361, evidence Visual, source-id 97964, confidence 1.00, uncertainty 0.00, delivery Voice, reporter-id 98778, state Active]
[CA][tick=9361][map=0][actor=Human98684@(600,894)][contact=(574,449)] Cella: is told about a contact [hostile-id 97964, copied-cell (574, 0, 449), source-tick 9301, acquired-tick 9361, evidence Visual, source-id 97964, confidence 1.00, uncertainty 0.00, delivery Voice, reporter-id 98778, state Active]
[CA][tick=9420][map=0][actor=Human431@(895,288)] Hampton: protective apparel SKIPPED - no permitted compatible protective apparel within 36 cells
[CA][tick=9421][map=0][actor=Human425@(694,381)][contact=(656,380)] Bit: SPOTS Kelly [hostile-id 97616, copied-cell (656, 0, 380), source-tick 9421, acquired-tick 9421, evidence Visual, source-id 97616, confidence 0.86, uncertainty 1.41, delivery None, reporter-id 425, state Active]
[CA][tick=9421][map=0][actor=Human425@(694,381)][contact=(656,380)][anchor=(694,381)] Bit: battlefield perception ACQUIRED Kelly - distance 38.0 / map diagonal 1654.6, clear horizon 988.8, effective range 857.0, confidence 0.86, uncertainty 1.4 cells, soft occlusion 0.13 [plants 3, trees 0, partial cover 4, smoke 0], target glow 1.00, Sight 1.00 (range factor 0.92), medium/long acuity 1.00/1.00 -> distance factor 1.00, dark adaptation 0.00 -> light factor 1.00, weather factor 1.00, skill factor 0.94 [Shooting 0, Intellectual 1], limiting factor flora/cover/smoke 0.88, identified True, sources none
[CA][tick=9571][map=0][actor=Human428@(858,312)][contact=(681,405)] Pixie: SPOTS Paisley [hostile-id 97551, copied-cell (681, 0, 405), source-tick 9571, acquired-tick 9571, evidence Visual, source-id 97551, confidence 0.57, uncertainty 4.33, delivery None, reporter-id 428, state Active]
[CA][tick=9571][map=0][actor=Human428@(858,312)][contact=(681,405)][anchor=(858,312)] Pixie: battlefield perception ACQUIRED Paisley - distance 199.9 / map diagonal 1654.6, clear horizon 988.8, effective range 902.4, confidence 0.57, uncertainty 4.3 cells, soft occlusion 0.35 [plants 31, trees 0, partial cover 6, smoke 0], target glow 1.00, Sight 1.00 (range factor 0.92), medium/long acuity 1.00/1.00 -> distance factor 1.00, dark adaptation 0.00 -> light factor 1.00, weather factor 1.00, skill factor 0.99 [Shooting 8, Intellectual 4], limiting factor flora/cover/smoke 0.70, identified True, sources none
[CA][TickProbe] 300 ticks, ms/tick: total 27.36; mapPre 0.60; listNormal 11.53; listRare 0.01; listLong 2.90; world 0.43; story 0.00; mapPost 11.61 [animals 0.00; plants 0.72; power 0.04; steady 8.33; components 1.58; gas 0.00; pollution 0.00; lords 0.03; resources 0.00; fireWatch 0.00; flecks 0.25; postOther 0.00]; gameComp 0.01; other 0.28; post:GameConditionManager 0.01; post:TempTerrainManager 0.61; post:DeferredSpawner 0.00; post:PassingShipManager 0.00; post:DebugCellDrawer 0.00; post:VoluntarilyJoinableLordsStarter 0.00; post:WeatherManager 0.01; post:WeatherDecider 0.01; post:EffecterMaintainer 0.00; comp:KnowledgeMapComponent 1.09; comp:CASpatialCombatMemoryMapComponent 0.18; comp:FishShadowComponent 0.14; comp:CADraftedCombatInitiativeMapComponent 0.06; comp:SquadSupportMapComponent 0.01; comp:EquipTransitionMapComponent 0.01
[CA][tick=9631][map=0][actor=Human425@(694,381)][contact=(682,405)] Bit: SPOTS Paisley [hostile-id 97551, copied-cell (682, 0, 405), source-tick 9631, acquired-tick 9631, evidence Visual, source-id 97551, confidence 0.93, uncertainty 0.71, delivery None, reporter-id 425, state Active]
[CA][tick=9631][map=0][actor=Human425@(694,381)][contact=(682,405)][anchor=(694,381)] Bit: battlefield perception ACQUIRED Paisley - distance 26.8 / map diagonal 1654.6, clear horizon 988.8, effective range 857.0, confidence 0.93, uncertainty 0.7 cells, soft occlusion 0.04 [plants 3, trees 0, partial cover 1, smoke 0], target glow 1.00, Sight 1.00 (range factor 0.92), medium/long acuity 1.00/1.00 -> distance factor 1.00, dark adaptation 0.00 -> light factor 1.00, weather factor 1.00, skill factor 0.94 [Shooting 0, Intellectual 1], limiting factor Sight 0.92, identified True, sources none
[CA][tick=9645][map=0][actor=Human428@(856,313)] Pixie: protective apparel SKIPPED - no permitted compatible protective apparel within 36 cells
[CA][tick=9781][map=0][actor=Human425@(694,381)][contact=(674,384)] Bit: SPOTS Chigg [hostile-id 97567, copied-cell (674, 0, 384), source-tick 9781, acquired-tick 9781, evidence Visual, source-id 97567, confidence 0.82, uncertainty 1.90, delivery None, reporter-id 425, state Active]
[CA][tick=9781][map=0][actor=Human425@(694,381)][contact=(674,384)][anchor=(694,381)] Bit: battlefield perception ACQUIRED Chigg - distance 20.2 / map diagonal 1654.6, clear horizon 988.8, effective range 857.0, confidence 0.82, uncertainty 1.9 cells, soft occlusion 0.17 [plants 2, trees 0, partial cover 6, smoke 0], target glow 1.00, Sight 1.00 (range factor 0.92), medium/long acuity 1.00/1.00 -> distance factor 1.00, dark adaptation 0.00 -> light factor 1.00, weather factor 1.00, skill factor 0.94 [Shooting 0, Intellectual 1], limiting factor flora/cover/smoke 0.84, identified True, sources none
[CA][tick=9781][map=0][actor=Human428@(854,314)][contact=(674,384)] Pixie: SPOTS Chigg [hostile-id 97567, copied-cell (674, 0, 384), source-tick 9781, acquired-tick 9781, evidence Visual, source-id 97567, confidence 0.50, uncertainty 5.13, delivery None, reporter-id 428, state Active]
[CA][tick=9781][map=0][actor=Human428@(854,314)][contact=(674,384)][anchor=(854,314)] Pixie: battlefield perception ACQUIRED Chigg - distance 193.1 / map diagonal 1654.6, clear horizon 988.8, effective range 902.4, confidence 0.50, uncertainty 5.1 cells, soft occlusion 0.45 [plants 25, trees 0, partial cover 11, smoke 0], target glow 1.00, Sight 1.00 (range factor 0.92), medium/long acuity 1.00/1.00 -> distance factor 1.00, dark adaptation 0.00 -> light factor 1.00, weather factor 1.00, skill factor 0.99 [Shooting 8, Intellectual 4], limiting factor flora/cover/smoke 0.64, identified True, sources none
[CA][tick=9781][map=0][actor=Human431@(887,295)][contact=(674,384)] Hampton: SPOTS Chigg [hostile-id 97567, copied-cell (674, 0, 384), source-tick 9781, acquired-tick 9781, evidence Visual, source-id 97567, confidence 0.43, uncertainty 5.85, delivery None, reporter-id 431, state Active]
[CA][tick=9781][map=0][actor=Human431@(887,295)][contact=(674,384)][anchor=(887,295)] Hampton: battlefield perception ACQUIRED Chigg - distance 230.8 / map diagonal 1654.6, clear horizon 988.8, effective range 893.7, confidence 0.43, uncertainty 5.8 cells, soft occlusion 0.53 [plants 34, trees 0, partial cover 11, smoke 0], target glow 1.00, Sight 1.00 (range factor 0.92), medium/long acuity 1.00/1.00 -> distance factor 1.00, dark adaptation 0.00 -> light factor 1.00, weather factor 1.00, skill factor 0.98 [Shooting 4, Intellectual 8], limiting factor flora/cover/smoke 0.59, identified True, sources none
[CA][tick=9810][map=0][actor=Human431@(887,295)][target=Human97567@(674,384)][contact=(674,384)][destination=(887,295)][anchor=(887,295)][origin=player-delegated][controller=fire-position][episode=27][behavior=combat.fire_position_adjustment][authority=PlayerDelegated:player delegation][issuer=431] Hampton: cannot recover a firing solution after matchup revalidation (target distance 230.8, cover 0.00, lane risk 1.00, friendly-sector risk 0.00, support 0.00, pressure 0.00, crowding 0.00, force 1.00/0.00, hazard 0.00; competence Shooting 4, Intellectual 8, tactical synthesis 0.29, decision delay 145 ticks, search radius 7.4 cells, bounded approach 3.3 cells; condition pain 0.00, consciousness 1.00, movement 1.00, manipulation 1.00, breathing 1.00, blood-pumping 1.00, blood-loss 0.00, bleed 0.00, vital-injury no, death-in-ticks none, combat-power 1.00)
[CA][TickProbe] 300 ticks, ms/tick: total 33.60; mapPre 0.55; listNormal 18.49; listRare 0.01; listLong 2.75; world 0.42; story 0.00; mapPost 11.11 [animals 0.00; plants 0.58; power 0.04; steady 8.01; components 1.55; gas 0.00; pollution 0.00; lords 0.03; resources 0.00; fireWatch 0.00; flecks 0.28; postOther 0.00]; gameComp 0.01; other 0.27; post:GameConditionManager 0.01; post:TempTerrainManager 0.58; post:DeferredSpawner 0.00; post:PassingShipManager 0.00; post:DebugCellDrawer 0.00; post:VoluntarilyJoinableLordsStarter 0.00; post:WeatherManager 0.00; post:WeatherDecider 0.01; post:EffecterMaintainer 0.00; comp:KnowledgeMapComponent 1.06; comp:CASpatialCombatMemoryMapComponent 0.20; comp:FishShadowComponent 0.14; comp:CADraftedCombatInitiativeMapComponent 0.06; comp:EquipTransitionMapComponent 0.01; comp:SquadSupportMapComponent 0.01
[CA][tick=10020][map=0][actor=Human431@(885,295)] Hampton: protective apparel SKIPPED - no permitted compatible protective apparel within 36 cells
[CA][tick=10021][map=0][actor=Human98737@(624,886)][contact=(564,461)] Bells: SPOTS an unresolved hostile silhouette [hostile-id 98008, copied-cell (564, 0, 461), source-tick 10021, acquired-tick 10021, evidence Visual, source-id 98008, confidence 0.22, uncertainty 7.88, delivery None, reporter-id 98737, state Active]
[CA][tick=10021][map=0][actor=Human98737@(624,886)][contact=(564,461)][anchor=(624,886)] Bells: battlefield perception ACQUIRED an unresolved hostile silhouette - distance 429.2 / map diagonal 1654.6, clear horizon 988.8, effective range 505.6, confidence 0.22, uncertainty 7.9 cells, soft occlusion 0.66 [plants 52, trees 0, partial cover 11, smoke 0], target glow 0.08, Sight 1.00 (range factor 0.92), medium/long acuity 1.00/1.00 -> distance factor 1.00, dark adaptation 0.00 -> light factor 0.56, weather factor 1.00, skill factor 0.99 [Shooting 10, Intellectual 0], limiting factor flora/cover/smoke 0.52, identified False, sources none
[CA][tick=10021][map=0][actor=Human98699@(623,877)][contact=(564,461)] Greyhound: SPOTS an unresolved hostile silhouette [hostile-id 98008, copied-cell (564, 0, 461), source-tick 10021, acquired-tick 10021, evidence Visual, source-id 98008, confidence 0.25, uncertainty 7.48, delivery None, reporter-id 98699, state Active]
[CA][tick=10021][map=0][actor=Human98699@(623,877)][contact=(564,461)][anchor=(623,877)] Greyhound: battlefield perception ACQUIRED an unresolved hostile silhouette - distance 420.2 / map diagonal 1654.6, clear horizon 988.8, effective range 508.4, confidence 0.25, uncertainty 7.5 cells, soft occlusion 0.60 [plants 43, trees 0, partial cover 11, smoke 0], target glow 0.08, Sight 1.00 (range factor 0.92), medium/long acuity 1.00/1.00 -> distance factor 1.00, dark adaptation 0.00 -> light factor 0.56, weather factor 1.00, skill factor 1.00 [Shooting 10, Intellectual 2], limiting factor flora/cover/smoke 0.55, identified False, sources none
[CA][tick=10021][map=0][actor=Human98770@(618,888)][contact=(564,461)] Niko: is told about a contact [hostile-id 98008, copied-cell (564, 0, 461), source-tick 10021, acquired-tick 10021, evidence Visual, source-id 98008, confidence 1.00, uncertainty 0.00, delivery Voice, reporter-id 98737, state Active]
[CA][tick=10081][map=0][actor=Human98762@(614,895)][contact=(564,461)] Pepper: is told about a contact [hostile-id 98008, copied-cell (564, 0, 461), source-tick 10021, acquired-tick 10081, evidence Visual, source-id 98008, confidence 1.00, uncertainty 0.00, delivery Voice, reporter-id 98770, state Active]
[CA][tick=10081][map=0][actor=Human98747@(611,887)][contact=(564,461)] Hanna: is told about a contact [hostile-id 98008, copied-cell (564, 0, 461), source-tick 10021, acquired-tick 10081, evidence Visual, source-id 98008, confidence 1.00, uncertainty 0.00, delivery Voice, reporter-id 98770, state Active]
[CA][tick=10081][map=0][actor=Human98730@(613,896)][contact=(564,461)] Hotaru: is told about a contact [hostile-id 98008, copied-cell (564, 0, 461), source-tick 10021, acquired-tick 10081, evidence Visual, source-id 98008, confidence 1.00, uncertainty 0.00, delivery Voice, reporter-id 98770, state Active]
[CA][tick=10081][map=0][actor=Human98722@(609,889)][contact=(564,461)] Lasse: is told about a contact [hostile-id 98008, copied-cell (564, 0, 461), source-tick 10021, acquired-tick 10081, evidence Visual, source-id 98008, confidence 1.00, uncertainty 0.00, delivery Voice, reporter-id 98770, state Active]
[CA][tick=10081][map=0][actor=Human98676@(617,896)][contact=(564,461)] Chili: is told about a contact [hostile-id 98008, copied-cell (564, 0, 461), source-tick 10021, acquired-tick 10081, evidence Visual, source-id 98008, confidence 1.00, uncertainty 0.00, delivery Voice, reporter-id 98770, state Active]
[CA][tick=10141][map=0][actor=Human98778@(607,890)][contact=(564,461)] Dina: is told about a contact [hostile-id 98008, copied-cell (564, 0, 461), source-tick 10021, acquired-tick 10141, evidence Visual, source-id 98008, confidence 1.00, uncertainty 0.00, delivery Voice, reporter-id 98762, state Active]
[CA][tick=10141][map=0][actor=Human98755@(603,894)][contact=(564,461)] Oink: is told about a contact [hostile-id 98008, copied-cell (564, 0, 461), source-tick 10021, acquired-tick 10141, evidence Visual, source-id 98008, confidence 1.00, uncertainty 0.00, delivery Voice, reporter-id 98762, state Active]
[CA][tick=10141][map=0][actor=Human98713@(603,892)][contact=(564,461)] Furr: is told about a contact [hostile-id 98008, copied-cell (564, 0, 461), source-tick 10021, acquired-tick 10141, evidence Visual, source-id 98008, confidence 1.00, uncertainty 0.00, delivery Voice, reporter-id 98762, state Active]
[CA][tick=10141][map=0][actor=Human98692@(617,900)][contact=(564,461)] Art: is told about a contact [hostile-id 98008, copied-cell (564, 0, 461), source-tick 10021, acquired-tick 10141, evidence Visual, source-id 98008, confidence 1.00, uncertainty 0.00, delivery Voice, reporter-id 98762, state Active]
[CA][tick=10141][map=0][actor=Human98684@(603,895)][contact=(564,461)] Cella: is told about a contact [hostile-id 98008, copied-cell (564, 0, 461), source-tick 10021, acquired-tick 10141, evidence Visual, source-id 98008, confidence 1.00, uncertainty 0.00, delivery Voice, reporter-id 98762, state Active]
[CA][tick=10141][map=0][actor=Human98706@(608,880)][contact=(564,461)] Marjot: is told about a contact [hostile-id 98008, copied-cell (564, 0, 461), source-tick 10021, acquired-tick 10141, evidence Visual, source-id 98008, confidence 1.00, uncertainty 0.00, delivery Voice, reporter-id 98747, state Active]
[CA][TickProbe] 300 ticks, ms/tick: total 36.82; mapPre 0.57; listNormal 18.79; listRare 0.01; listLong 2.77; world 2.08; story 0.01; mapPost 12.32 [animals 0.00; plants 0.72; power 0.04; steady 8.08; components 2.48; gas 0.00; pollution 0.00; lords 0.03; resources 0.00; fireWatch 0.00; flecks 0.31; postOther 0.00]; gameComp 0.01; other 0.26; post:GameConditionManager 0.01; post:TempTerrainManager 0.58; post:DeferredSpawner 0.00; post:PassingShipManager 0.00; post:DebugCellDrawer 0.00; post:VoluntarilyJoinableLordsStarter 0.00; post:WeatherManager 0.02; post:WeatherDecider 0.02; post:EffecterMaintainer 0.00; comp:KnowledgeMapComponent 1.09; comp:CASettlementWorksMapComponent 0.87; comp:CASpatialCombatMemoryMapComponent 0.20; comp:FishShadowComponent 0.14; comp:CADraftedCombatInitiativeMapComponent 0.05; comp:BridgeDecayMapComponent 0.02
[CA][tick=10245][map=0][actor=Human425@(694,381)] Bit: protective apparel SKIPPED - no permitted compatible protective apparel within 36 cells
[CA][tick=10245][map=0][actor=Human428@(844,316)] Pixie: protective apparel SKIPPED - no permitted compatible protective apparel within 36 cells
[CA][tick=10260][map=0][actor=Human431@(885,293)][target=Human97641@(671,379)][contact=(671,379)][destination=(885,293)][anchor=(885,293)][origin=player-delegated][controller=fire-position][episode=28][behavior=combat.fire_position_adjustment][authority=PlayerDelegated:player delegation][issuer=431] Hampton: cannot recover a firing solution after matchup revalidation (target distance 230.6, cover 0.00, lane risk 1.00, friendly-sector risk 0.00, support 0.00, pressure 0.00, crowding 0.00, force 1.05/0.00, hazard 0.00; competence Shooting 4, Intellectual 8, tactical synthesis 0.29, decision delay 145 ticks, search radius 7.4 cells, bounded approach 3.3 cells; condition pain 0.00, consciousness 1.00, movement 1.00, manipulation 1.00, breathing 1.00, blood-pumping 1.00, blood-loss 0.00, bleed 0.00, vital-injury no, death-in-ticks none, combat-power 1.00)
[CA][TickProbe] 300 ticks, ms/tick: total 34.79; mapPre 0.58; listNormal 19.53; listRare 0.01; listLong 2.69; world 0.42; story 0.00; mapPost 11.30 [animals 0.00; plants 0.62; power 0.04; steady 8.14; components 1.60; gas 0.00; pollution 0.00; lords 0.03; resources 0.00; fireWatch 0.00; flecks 0.23; postOther 0.00]; gameComp 0.01; other 0.27; post:GameConditionManager 0.01; post:TempTerrainManager 0.59; post:DeferredSpawner 0.00; post:PassingShipManager 0.00; post:DebugCellDrawer 0.00; post:VoluntarilyJoinableLordsStarter 0.00; post:WeatherManager 0.02; post:WeatherDecider 0.01; post:EffecterMaintainer 0.00; comp:KnowledgeMapComponent 1.11; comp:CASpatialCombatMemoryMapComponent 0.19; comp:FishShadowComponent 0.13; comp:CADraftedCombatInitiativeMapComponent 0.05; comp:SquadSupportMapComponent 0.01; comp:EquipTransitionMapComponent 0.01
[CA][tick=10501][map=0][actor=Human428@(839,317)][contact=(974,664)] Pixie: SPOTS an unresolved hostile silhouette [hostile-id 98426, copied-cell (974, 0, 664), source-tick 10501, acquired-tick 10501, evidence Visual, source-id 98426, confidence 0.21, uncertainty 8.73, delivery None, reporter-id 428, state Active]
[CA][tick=10501][map=0][actor=Human428@(839,317)][contact=(974,664)][anchor=(839,317)] Pixie: battlefield perception ACQUIRED an unresolved hostile silhouette - distance 372.3 / map diagonal 1654.6, clear horizon 988.8, effective range 902.4, confidence 0.21, uncertainty 8.7 cells, soft occlusion 0.96 [plants 48, trees 0, partial cover 24, smoke 0], target glow 1.00, Sight 1.00 (range factor 0.92), medium/long acuity 1.00/1.00 -> distance factor 1.00, dark adaptation 0.00 -> light factor 1.00, weather factor 1.00, skill factor 0.99 [Shooting 8, Intellectual 4], limiting factor flora/cover/smoke 0.38, identified False, sources none
[Colonist Awareness] arms world hook live
[CA][tick=10620][map=0][actor=Human431@(883,290)] Hampton: protective apparel SKIPPED - no permitted compatible protective apparel within 36 cells
[CA][tick=10695][map=0][actor=Human425@(684,391)] Bit: protective apparel SKIPPED - perceived contact is within 8 cells
[CA][tick=10711][map=0][actor=Human425@(684,392)][contact=(664,393)] Bit: SPOTS Tim [hostile-id 97648, copied-cell (664, 0, 393), source-tick 10711, acquired-tick 10711, evidence Visual, source-id 97648, confidence 1.00, uncertainty 0.03, delivery None, reporter-id 425, state Active]
[CA][tick=10711][map=0][actor=Human425@(684,392)][contact=(664,393)][anchor=(684,392)] Bit: battlefield perception ACQUIRED Tim - distance 20.0 / map diagonal 1654.6, clear horizon 988.8, effective range 857.0, confidence 1.00, uncertainty 0.0 cells, soft occlusion 0.01 [plants 2, trees 0, partial cover 0, smoke 0], target glow 1.00, Sight 1.00 (range factor 0.92), medium/long acuity 1.00/1.00 -> distance factor 1.00, dark adaptation 0.00 -> light factor 1.00, weather factor 1.00, skill factor 0.94 [Shooting 0, Intellectual 1], limiting factor Sight 0.92, identified True, sources none
[CA][tick=10711][map=0][actor=Human425@(684,392)][contact=(683,394)] Bit: SPOTS Dax [hostile-id 97560, copied-cell (683, 0, 394), source-tick 10711, acquired-tick 10711, evidence Visual, source-id 97560, confidence 1.00, uncertainty 0.01, delivery None, reporter-id 425, state Active]
[CA][tick=10711][map=0][actor=Human425@(684,392)][contact=(683,394)][anchor=(684,392)] Bit: battlefield perception ACQUIRED Dax - distance 2.2 / map diagonal 1654.6, clear horizon 988.8, effective range 857.0, confidence 1.00, uncertainty 0.0 cells, soft occlusion 0.00 [plants 0, trees 0, partial cover 0, smoke 0], target glow 1.00, Sight 1.00 (range factor 0.92), medium/long acuity 1.00/1.00 -> distance factor 1.00, dark adaptation 0.00 -> light factor 1.00, weather factor 1.00, skill factor 0.94 [Shooting 0, Intellectual 1], limiting factor Sight 0.92, identified True, sources none
[CA][TickProbe] 300 ticks, ms/tick: total 34.75; mapPre 0.58; listNormal 19.32; listRare 0.01; listLong 2.71; world 0.41; story 0.00; mapPost 11.44 [animals 0.00; plants 0.66; power 0.04; steady 8.20; components 1.64; gas 0.00; pollution 0.00; lords 0.03; resources 0.00; fireWatch 0.00; flecks 0.21; postOther 0.00]; gameComp 0.01; other 0.27; post:GameConditionManager 0.01; post:TempTerrainManager 0.60; post:DeferredSpawner 0.00; post:PassingShipManager 0.00; post:DebugCellDrawer 0.00; post:VoluntarilyJoinableLordsStarter 0.00; post:WeatherManager 0.02; post:WeatherDecider 0.01; post:EffecterMaintainer 0.00; comp:KnowledgeMapComponent 1.12; comp:CASpatialCombatMemoryMapComponent 0.21; comp:FishShadowComponent 0.15; comp:CADraftedCombatInitiativeMapComponent 0.06; comp:EquipTransitionMapComponent 0.01; comp:SquadSupportMapComponent 0.01
[CA][tick=10845][map=0][actor=Human428@(832,319)] Pixie: protective apparel SKIPPED - no permitted compatible protective apparel within 36 cells
[CA][tick=10926][map=0][actor=RG_KiwiBird366394@(684,368)] kiwi: seeks safety after direct gunfire (vigilance 0.43, nerve 0.29, attachment 0.02, defense 0.12)
[CA][tick=10951][map=0][actor=Human425@(692,386)] Bit: observes welfare concern 425
[CA][tick=10951][map=0][actor=Human97593@(673,380)] Kana: observes welfare concern 425
[CA][tick=10951][map=0][actor=Human97560@(683,394)] Dax: observes welfare concern 425
[CA][tick=10981][map=0][actor=Human97938@(560,452)][contact=(616,887)] Doug: SPOTS Art [hostile-id 98692, copied-cell (616, 0, 887), source-tick 10981, acquired-tick 10981, evidence Visual, source-id 98692, confidence 0.48, uncertainty 5.09, delivery None, reporter-id 97938, state Active]
[CA][tick=10981][map=0][actor=Human97938@(560,452)][contact=(616,887)][anchor=(560,452)] Doug: battlefield perception ACQUIRED Art - distance 438.6 / map diagonal 1654.6, clear horizon 988.8, effective range 888.6, confidence 0.48, uncertainty 5.1 cells, soft occlusion 0.37 [plants 50, trees 0, partial cover 2, smoke 0], target glow 1.00, Sight 1.00 (range factor 0.92), medium/long acuity 1.00/1.00 -> distance factor 1.00, dark adaptation 0.00 -> light factor 1.00, weather factor 1.00, skill factor 0.98 [Shooting 4, Intellectual 6], limiting factor flora/cover/smoke 0.69, identified True, sources none
[CA][tick=10981][map=0][actor=Human98008@(562,456)][contact=(616,887)] Pentanet: is told about a contact [hostile-id 98692, copied-cell (616, 0, 887), source-tick 10981, acquired-tick 10981, evidence Visual, source-id 98692, confidence 1.00, uncertainty 0.00, delivery Voice, reporter-id 97938, state Active]
[CA][tick=10981][map=0][actor=Human98003@(553,444)][contact=(616,887)] Veli: is told about a contact [hostile-id 98692, copied-cell (616, 0, 887), source-tick 10981, acquired-tick 10981, evidence Visual, source-id 98692, confidence 1.00, uncertainty 0.00, delivery Voice, reporter-id 97938, state Active]
[CA][tick=10981][map=0][actor=Human97985@(562,450)][contact=(616,887)] Matt: is told about a contact [hostile-id 98692, copied-cell (616, 0, 887), source-tick 10981, acquired-tick 10981, evidence Visual, source-id 98692, confidence 1.00, uncertainty 0.00, delivery Voice, reporter-id 97938, state Active]
[CA][tick=10981][map=0][actor=Human97977@(564,448)][contact=(616,887)] Parsons: is told about a contact [hostile-id 98692, copied-cell (616, 0, 887), source-tick 10981, acquired-tick 10981, evidence Visual, source-id 98692, confidence 1.00, uncertainty 0.00, delivery Voice, reporter-id 97938, state Active]
[CA][tick=10981][map=0][actor=Human97947@(558,448)][contact=(616,887)] Viktor: is told about a contact [hostile-id 98692, copied-cell (616, 0, 887), source-tick 10981, acquired-tick 10981, evidence Visual, source-id 98692, confidence 1.00, uncertainty 0.00, delivery Voice, reporter-id 97938, state Active]
[CA][tick=10981][map=0][actor=Human97929@(566,451)][contact=(616,887)] Hahn: is told about a contact [hostile-id 98692, copied-cell (616, 0, 887), source-tick 10981, acquired-tick 10981, evidence Visual, source-id 98692, confidence 1.00, uncertainty 0.00, delivery Voice, reporter-id 97938, state Active]
[CA][tick=10981][map=0][actor=Human97616@(674,385)] Kelly: receives welfare report 425
[CA][tick=10981][map=0][actor=Human97574@(681,392)] Dennis: receives welfare report 425
[CA][tick=10981][map=0][actor=Human97601@(673,394)] Thaarath: receives welfare report 425
[CA][tick=10981][map=0][actor=Human97551@(673,394)] Paisley: receives welfare report 425
[CA][tick=11011][map=0][actor=Human97616@(674,385)][contact=(692,386)][anchor=(674,385)] Kelly: reconciles contact 425 from Active to Downed using welfare evidence Visual/Voice at source tick 10981
[CA][tick=11011][map=0][actor=Human97601@(674,393)][contact=(692,386)][anchor=(674,393)] Thaarath: reconciles contact 425 from Active to Downed using welfare evidence Visual/Voice at source tick 10981
[CA][tick=11011][map=0][actor=Human97574@(682,392)][contact=(692,386)][anchor=(682,392)] Dennis: reconciles contact 425 from Active to Downed using welfare evidence Visual/Voice at source tick 10981
[CA][tick=11011][map=0][actor=Human97551@(674,393)][contact=(692,386)][anchor=(674,393)] Paisley: reconciles contact 425 from Active to Downed using welfare evidence Visual/Voice at source tick 10981
[CA][tick=11011][map=0][actor=Human97964@(586,455)][contact=(617,892)] Bender: SPOTS an unresolved hostile silhouette [hostile-id 98730, copied-cell (617, 0, 892), source-tick 11011, acquired-tick 11011, evidence Visual, source-id 98730, confidence 0.33, uncertainty 6.87, delivery None, reporter-id 97964, state Active]
[CA][tick=11011][map=0][actor=Human97964@(586,455)][contact=(617,892)][anchor=(586,455)] Bender: battlefield perception ACQUIRED an unresolved hostile silhouette - distance 438.1 / map diagonal 1654.6, clear horizon 988.8, effective range 911.5, confidence 0.33, uncertainty 6.9 cells, soft occlusion 0.62 [plants 54, trees 0, partial cover 11, smoke 0], target glow 1.00, Sight 1.00 (range factor 0.92), medium/long acuity 1.00/1.00 -> distance factor 1.00, dark adaptation 0.00 -> light factor 1.00, weather factor 1.00, skill factor 1.00 [Shooting 11, Intellectual 2], limiting factor flora/cover/smoke 0.54, identified False, sources none
[CA][tick=11011][map=0][actor=Human97964@(586,455)][contact=(615,887)] Bender: SPOTS an unresolved hostile silhouette [hostile-id 98692, copied-cell (615, 0, 887), source-tick 11011, acquired-tick 11011, evidence Visual, source-id 98692, confidence 0.40, uncertainty 6.06, delivery None, reporter-id 97964, state Active]
[CA][tick=11011][map=0][actor=Human97964@(586,455)][contact=(615,887)][anchor=(586,455)] Bender: battlefield perception ACQUIRED an unresolved hostile silhouette - distance 433.0 / map diagonal 1654.6, clear horizon 988.8, effective range 911.5, confidence 0.40, uncertainty 6.1 cells, soft occlusion 0.50 [plants 59, trees 0, partial cover 5, smoke 0], target glow 1.00, Sight 1.00 (range factor 0.92), medium/long acuity 1.00/1.00 -> distance factor 1.00, dark adaptation 0.00 -> light factor 1.00, weather factor 1.00, skill factor 1.00 [Shooting 11, Intellectual 2], limiting factor flora/cover/smoke 0.61, identified False, sources none
[CA][tick=11041][map=0][actor=Human97574@(683,392)] Dennis: updates welfare concern 425 - state Unassessed -> Unassessed, downed True -> True, cell (692, 0, 386) -> (692, 0, 386), evidence Visual/Voice -> Visual/None, revision 2
[CA][tick=11041][map=0][actor=Human97998@(563,440)][contact=(616,887)] Sheya: is told about a contact [hostile-id 98692, copied-cell (616, 0, 887), source-tick 10981, acquired-tick 11041, evidence Visual, source-id 98692, confidence 1.00, uncertainty 0.00, delivery Voice, reporter-id 98003, state Active]
[CA][tick=11041][map=0][actor=Human97993@(557,436)][contact=(616,887)] Omar: is told about a contact [hostile-id 98692, copied-cell (616, 0, 887), source-tick 10981, acquired-tick 11041, evidence Visual, source-id 98692, confidence 1.00, uncertainty 0.00, delivery Voice, reporter-id 98003, state Active]
[CA][tick=11041][map=0][actor=Human97648@(665,391)] Tim: receives welfare report 425
[CA][tick=11041][map=0][actor=Human97641@(666,391)] James: receives welfare report 425
[CA][tick=11041][map=0][actor=Human97626@(668,393)] Grell: receives welfare report 425
[CA][tick=11041][map=0][actor=Human97567@(663,394)] Chigg: receives welfare report 425
[CA][tick=11041][map=0][actor=Human97593@(674,387)] Kana: updates welfare concern 425 - state Unassessed -> Unassessed, downed True -> True, cell (692, 0, 386) -> (692, 0, 386), evidence Visual/None -> Visual/Voice, revision 2
[CA][tick=11071][map=0][actor=Human97648@(665,391)][contact=(692,386)][anchor=(665,391)] Tim: reconciles contact 425 from Active to Downed using welfare evidence Visual/Voice at source tick 10981
[CA][tick=11071][map=0][actor=Human97641@(665,391)][contact=(692,386)][anchor=(665,391)] James: reconciles contact 425 from Active to Downed using welfare evidence Visual/Voice at source tick 10981
[CA][tick=11071][map=0][actor=Human97626@(668,393)][contact=(692,386)][anchor=(668,393)] Grell: reconciles contact 425 from Active to Downed using welfare evidence Visual/Voice at source tick 10981
[CA][tick=11071][map=0][actor=Human97567@(663,394)][contact=(692,386)][anchor=(663,394)] Chigg: reconciles contact 425 from Active to Downed using welfare evidence Visual/Voice at source tick 10981
[CA][TickProbe] 300 ticks, ms/tick: total 33.04; mapPre 0.59; listNormal 15.32; listRare 0.01; listLong 2.80; world 0.42; story 0.01; mapPost 11.53 [animals 0.00; plants 0.70; power 0.04; steady 8.26; components 1.64; gas 0.00; pollution 0.00; lords 0.03; resources 0.00; fireWatch 0.00; flecks 0.21; postOther 0.00]; gameComp 0.01; other 2.35; post:GameConditionManager 0.01; post:TempTerrainManager 0.60; post:DeferredSpawner 0.00; post:PassingShipManager 0.00; post:DebugCellDrawer 0.00; post:VoluntarilyJoinableLordsStarter 0.00; post:WeatherManager 0.02; post:WeatherDecider 0.01; post:EffecterMaintainer 0.00; comp:KnowledgeMapComponent 1.12; comp:CASpatialCombatMemoryMapComponent 0.19; comp:FishShadowComponent 0.15; comp:CADraftedCombatInitiativeMapComponent 0.06; comp:AudibleCueMapComponent 0.01; comp:MapComponent_AstrogeneOverrides 0.01
[CA][tick=11101][map=0][actor=Human97633@(657,384)] Nicole: receives welfare report 425
[CA][tick=11101][map=0][actor=Human97608@(664,402)] Tasya: receives welfare report 425
[CA][tick=11101][map=0][actor=Human97582@(658,394)] Mash: receives welfare report 425
[CA][tick=11131][map=0][actor=Human97633@(657,384)][contact=(692,386)][anchor=(657,384)] Nicole: reconciles contact 425 from Active to Downed using welfare evidence Visual/Voice at source tick 10981
[CA][tick=11131][map=0][actor=Human97608@(663,402)][contact=(692,386)][anchor=(663,402)] Tasya: reconciles contact 425 from Active to Downed using welfare evidence Visual/Voice at source tick 10981
[CA][tick=11131][map=0][actor=Human97582@(657,394)][contact=(692,386)][anchor=(657,394)] Mash: reconciles contact 425 from Active to Downed using welfare evidence Visual/Voice at source tick 10981
[CA][tick=11161][map=0][actor=Human97655@(659,379)] Jet: receives welfare report 425
[CA][tick=11191][map=0][actor=Human97655@(661,380)][contact=(692,386)][anchor=(661,380)] Jet: reconciles contact 425 from Active to Downed using welfare evidence Visual/Voice at source tick 10981
[CA][tick=11220][map=0][actor=Human431@(878,301)] Hampton: protective apparel SKIPPED - no permitted compatible protective apparel within 36 cells
[CA][TickProbe] 300 ticks, ms/tick: total 31.78; mapPre 0.62; listNormal 11.54; listRare 0.01; listLong 2.91; world 0.43; story 0.00; mapPost 11.97 [animals 0.00; plants 0.76; power 0.04; steady 8.72; components 1.56; gas 0.00; pollution 0.00; lords 0.03; resources 0.00; fireWatch 0.00; flecks 0.21; postOther 0.00]; gameComp 0.01; other 4.29; post:GameConditionManager 0.01; post:TempTerrainManager 0.60; post:DeferredSpawner 0.00; post:PassingShipManager 0.00; post:DebugCellDrawer 0.00; post:VoluntarilyJoinableLordsStarter 0.00; post:WeatherManager 0.02; post:WeatherDecider 0.01; post:EffecterMaintainer 0.00; comp:KnowledgeMapComponent 1.08; comp:CASpatialCombatMemoryMapComponent 0.17; comp:FishShadowComponent 0.14; comp:CADraftedCombatInitiativeMapComponent 0.06; comp:AudibleCueMapComponent 0.01; comp:EquipTransitionMapComponent 0.01
[CA][tick=11445][map=0][actor=Human428@(820,326)] Pixie: protective apparel SKIPPED - no permitted compatible protective apparel within 36 cells
[CA][tick=11671][map=0][actor=Human428@(816,328)][contact=(674,384)] Pixie: SPOTS Kelly [hostile-id 97616, copied-cell (674, 0, 384), source-tick 11671, acquired-tick 11671, evidence Visual, source-id 97616, confidence 0.57, uncertainty 4.39, delivery None, reporter-id 428, state Active]
[CA][tick=11671][map=0][actor=Human428@(816,328)][contact=(674,384)][anchor=(816,328)] Pixie: battlefield perception ACQUIRED Kelly - distance 152.6 / map diagonal 1654.6, clear horizon 988.8, effective range 902.4, confidence 0.57, uncertainty 4.4 cells, soft occlusion 0.37 [plants 22, trees 0, partial cover 9, smoke 0], target glow 1.00, Sight 1.00 (range factor 0.92), medium/long acuity 1.00/1.00 -> distance factor 1.00, dark adaptation 0.00 -> light factor 1.00, weather factor 1.00, skill factor 0.99 [Shooting 8, Intellectual 4], limiting factor flora/cover/smoke 0.69, identified True, sources none
[CA][tick=11671][map=0][actor=Human431@(873,307)][contact=(674,384)] Hampton: SPOTS Kelly [hostile-id 97616, copied-cell (674, 0, 384), source-tick 11671, acquired-tick 11671, evidence Visual, source-id 97616, confidence 0.47, uncertainty 5.48, delivery None, reporter-id 431, state Active]
[CA][tick=11671][map=0][actor=Human431@(873,307)][contact=(674,384)][anchor=(873,307)] Hampton: battlefield perception ACQUIRED Kelly - distance 213.4 / map diagonal 1654.6, clear horizon 988.8, effective range 893.7, confidence 0.47, uncertainty 5.5 cells, soft occlusion 0.48 [plants 26, trees 0, partial cover 12, smoke 0], target glow 1.00, Sight 1.00 (range factor 0.92), medium/long acuity 1.00/1.00 -> distance factor 1.00, dark adaptation 0.00 -> light factor 1.00, weather factor 1.00, skill factor 0.98 [Shooting 4, Intellectual 8], limiting factor flora/cover/smoke 0.62, identified True, sources none
[CA][tick=11700][map=0][actor=Human431@(872,307)][target=Human97616@(674,383)][contact=(674,383)][destination=(872,307)][anchor=(872,307)][origin=player-delegated][controller=fire-position][episode=29][behavior=combat.fire_position_adjustment][authority=PlayerDelegated:player delegation][issuer=431] Hampton: cannot recover a firing solution after matchup revalidation (target distance 212.1, cover 0.00, lane risk 1.00, friendly-sector risk 0.00, support 0.00, pressure 0.00, crowding 0.00, force 2.00/0.00, hazard 0.00; competence Shooting 4, Intellectual 8, tactical synthesis 0.29, decision delay 145 ticks, search radius 7.4 cells, bounded approach 3.3 cells; condition pain 0.00, consciousness 1.00, movement 1.00, manipulation 1.00, breathing 1.00, blood-pumping 1.00, blood-loss 0.00, bleed 0.00, vital-injury no, death-in-ticks none, combat-power 1.00)
[CA][TickProbe] 300 ticks, ms/tick: total 29.16; mapPre 0.64; listNormal 11.47; listRare 0.01; listLong 2.82; world 0.42; story 0.00; mapPost 11.90 [animals 0.00; plants 0.79; power 0.04; steady 8.61; components 1.57; gas 0.00; pollution 0.00; lords 0.03; resources 0.00; fireWatch 0.00; flecks 0.24; postOther 0.00]; gameComp 0.01; other 1.90; post:GameConditionManager 0.01; post:TempTerrainManager 0.57; post:DeferredSpawner 0.00; post:PassingShipManager 0.00; post:DebugCellDrawer 0.00; post:VoluntarilyJoinableLordsStarter 0.00; post:WeatherManager 0.02; post:WeatherDecider 0.01; post:EffecterMaintainer 0.00; comp:KnowledgeMapComponent 1.10; comp:CASpatialCombatMemoryMapComponent 0.17; comp:FishShadowComponent 0.14; comp:CADraftedCombatInitiativeMapComponent 0.06; comp:AudibleCueMapComponent 0.01; comp:EquipTransitionMapComponent 0.01
[CA][tick=11761][map=0][actor=Human97616@(675,382)] Kelly: updates welfare concern 425 - state Unassessed -> Unassessed, downed True -> True, cell (692, 0, 386) -> (692, 0, 386), evidence Visual/Voice -> Visual/None, revision 2
[CA][tick=11761][map=0][actor=Human97574@(681,392)] Dennis: updates welfare concern 425 - state Unassessed -> Unassessed, downed True -> True, cell (692, 0, 386) -> (692, 0, 386), evidence Visual/None -> Visual/Voice, revision 3
[CA][tick=11820][map=0][actor=Human431@(870,308)] Hampton: protective apparel SKIPPED - no permitted compatible protective apparel within 36 cells
[CA][tick=11821][map=0][actor=Human98008@(570,457)][contact=(622,884)] Pentanet: is told about a contact [hostile-id 98730, copied-cell (622, 0, 884), source-tick 11731, acquired-tick 11821, evidence Visual, source-id 98730, confidence 1.00, uncertainty 0.00, delivery Voice, reporter-id 97964, state Active]
[CA][tick=11821][map=0][actor=Human97993@(573,449)][contact=(622,884)] Omar: is told about a contact [hostile-id 98730, copied-cell (622, 0, 884), source-tick 11731, acquired-tick 11821, evidence Visual, source-id 98730, confidence 1.00, uncertainty 0.00, delivery Voice, reporter-id 97964, state Active]
[CA][tick=11881][map=0][actor=Human98003@(568,448)][contact=(622,884)] Veli: is told about a contact [hostile-id 98730, copied-cell (622, 0, 884), source-tick 11731, acquired-tick 11881, evidence Visual, source-id 98730, confidence 1.00, uncertainty 0.00, delivery Voice, reporter-id 98008, state Active]
[CA][tick=11881][map=0][actor=Human97929@(564,450)][contact=(622,884)] Hahn: is told about a contact [hostile-id 98730, copied-cell (622, 0, 884), source-tick 11731, acquired-tick 11881, evidence Visual, source-id 98730, confidence 1.00, uncertainty 0.00, delivery Voice, reporter-id 98008, state Active]
[CA][tick=11941][map=0][actor=Human97998@(561,449)][contact=(622,884)] Sheya: is told about a contact [hostile-id 98730, copied-cell (622, 0, 884), source-tick 11731, acquired-tick 11941, evidence Visual, source-id 98730, confidence 1.00, uncertainty 0.00, delivery Voice, reporter-id 98003, state Active]
[CA][tick=11941][map=0][actor=Human97985@(568,441)][contact=(622,884)] Matt: is told about a contact [hostile-id 98730, copied-cell (622, 0, 884), source-tick 11731, acquired-tick 11941, evidence Visual, source-id 98730, confidence 1.00, uncertainty 0.00, delivery Voice, reporter-id 98003, state Active]
[CA][tick=11941][map=0][actor=Human97977@(558,445)][contact=(622,884)] Parsons: is told about a contact [hostile-id 98730, copied-cell (622, 0, 884), source-tick 11731, acquired-tick 11941, evidence Visual, source-id 98730, confidence 1.00, uncertainty 0.00, delivery Voice, reporter-id 98003, state Active]
[CA][tick=11941][map=0][actor=Human97947@(553,450)][contact=(622,884)] Viktor: is told about a contact [hostile-id 98730, copied-cell (622, 0, 884), source-tick 11731, acquired-tick 11941, evidence Visual, source-id 98730, confidence 1.00, uncertainty 0.00, delivery Voice, reporter-id 97929, state Active]
[CA][tick=11941][map=0][actor=Human97938@(558,456)][contact=(622,884)] Doug: is told about a contact [hostile-id 98730, copied-cell (622, 0, 884), source-tick 11731, acquired-tick 11941, evidence Visual, source-id 98730, confidence 1.00, uncertainty 0.00, delivery Voice, reporter-id 97929, state Active]
[CA][TickProbe] 300 ticks, ms/tick: total 29.90; mapPre 0.63; listNormal 12.22; listRare 0.01; listLong 3.11; world 0.46; story 0.01; mapPost 13.17 [animals 0.00; plants 0.91; power 0.04; steady 9.47; components 1.67; gas 0.00; pollution 0.00; lords 0.04; resources 0.00; fireWatch 0.00; flecks 0.34; postOther 0.00]; gameComp 0.01; other 0.29; post:GameConditionManager 0.01; post:TempTerrainManager 0.64; post:DeferredSpawner 0.00; post:PassingShipManager 0.00; post:DebugCellDrawer 0.00; post:VoluntarilyJoinableLordsStarter 0.00; post:WeatherManager 0.02; post:WeatherDecider 0.01; post:EffecterMaintainer 0.00; comp:KnowledgeMapComponent 1.14; comp:CASpatialCombatMemoryMapComponent 0.19; comp:FishShadowComponent 0.16; comp:CADraftedCombatInitiativeMapComponent 0.06; comp:AudibleCueMapComponent 0.01; comp:MapComponent_AstrogeneOverrides 0.01
[CA][tick=12001][map=0][actor=Human97560@(676,392)] Dax: updates welfare concern 425 - state Unassessed -> Unassessed, downed True -> True, cell (692, 0, 386) -> (692, 0, 386), evidence Visual/None -> Visual/Voice, revision 2
[CA][tick=12045][map=0][actor=Human428@(808,328)] Pixie: protective apparel SKIPPED - no permitted compatible protective apparel within 36 cells
[CA][tick=12120][map=0][actor=Human431@(864,312)][target=Human97655@(674,384)][contact=(674,384)][destination=(864,312)][anchor=(864,312)][origin=player-delegated][controller=fire-position][episode=30][behavior=combat.fire_position_adjustment][authority=PlayerDelegated:player delegation][issuer=431] Hampton: cannot recover a firing solution after matchup revalidation (target distance 203.2, cover 0.00, lane risk 1.00, friendly-sector risk 0.00, support 0.00, pressure 0.00, crowding 0.00, force 2.00/0.00, hazard 0.00; competence Shooting 4, Intellectual 8, tactical synthesis 0.29, decision delay 145 ticks, search radius 7.4 cells, bounded approach 3.3 cells; condition pain 0.00, consciousness 1.00, movement 1.00, manipulation 1.00, breathing 1.00, blood-pumping 1.00, blood-loss 0.00, bleed 0.00, vital-injury no, death-in-ticks none, combat-power 1.00)
[CA][tick=12211][map=0][actor=Human97655@(675,382)] Jet: updates welfare concern 425 - state Unassessed -> Unassessed, downed True -> True, cell (692, 0, 386) -> (692, 0, 386), evidence Visual/Voice -> Visual/None, revision 2
[CA][TickProbe] 300 ticks, ms/tick: total 28.44; mapPre 0.56; listNormal 11.43; listRare 0.01; listLong 2.87; world 0.43; story 0.00; mapPost 12.85 [animals 0.00; plants 0.82; power 0.04; steady 8.90; components 2.10; gas 0.00; pollution 0.00; lords 0.03; resources 0.00; fireWatch 0.00; flecks 0.28; postOther 0.00]; gameComp 0.01; other 0.28; post:GameConditionManager 0.01; post:TempTerrainManager 0.62; post:DeferredSpawner 0.00; post:PassingShipManager 0.00; post:DebugCellDrawer 0.00; post:VoluntarilyJoinableLordsStarter 0.00; post:WeatherManager 0.02; post:WeatherDecider 0.01; post:EffecterMaintainer 0.00; comp:KnowledgeMapComponent 1.11; comp:CASettlementWorksMapComponent 0.50; comp:CASpatialCombatMemoryMapComponent 0.19; comp:FishShadowComponent 0.14; comp:CADraftedCombatInitiativeMapComponent 0.06; comp:AudibleCueMapComponent 0.01
[CA][tick=12361][map=0][actor=Human97616@(674,385)] Kelly: updates welfare concern 425 - state Unassessed -> Unassessed, downed True -> True, cell (692, 0, 386) -> (692, 0, 386), evidence Visual/None -> Visual/Voice, revision 3
[CA][tick=12420][map=0][actor=Human431@(858,312)] Hampton: protective apparel SKIPPED - no permitted compatible protective apparel within 36 cells
[CA][tick=12481][map=0][actor=Human97648@(682,393)] Tim: updates welfare concern 425 - state Unassessed -> Unassessed, downed True -> True, cell (692, 0, 386) -> (692, 0, 386), evidence Visual/Voice -> Visual/None, revision 2
[CA][tick=12511][map=0][actor=Human428@(799,328)] Pixie: observes welfare concern 425
[CA][tick=12540][map=0][actor=Human431@(855,314)][target=Human97655@(674,384)][contact=(674,384)][destination=(855,314)][anchor=(855,314)][origin=player-delegated][controller=fire-position][episode=31][behavior=combat.fire_position_adjustment][authority=PlayerDelegated:player delegation][issuer=431] Hampton: cannot recover a firing solution after matchup revalidation (target distance 194.1, cover 0.00, lane risk 1.00, friendly-sector risk 0.00, support 0.00, pressure 0.00, crowding 0.00, force 2.00/0.00, hazard 0.00; competence Shooting 4, Intellectual 8, tactical synthesis 0.29, decision delay 145 ticks, search radius 7.4 cells, bounded approach 3.3 cells; condition pain 0.00, consciousness 1.00, movement 1.00, manipulation 1.00, breathing 1.00, blood-pumping 1.00, blood-loss 0.00, bleed 0.00, vital-injury no, death-in-ticks none, combat-power 1.00)
[CA][TickProbe] 300 ticks, ms/tick: total 30.29; mapPre 0.53; listNormal 11.87; listRare 0.01; listLong 2.88; world 2.18; story 0.00; mapPost 12.54 [animals 0.00; plants 0.77; power 0.04; steady 9.11; components 1.66; gas 0.00; pollution 0.00; lords 0.03; resources 0.00; fireWatch 0.00; flecks 0.25; postOther 0.01]; gameComp 0.01; other 0.28; post:GameConditionManager 0.01; post:TempTerrainManager 0.63; post:DeferredSpawner 0.00; post:PassingShipManager 0.00; post:DebugCellDrawer 0.00; post:VoluntarilyJoinableLordsStarter 0.00; post:WeatherManager 0.02; post:WeatherDecider 0.01; post:EffecterMaintainer 0.00; comp:KnowledgeMapComponent 1.13; comp:CASpatialCombatMemoryMapComponent 0.19; comp:FishShadowComponent 0.15; comp:CADraftedCombatInitiativeMapComponent 0.06; comp:BridgeDecayMapComponent 0.02; comp:AudibleCueMapComponent 0.01
[CA][tick=12601][map=0][actor=Human428@(797,328)][contact=(971,669)] Pixie: SPOTS an unresolved hostile silhouette [hostile-id 98302, copied-cell (971, 0, 669), source-tick 12601, acquired-tick 12601, evidence Visual, source-id 98302, confidence 0.35, uncertainty 6.78, delivery None, reporter-id 428, state Active]
[CA][tick=12601][map=0][actor=Human428@(797,328)][contact=(971,669)][anchor=(797,328)] Pixie: battlefield perception ACQUIRED an unresolved hostile silhouette - distance 382.8 / map diagonal 1654.6, clear horizon 988.8, effective range 902.4, confidence 0.35, uncertainty 6.8 cells, soft occlusion 0.62 [plants 49, trees 0, partial cover 12, smoke 0], target glow 1.00, Sight 1.00 (range factor 0.92), medium/long acuity 1.00/1.00 -> distance factor 1.00, dark adaptation 0.00 -> light factor 1.00, weather factor 1.00, skill factor 0.99 [Shooting 8, Intellectual 4], limiting factor flora/cover/smoke 0.54, identified False, sources none
[CA][tick=12601][map=0][actor=Human97655@(672,389)] Jet: updates welfare concern 425 - state Unassessed -> Unassessed, downed True -> True, cell (692, 0, 386) -> (692, 0, 386), evidence Visual/None -> Visual/Voice, revision 3
[CA][tick=12645][map=0][actor=Human428@(796,328)] Pixie: protective apparel SKIPPED - no permitted compatible protective apparel within 36 cells
[CA][tick=12751][map=0][actor=Human428@(794,328)][contact=(682,393)] Pixie: SPOTS Tim [hostile-id 97648, copied-cell (682, 0, 393), source-tick 12751, acquired-tick 12751, evidence Visual, source-id 97648, confidence 0.57, uncertainty 4.25, delivery None, reporter-id 428, state Active]
[CA][tick=12751][map=0][actor=Human428@(794,328)][contact=(682,393)][anchor=(794,328)] Pixie: battlefield perception ACQUIRED Tim - distance 129.5 / map diagonal 1654.6, clear horizon 988.8, effective range 902.4, confidence 0.57, uncertainty 4.2 cells, soft occlusion 0.33 [plants 15, trees 0, partial cover 9, smoke 0], target glow 1.00, Sight 1.00 (range factor 0.92), medium/long acuity 1.00/1.00 -> distance factor 1.00, dark adaptation 0.00 -> light factor 1.00, weather factor 1.00, skill factor 0.99 [Shooting 8, Intellectual 4], limiting factor flora/cover/smoke 0.72, identified True, sources none
[CA][tick=12810][map=0][actor=Human431@(850,316)][target=Human97626@(674,384)][contact=(674,384)][destination=(850,316)][anchor=(850,316)][origin=player-delegated][controller=fire-position][episode=32][behavior=combat.fire_position_adjustment][authority=PlayerDelegated:player delegation][issuer=431] Hampton: cannot recover a firing solution after matchup revalidation (target distance 188.7, cover 0.00, lane risk 1.00, friendly-sector risk 0.00, support 0.00, pressure 0.00, crowding 0.00, force 2.00/0.00, hazard 0.00; competence Shooting 4, Intellectual 8, tactical synthesis 0.29, decision delay 145 ticks, search radius 7.4 cells, bounded approach 3.3 cells; condition pain 0.00, consciousness 1.00, movement 1.00, manipulation 1.00, breathing 1.00, blood-pumping 1.00, blood-loss 0.00, bleed 0.00, vital-injury no, death-in-ticks none, combat-power 1.00)
[CA][TickProbe] 300 ticks, ms/tick: total 27.71; mapPre 0.57; listNormal 11.44; listRare 0.01; listLong 2.84; world 0.42; story 0.00; mapPost 12.15 [animals 0.00; plants 0.73; power 0.04; steady 8.86; components 1.57; gas 0.00; pollution 0.00; lords 0.03; resources 0.00; fireWatch 0.00; flecks 0.26; postOther 0.00]; gameComp 0.01; other 0.27; post:GameConditionManager 0.01; post:TempTerrainManager 0.60; post:DeferredSpawner 0.00; post:PassingShipManager 0.00; post:DebugCellDrawer 0.00; post:VoluntarilyJoinableLordsStarter 0.00; post:WeatherManager 0.02; post:WeatherDecider 0.01; post:EffecterMaintainer 0.00; comp:KnowledgeMapComponent 1.07; comp:CASpatialCombatMemoryMapComponent 0.19; comp:FishShadowComponent 0.15; comp:CADraftedCombatInitiativeMapComponent 0.06; comp:AudibleCueMapComponent 0.01; comp:EquipTransitionMapComponent 0.01
[CA][tick=12901][map=0][actor=Human97626@(674,382)] Grell: updates welfare concern 425 - state Unassessed -> Unassessed, downed True -> True, cell (692, 0, 386) -> (692, 0, 386), evidence Visual/Voice -> Visual/None, revision 2
[CA][tick=12901][map=0][actor=Human97648@(677,392)] Tim: updates welfare concern 425 - state Unassessed -> Unassessed, downed True -> True, cell (692, 0, 386) -> (692, 0, 386), evidence Visual/None -> Visual/Voice, revision 3
[CA][tick=12961][map=0][actor=Human98302@(972,669)][contact=(847,316)] Berger: SPOTS an unresolved hostile silhouette [hostile-id 431, copied-cell (847, 0, 316), source-tick 12961, acquired-tick 12961, evidence Visual, source-id 431, confidence 0.20, uncertainty 8.87, delivery None, reporter-id 98302, state Active]
[CA][tick=12961][map=0][actor=Human98302@(972,669)][contact=(847,316)][anchor=(972,669)] Berger: battlefield perception ACQUIRED an unresolved hostile silhouette - distance 374.5 / map diagonal 1654.6, clear horizon 988.8, effective range 1015.0, confidence 0.20, uncertainty 8.9 cells, soft occlusion 1.00 [plants 52, trees 0, partial cover 24, smoke 0], target glow 1.00, Sight 1.19 (range factor 1.02), medium/long acuity 1.00/1.00 -> distance factor 1.00, dark adaptation 0.00 -> light factor 1.00, weather factor 1.00, skill factor 1.01 [Shooting 12, Intellectual 2], limiting factor flora/cover/smoke 0.37, identified False, sources Bionic eye
[CA][tick=12961][map=0][actor=Human431@(847,316)][contact=(972,669)] Hampton: SPOTS an unresolved hostile silhouette [hostile-id 98302, copied-cell (972, 0, 669), source-tick 12961, acquired-tick 12961, evidence Visual, source-id 98302, confidence 0.20, uncertainty 8.91, delivery None, reporter-id 431, state Active]
[CA][tick=12961][map=0][actor=Human431@(847,316)][contact=(972,669)][anchor=(847,316)] Hampton: battlefield perception ACQUIRED an unresolved hostile silhouette - distance 374.5 / map diagonal 1654.6, clear horizon 988.8, effective range 893.7, confidence 0.20, uncertainty 8.9 cells, soft occlusion 1.00 [plants 52, trees 0, partial cover 24, smoke 0], target glow 1.00, Sight 1.00 (range factor 0.92), medium/long acuity 1.00/1.00 -> distance factor 1.00, dark adaptation 0.00 -> light factor 1.00, weather factor 1.00, skill factor 0.98 [Shooting 4, Intellectual 8], limiting factor flora/cover/smoke 0.37, identified False, sources none
[CA][tick=12961][map=0][actor=Human98426@(979,674)][contact=(847,316)] Fluorock: is told about a contact [hostile-id 431, copied-cell (847, 0, 316), source-tick 12961, acquired-tick 12961, evidence Visual, source-id 431, confidence 1.00, uncertainty 0.00, delivery Voice, reporter-id 98302, state Active]
[CA][tick=12961][map=0][actor=Human98410@(982,675)][contact=(847,316)] Skye: is told about a contact [hostile-id 431, copied-cell (847, 0, 316), source-tick 12961, acquired-tick 12961, evidence Visual, source-id 431, confidence 1.00, uncertainty 0.00, delivery Voice, reporter-id 98302, state Active]
[CA][tick=12961][map=0][actor=Human98396@(976,670)][contact=(847,316)] Hayhouse: is told about a contact [hostile-id 431, copied-cell (847, 0, 316), source-tick 12961, acquired-tick 12961, evidence Visual, source-id 431, confidence 1.00, uncertainty 0.00, delivery Voice, reporter-id 98302, state Active]
[CA][tick=12991][map=0][actor=Human428@(789,328)][contact=(981,654)] Pixie: SPOTS an unresolved hostile silhouette [hostile-id 98363, copied-cell (981, 0, 654), source-tick 12991, acquired-tick 12991, evidence Visual, source-id 98363, confidence 0.36, uncertainty 6.57, delivery None, reporter-id 428, state Active]
[CA][tick=12991][map=0][actor=Human428@(789,328)][contact=(981,654)][anchor=(789,328)] Pixie: battlefield perception ACQUIRED an unresolved hostile silhouette - distance 378.3 / map diagonal 1654.6, clear horizon 988.8, effective range 902.4, confidence 0.36, uncertainty 6.6 cells, soft occlusion 0.59 [plants 64, trees 0, partial cover 7, smoke 0], target glow 1.00, Sight 1.00 (range factor 0.92), medium/long acuity 1.00/1.00 -> distance factor 1.00, dark adaptation 0.00 -> light factor 1.00, weather factor 1.00, skill factor 0.99 [Shooting 8, Intellectual 4], limiting factor flora/cover/smoke 0.55, identified False, sources none
[CA][tick=13020][map=0][actor=Human431@(846,316)] Hampton: protective apparel SKIPPED - no permitted compatible protective apparel within 36 cells
[CA][tick=13021][map=0][actor=Human97601@(680,398)] Thaarath: updates welfare concern 425 - state Unassessed -> Unassessed, downed True -> True, cell (692, 0, 386) -> (692, 0, 386), evidence Visual/Voice -> Visual/None, revision 2
[CA][tick=13021][map=0][actor=Human98433@(989,669)][contact=(847,316)] Toby: is told about a contact [hostile-id 431, copied-cell (847, 0, 316), source-tick 12961, acquired-tick 13021, evidence Visual, source-id 431, confidence 1.00, uncertainty 0.00, delivery Voice, reporter-id 98426, state Active]
[CA][tick=13021][map=0][actor=Human98417@(988,668)][contact=(847,316)] Carnahan: is told about a contact [hostile-id 431, copied-cell (847, 0, 316), source-tick 12961, acquired-tick 13021, evidence Visual, source-id 431, confidence 1.00, uncertainty 0.00, delivery Voice, reporter-id 98426, state Active]
[CA][tick=13021][map=0][actor=Human98403@(990,669)][contact=(847,316)] Ramos: is told about a contact [hostile-id 431, copied-cell (847, 0, 316), source-tick 12961, acquired-tick 13021, evidence Visual, source-id 431, confidence 1.00, uncertainty 0.00, delivery Voice, reporter-id 98426, state Active]
[CA][tick=13021][map=0][actor=Human98340@(989,668)][contact=(847,316)] Ernie: is told about a contact [hostile-id 431, copied-cell (847, 0, 316), source-tick 12961, acquired-tick 13021, evidence Visual, source-id 431, confidence 1.00, uncertainty 0.00, delivery Voice, reporter-id 98426, state Active]
[CA][tick=13021][map=0][actor=Human98326@(976,681)][contact=(847,316)] Giggles: is told about a contact [hostile-id 431, copied-cell (847, 0, 316), source-tick 12961, acquired-tick 13021, evidence Visual, source-id 431, confidence 1.00, uncertainty 0.00, delivery Voice, reporter-id 98426, state Active]
[CA][tick=13021][map=0][actor=Human98374@(990,666)][contact=(847,316)] Hilary: is told about a contact [hostile-id 431, copied-cell (847, 0, 316), source-tick 12961, acquired-tick 13021, evidence Visual, source-id 431, confidence 1.00, uncertainty 0.00, delivery Voice, reporter-id 98410, state Active]
[CA][tick=13081][map=0][actor=Human428@(788,328)][contact=(974,670)] Pixie: SPOTS an unresolved hostile silhouette [hostile-id 98396, copied-cell (974, 0, 670), source-tick 13081, acquired-tick 13081, evidence Visual, source-id 98396, confidence 0.29, uncertainty 7.12, delivery None, reporter-id 428, state Active]
[CA][tick=13081][map=0][actor=Human428@(788,328)][contact=(974,670)][anchor=(788,328)] Pixie: battlefield perception ACQUIRED an unresolved hostile silhouette - distance 389.3 / map diagonal 1654.6, clear horizon 988.8, effective range 902.4, confidence 0.29, uncertainty 7.1 cells, soft occlusion 0.58 [plants 60, trees 0, partial cover 8, smoke 0], target glow 1.00, Sight 1.00 (range factor 0.92), medium/long acuity 1.00/1.00 -> distance factor 1.00, dark adaptation 0.00 -> light factor 1.00, weather factor 1.00, skill factor 0.99 [Shooting 8, Intellectual 4], limiting factor flora/cover/smoke 0.56, identified False, sources none
[CA][tick=13141][map=0][actor=Human98363@(980,653)][contact=(847,316)] Klavdiya: is told about a contact [hostile-id 431, copied-cell (847, 0, 316), source-tick 12961, acquired-tick 13141, evidence Visual, source-id 431, confidence 1.00, uncertainty 0.00, delivery Voice, reporter-id 98302, state Active]
[CA][TickProbe] 300 ticks, ms/tick: total 28.70; mapPre 0.60; listNormal 11.72; listRare 0.01; listLong 2.99; world 0.44; story 0.01; mapPost 12.63 [animals 0.00; plants 0.79; power 0.04; steady 9.16; components 1.67; gas 0.00; pollution 0.00; lords 0.03; resources 0.00; fireWatch 0.00; flecks 0.26; postOther 0.00]; gameComp 0.01; other 0.29; post:GameConditionManager 0.01; post:TempTerrainManager 0.62; post:DeferredSpawner 0.00; post:PassingShipManager 0.00; post:DebugCellDrawer 0.00; post:VoluntarilyJoinableLordsStarter 0.00; post:WeatherManager 0.02; post:WeatherDecider 0.01; post:EffecterMaintainer 0.00; comp:KnowledgeMapComponent 1.13; comp:CASpatialCombatMemoryMapComponent 0.22; comp:FishShadowComponent 0.15; comp:CADraftedCombatInitiativeMapComponent 0.06; comp:MapComponent_AstrogeneOverrides 0.01; comp:EquipTransitionMapComponent 0.01
[CA][tick=13245][map=0][actor=Human428@(784,328)] Pixie: protective apparel SKIPPED - no permitted compatible protective apparel within 36 cells
[CA][tick=13260][map=0][actor=Human431@(841,316)][target=Human97641@(669,412)][contact=(669,412)][destination=(841,316)][anchor=(841,316)][origin=player-delegated][controller=fire-position][episode=33][behavior=combat.fire_position_adjustment][authority=PlayerDelegated:player delegation][issuer=431] Hampton: cannot recover a firing solution after matchup revalidation (target distance 197.0, cover 0.00, lane risk 1.00, friendly-sector risk 0.00, support 0.00, pressure 0.00, crowding 0.00, force 2.00/0.00, hazard 0.00; competence Shooting 4, Intellectual 8, tactical synthesis 0.29, decision delay 145 ticks, search radius 7.4 cells, bounded approach 3.3 cells; condition pain 0.00, consciousness 1.00, movement 1.00, manipulation 1.00, breathing 1.00, blood-pumping 1.00, blood-loss 0.00, bleed 0.00, vital-injury no, death-in-ticks none, combat-power 1.00)
[CA][tick=13261][map=0][actor=Human97947@(560,456)][contact=(612,881)] Viktor: SPOTS an unresolved hostile silhouette [hostile-id 98706, copied-cell (612, 0, 881), source-tick 13261, acquired-tick 13261, evidence Visual, source-id 98706, confidence 0.38, uncertainty 6.32, delivery None, reporter-id 97947, state Active]
[CA][tick=13261][map=0][actor=Human97947@(560,456)][contact=(612,881)][anchor=(560,456)] Viktor: battlefield perception ACQUIRED an unresolved hostile silhouette - distance 428.2 / map diagonal 1654.6, clear horizon 988.8, effective range 915.9, confidence 0.38, uncertainty 6.3 cells, soft occlusion 0.54 [plants 58, trees 0, partial cover 7, smoke 0], target glow 1.00, Sight 1.00 (range factor 0.92), medium/long acuity 1.00/1.00 -> distance factor 1.00, dark adaptation 0.00 -> light factor 1.00, weather factor 1.00, skill factor 1.01 [Shooting 13, Intellectual 0], limiting factor flora/cover/smoke 0.58, identified False, sources none
[CA][tick=13261][map=0][actor=Human98008@(566,457)][contact=(612,881)] Pentanet: is told about a contact [hostile-id 98706, copied-cell (612, 0, 881), source-tick 13261, acquired-tick 13261, evidence Visual, source-id 98706, confidence 1.00, uncertainty 0.00, delivery Voice, reporter-id 97947, state Active]
[CA][tick=13261][map=0][actor=Human97998@(556,454)][contact=(612,881)] Sheya: is told about a contact [hostile-id 98706, copied-cell (612, 0, 881), source-tick 13261, acquired-tick 13261, evidence Visual, source-id 98706, confidence 1.00, uncertainty 0.00, delivery Voice, reporter-id 97947, state Active]
[CA][tick=13261][map=0][actor=Human97993@(562,449)][contact=(612,881)] Omar: is told about a contact [hostile-id 98706, copied-cell (612, 0, 881), source-tick 13261, acquired-tick 13261, evidence Visual, source-id 98706, confidence 1.00, uncertainty 0.00, delivery Voice, reporter-id 97947, state Active]
[CA][tick=13261][map=0][actor=Human97977@(557,448)][contact=(612,881)] Parsons: is told about a contact [hostile-id 98706, copied-cell (612, 0, 881), source-tick 13261, acquired-tick 13261, evidence Visual, source-id 98706, confidence 1.00, uncertainty 0.00, delivery Voice, reporter-id 97947, state Active]
[CA][tick=13261][map=0][actor=Human97964@(554,456)][contact=(612,881)] Bender: is told about a contact [hostile-id 98706, copied-cell (612, 0, 881), source-tick 13261, acquired-tick 13261, evidence Visual, source-id 98706, confidence 1.00, uncertainty 0.00, delivery Voice, reporter-id 97947, state Active]
[CA][tick=13261][map=0][actor=Human97938@(568,454)][contact=(612,881)] Doug: is told about a contact [hostile-id 98706, copied-cell (612, 0, 881), source-tick 13261, acquired-tick 13261, evidence Visual, source-id 98706, confidence 1.00, uncertainty 0.00, delivery Voice, reporter-id 97947, state Active]
[CA][tick=13321][map=0][actor=Human97929@(574,455)][contact=(612,881)] Hahn: is told about a contact [hostile-id 98706, copied-cell (612, 0, 881), source-tick 13261, acquired-tick 13321, evidence Visual, source-id 98706, confidence 1.00, uncertainty 0.00, delivery Voice, reporter-id 98008, state Active]
[CA][tick=13321][map=0][actor=Human98003@(553,444)][contact=(612,881)] Veli: is told about a contact [hostile-id 98706, copied-cell (612, 0, 881), source-tick 13261, acquired-tick 13321, evidence Visual, source-id 98706, confidence 1.00, uncertainty 0.00, delivery Voice, reporter-id 97998, state Active]
[CA][tick=13350][map=0][actor=Human431@(839,317)][target=Human97626@(674,384)][contact=(674,384)][destination=(839,317)][anchor=(839,317)][origin=player-delegated][controller=fire-position][episode=34][behavior=combat.fire_position_adjustment][authority=PlayerDelegated:player delegation][issuer=431] Hampton: cannot recover a firing solution after matchup revalidation (target distance 178.1, cover 0.00, lane risk 1.00, friendly-sector risk 0.00, support 0.00, pressure 0.00, crowding 0.00, force 1.00/0.00, hazard 0.00; competence Shooting 4, Intellectual 8, tactical synthesis 0.29, decision delay 145 ticks, search radius 7.4 cells, bounded approach 3.3 cells; condition pain 0.00, consciousness 1.00, movement 1.00, manipulation 1.00, breathing 1.00, blood-pumping 1.00, blood-loss 0.00, bleed 0.00, vital-injury no, death-in-ticks none, combat-power 1.00)
[CA][tick=13380][map=0][actor=Human431@(839,317)][target=Human97641@(671,414)][contact=(671,414)][destination=(839,317)][anchor=(839,317)][origin=player-delegated][controller=fire-position][episode=35][behavior=combat.fire_position_adjustment][authority=PlayerDelegated:player delegation][issuer=431] Hampton: cannot recover a firing solution after matchup revalidation (target distance 194.0, cover 0.00, lane risk 1.00, friendly-sector risk 0.00, support 0.00, pressure 0.00, crowding 0.00, force 1.00/0.00, hazard 0.00; competence Shooting 4, Intellectual 8, tactical synthesis 0.29, decision delay 145 ticks, search radius 7.4 cells, bounded approach 3.3 cells; condition pain 0.00, consciousness 1.00, movement 1.00, manipulation 1.00, breathing 1.00, blood-pumping 1.00, blood-loss 0.00, bleed 0.00, vital-injury no, death-in-ticks none, combat-power 1.00)
[CA][tick=13381][map=0][actor=Human97985@(562,440)][contact=(612,881)] Matt: is told about a contact [hostile-id 98706, copied-cell (612, 0, 881), source-tick 13261, acquired-tick 13381, evidence Visual, source-id 98706, confidence 1.00, uncertainty 0.00, delivery Voice, reporter-id 98003, state Active]
[CA][tick=13441][map=0][actor=Human431@(837,319)][contact=(976,653)] Hampton: SPOTS an unresolved hostile silhouette [hostile-id 98363, copied-cell (976, 0, 653), source-tick 13441, acquired-tick 13441, evidence Visual, source-id 98363, confidence 0.34, uncertainty 6.72, delivery None, reporter-id 431, state Active]
[CA][tick=13441][map=0][actor=Human431@(837,319)][contact=(976,653)][anchor=(837,319)] Hampton: battlefield perception ACQUIRED an unresolved hostile silhouette - distance 361.8 / map diagonal 1654.6, clear horizon 988.8, effective range 893.7, confidence 0.34, uncertainty 6.7 cells, soft occlusion 0.59 [plants 36, trees 0, partial cover 14, smoke 0], target glow 1.00, Sight 1.00 (range factor 0.92), medium/long acuity 1.00/1.00 -> distance factor 1.00, dark adaptation 0.00 -> light factor 1.00, weather factor 1.00, skill factor 0.98 [Shooting 4, Intellectual 8], limiting factor flora/cover/smoke 0.55, identified False, sources none
[CA][tick=13441][map=0][actor=Human97626@(672,390)] Grell: updates welfare concern 425 - state Unassessed -> Unassessed, downed True -> True, cell (692, 0, 386) -> (692, 0, 386), evidence Visual/None -> Visual/Voice, revision 3
[CA][TickProbe] 300 ticks, ms/tick: total 36.66; mapPre 0.64; listNormal 19.45; listRare 0.01; listLong 2.99; world 0.44; story 0.00; mapPost 12.85 [animals 0.00; plants 0.86; power 0.04; steady 9.30; components 1.69; gas 0.00; pollution 0.00; lords 0.04; resources 0.00; fireWatch 0.00; flecks 0.24; postOther 0.00]; gameComp 0.01; other 0.28; post:GameConditionManager 0.01; post:TempTerrainManager 0.63; post:DeferredSpawner 0.00; post:PassingShipManager 0.00; post:DebugCellDrawer 0.00; post:VoluntarilyJoinableLordsStarter 0.00; post:WeatherManager 0.02; post:WeatherDecider 0.01; post:EffecterMaintainer 0.00; comp:KnowledgeMapComponent 1.15; comp:CASpatialCombatMemoryMapComponent 0.23; comp:FishShadowComponent 0.15; comp:CADraftedCombatInitiativeMapComponent 0.06; comp:EquipTransitionMapComponent 0.01; comp:AudibleCueMapComponent 0.00
[CA][tick=13620][map=0][actor=Human431@(836,318)] Hampton: protective apparel SKIPPED - no permitted compatible protective apparel within 36 cells
[CA][tick=13621][map=0][actor=Human428@(777,332)][contact=(674,384)] Pixie: SPOTS Dax [hostile-id 97560, copied-cell (674, 0, 384), source-tick 13621, acquired-tick 13621, evidence Visual, source-id 97560, confidence 0.60, uncertainty 4.08, delivery None, reporter-id 428, state Active]
[CA][tick=13621][map=0][actor=Human428@(777,332)][contact=(674,384)][anchor=(777,332)] Pixie: battlefield perception ACQUIRED Dax - distance 115.4 / map diagonal 1654.6, clear horizon 988.8, effective range 902.4, confidence 0.60, uncertainty 4.1 cells, soft occlusion 0.35 [plants 19, trees 0, partial cover 9, smoke 0], target glow 1.00, Sight 1.00 (range factor 0.92), medium/long acuity 1.00/1.00 -> distance factor 1.00, dark adaptation 0.00 -> light factor 1.00, weather factor 1.00, skill factor 0.99 [Shooting 8, Intellectual 4], limiting factor flora/cover/smoke 0.71, identified True, sources none
[CA][tick=13621][map=0][actor=Human431@(836,318)][contact=(674,384)] Hampton: SPOTS Dax [hostile-id 97560, copied-cell (674, 0, 384), source-tick 13621, acquired-tick 13621, evidence Visual, source-id 97560, confidence 0.53, uncertainty 4.74, delivery None, reporter-id 431, state Active]
[CA][tick=13621][map=0][actor=Human431@(836,318)][contact=(674,384)][anchor=(836,318)] Hampton: battlefield perception ACQUIRED Dax - distance 174.9 / map diagonal 1654.6, clear horizon 988.8, effective range 893.7, confidence 0.53, uncertainty 4.7 cells, soft occlusion 0.41 [plants 21, trees 0, partial cover 10, smoke 0], target glow 1.00, Sight 1.00 (range factor 0.92), medium/long acuity 1.00/1.00 -> distance factor 1.00, dark adaptation 0.00 -> light factor 1.00, weather factor 1.00, skill factor 0.98 [Shooting 4, Intellectual 8], limiting factor flora/cover/smoke 0.67, identified True, sources none
[CA][tick=13650][map=0][actor=Human431@(836,318)][target=Human97560@(674,384)][contact=(674,384)][destination=(836,318)][anchor=(836,318)][origin=player-delegated][controller=fire-position][episode=36][behavior=combat.fire_position_adjustment][authority=PlayerDelegated:player delegation][issuer=431] Hampton: cannot recover a firing solution after matchup revalidation (target distance 174.9, cover 0.00, lane risk 1.00, friendly-sector risk 0.00, support 0.00, pressure 0.00, crowding 0.00, force 2.00/0.00, hazard 0.00; competence Shooting 4, Intellectual 8, tactical synthesis 0.29, decision delay 145 ticks, search radius 7.4 cells, bounded approach 3.3 cells; condition pain 0.00, consciousness 1.00, movement 1.00, manipulation 1.00, breathing 1.00, blood-pumping 1.00, blood-loss 0.00, bleed 0.00, vital-injury no, death-in-ticks none, combat-power 1.00)
[CA][tick=13740][map=0][actor=Human431@(836,318)][target=Human97641@(671,413)][contact=(671,413)][destination=(836,318)][anchor=(836,318)][origin=player-delegated][controller=fire-position][episode=37][behavior=combat.fire_position_adjustment][authority=PlayerDelegated:player delegation][issuer=431] Hampton: cannot recover a firing solution after matchup revalidation (target distance 190.4, cover 0.00, lane risk 1.00, friendly-sector risk 0.00, support 0.00, pressure 0.00, crowding 0.00, force 2.00/0.00, hazard 0.00; competence Shooting 4, Intellectual 8, tactical synthesis 0.29, decision delay 145 ticks, search radius 7.4 cells, bounded approach 3.3 cells; condition pain 0.00, consciousness 1.00, movement 1.00, manipulation 1.00, breathing 1.00, blood-pumping 1.00, blood-loss 0.00, bleed 0.00, vital-injury no, death-in-ticks none, combat-power 1.00)
[CA][tick=13741][map=0][actor=Human428@(774,332)][contact=(995,663)] Pixie: SPOTS an unresolved hostile silhouette [hostile-id 98340, copied-cell (995, 0, 663), source-tick 13741, acquired-tick 13741, evidence Visual, source-id 98340, confidence 0.37, uncertainty 6.46, delivery None, reporter-id 428, state Active]
[CA][tick=13741][map=0][actor=Human428@(774,332)][contact=(995,663)][anchor=(774,332)] Pixie: battlefield perception ACQUIRED an unresolved hostile silhouette - distance 398.0 / map diagonal 1654.6, clear horizon 988.8, effective range 902.4, confidence 0.37, uncertainty 6.5 cells, soft occlusion 0.57 [plants 60, trees 0, partial cover 8, smoke 0], target glow 1.00, Sight 1.00 (range factor 0.92), medium/long acuity 1.00/1.00 -> distance factor 1.00, dark adaptation 0.00 -> light factor 1.00, weather factor 1.00, skill factor 0.99 [Shooting 8, Intellectual 4], limiting factor flora/cover/smoke 0.57, identified False, sources none
[CA][tick=13741][map=0][actor=Human97560@(674,382)] Dax: updates welfare concern 425 - state Unassessed -> Unassessed, downed True -> True, cell (692, 0, 386) -> (692, 0, 386), evidence Visual/Voice -> Visual/None, revision 3
[CA][tick=13771][map=0][actor=Human97593@(672,381)] Kana: updates welfare concern 425 - state Unassessed -> Unassessed, downed True -> True, cell (692, 0, 386) -> (692, 0, 386), evidence Visual/Voice -> Visual/None, revision 3
[CA][TickProbe] 300 ticks, ms/tick: total 36.17; mapPre 0.58; listNormal 19.34; listRare 0.01; listLong 2.98; world 0.43; story 0.00; mapPost 12.54 [animals 0.00; plants 0.73; power 0.04; steady 9.13; components 1.64; gas 0.00; pollution 0.00; lords 0.03; resources 0.00; fireWatch 0.00; flecks 0.29; postOther 0.00]; gameComp 0.01; other 0.28; post:GameConditionManager 0.01; post:TempTerrainManager 0.63; post:DeferredSpawner 0.00; post:PassingShipManager 0.00; post:DebugCellDrawer 0.00; post:VoluntarilyJoinableLordsStarter 0.00; post:WeatherManager 0.02; post:WeatherDecider 0.01; post:EffecterMaintainer 0.00; comp:KnowledgeMapComponent 1.15; comp:CASpatialCombatMemoryMapComponent 0.18; comp:FishShadowComponent 0.14; comp:CADraftedCombatInitiativeMapComponent 0.06; comp:EquipTransitionMapComponent 0.01; comp:SquadSupportMapComponent 0.00
[CA][tick=13801][map=0][actor=Human97601@(665,391)] Thaarath: updates welfare concern 425 - state Unassessed -> Unassessed, downed True -> True, cell (692, 0, 386) -> (692, 0, 386), evidence Visual/None -> Visual/Voice, revision 3
[CA][tick=13845][map=0][actor=Human428@(772,332)] Pixie: protective apparel SKIPPED - no permitted compatible protective apparel within 36 cells
[CA][tick=13861][map=0][actor=Human428@(772,332)][contact=(992,659)] Pixie: SPOTS an unresolved hostile silhouette [hostile-id 98417, copied-cell (992, 0, 659), source-tick 13861, acquired-tick 13861, evidence Visual, source-id 98417, confidence 0.38, uncertainty 6.30, delivery None, reporter-id 428, state Active]
[CA][tick=13861][map=0][actor=Human428@(772,332)][contact=(992,659)][anchor=(772,332)] Pixie: battlefield perception ACQUIRED an unresolved hostile silhouette - distance 394.1 / map diagonal 1654.6, clear horizon 988.8, effective range 902.4, confidence 0.38, uncertainty 6.3 cells, soft occlusion 0.55 [plants 64, trees 0, partial cover 6, smoke 0], target glow 1.00, Sight 1.00 (range factor 0.92), medium/long acuity 1.00/1.00 -> distance factor 1.00, dark adaptation 0.00 -> light factor 1.00, weather factor 1.00, skill factor 0.99 [Shooting 8, Intellectual 4], limiting factor flora/cover/smoke 0.58, identified False, sources none
[CA][tick=13981][map=0][actor=Human97560@(670,381)] Dax: updates welfare concern 425 - state Unassessed -> Unassessed, downed True -> True, cell (692, 0, 386) -> (692, 0, 386), evidence Visual/None -> Visual/Voice, revision 4
[CA][tick=14070][map=0][actor=Human431@(841,320)][target=Human97626@(674,384)][contact=(674,384)][destination=(841,320)][anchor=(841,320)][origin=player-delegated][controller=fire-position][episode=38][behavior=combat.fire_position_adjustment][authority=PlayerDelegated:player delegation][issuer=431] Hampton: cannot recover a firing solution after matchup revalidation (target distance 178.8, cover 0.00, lane risk 1.00, friendly-sector risk 0.00, support 0.00, pressure 0.00, crowding 0.00, force 2.00/0.00, hazard 0.00; competence Shooting 4, Intellectual 8, tactical synthesis 0.29, decision delay 145 ticks, search radius 7.4 cells, bounded approach 3.3 cells; condition pain 0.00, consciousness 1.00, movement 1.00, manipulation 1.00, breathing 1.00, blood-pumping 1.00, blood-loss 0.00, bleed 0.00, vital-injury no, death-in-ticks none, combat-power 1.00)
[CA][TickProbe] 300 ticks, ms/tick: total 35.79; mapPre 0.58; listNormal 19.03; listRare 0.01; listLong 2.87; world 0.42; story 0.01; mapPost 12.59 [animals 0.00; plants 0.77; power 0.04; steady 8.69; components 2.11; gas 0.00; pollution 0.00; lords 0.03; resources 0.00; fireWatch 0.00; flecks 0.28; postOther 0.01]; gameComp 0.01; other 0.27; post:GameConditionManager 0.01; post:TempTerrainManager 0.61; post:DeferredSpawner 0.00; post:PassingShipManager 0.00; post:DebugCellDrawer 0.00; post:VoluntarilyJoinableLordsStarter 0.00; post:WeatherManager 0.02; post:WeatherDecider 0.01; post:EffecterMaintainer 0.00; comp:KnowledgeMapComponent 1.09; comp:CASettlementWorksMapComponent 0.52; comp:CASpatialCombatMemoryMapComponent 0.19; comp:FishShadowComponent 0.14; comp:CADraftedCombatInitiativeMapComponent 0.05; comp:EquipTransitionMapComponent 0.01
[CA][tick=14161][map=0][actor=Human97626@(674,382)] Grell: updates welfare concern 425 - state Unassessed -> Unassessed, downed True -> True, cell (692, 0, 386) -> (692, 0, 386), evidence Visual/Voice -> Visual/None, revision 4
[CA][tick=14220][map=0][actor=Human431@(841,320)] Hampton: protective apparel SKIPPED - no permitted compatible protective apparel within 36 cells
[CA][tick=14221][map=0][actor=Human97593@(669,381)] Kana: updates welfare concern 425 - state Unassessed -> Unassessed, downed True -> True, cell (692, 0, 386) -> (692, 0, 386), evidence Visual/None -> Visual/Voice, revision 4
[CA][tick=14400][map=0][actor=Human431@(840,320)][target=Human97655@(674,384)][contact=(674,384)][destination=(840,320)][anchor=(840,320)][origin=player-delegated][controller=fire-position][episode=39][behavior=combat.fire_position_adjustment][authority=PlayerDelegated:player delegation][issuer=431] Hampton: cannot recover a firing solution after matchup revalidation (target distance 177.9, cover 0.00, lane risk 1.00, friendly-sector risk 0.00, support 0.00, pressure 0.00, crowding 0.00, force 2.00/0.00, hazard 0.00; competence Shooting 4, Intellectual 8, tactical synthesis 0.29, decision delay 145 ticks, search radius 7.4 cells, bounded approach 3.3 cells; condition pain 0.00, consciousness 1.00, movement 1.00, manipulation 1.00, breathing 1.00, blood-pumping 1.00, blood-loss 0.00, bleed 0.00, vital-injury no, death-in-ticks none, combat-power 1.00)
[CA][TickProbe] 300 ticks, ms/tick: total 35.31; mapPre 0.58; listNormal 19.06; listRare 0.01; listLong 2.93; world 0.42; story 0.00; mapPost 12.02 [animals 0.00; plants 0.73; power 0.04; steady 8.66; components 1.61; gas 0.00; pollution 0.00; lords 0.03; resources 0.00; fireWatch 0.00; flecks 0.29; postOther 0.00]; gameComp 0.01; other 0.27; post:GameConditionManager 0.01; post:TempTerrainManager 0.61; post:DeferredSpawner 0.00; post:PassingShipManager 0.00; post:DebugCellDrawer 0.00; post:VoluntarilyJoinableLordsStarter 0.00; post:WeatherManager 0.02; post:WeatherDecider 0.01; post:EffecterMaintainer 0.00; comp:KnowledgeMapComponent 1.11; comp:CASpatialCombatMemoryMapComponent 0.19; comp:FishShadowComponent 0.15; comp:CADraftedCombatInitiativeMapComponent 0.06; comp:EquipTransitionMapComponent 0.01; comp:AudibleCueMapComponent 0.00
[CA][tick=14445][map=0][actor=Human428@(760,332)] Pixie: protective apparel SKIPPED - no permitted compatible protective apparel within 36 cells
[CA][tick=14551][map=0][actor=Human431@(837,321)][contact=(674,384)] Hampton: SPOTS Tasya [hostile-id 97608, copied-cell (674, 0, 384), source-tick 14551, acquired-tick 14551, evidence Visual, source-id 97608, confidence 0.56, uncertainty 4.44, delivery None, reporter-id 431, state Active]
[CA][tick=14551][map=0][actor=Human431@(837,321)][contact=(674,384)][anchor=(837,321)] Hampton: battlefield perception ACQUIRED Tasya - distance 174.8 / map diagonal 1654.6, clear horizon 988.8, effective range 893.7, confidence 0.56, uncertainty 4.4 cells, soft occlusion 0.37 [plants 22, trees 0, partial cover 9, smoke 0], target glow 1.00, Sight 1.00 (range factor 0.92), medium/long acuity 1.00/1.00 -> distance factor 1.00, dark adaptation 0.00 -> light factor 1.00, weather factor 1.00, skill factor 0.98 [Shooting 4, Intellectual 8], limiting factor flora/cover/smoke 0.69, identified True, sources none
[CA][tick=14551][map=0][actor=Human431@(837,321)][contact=(674,384)] Hampton: SPOTS Mash [hostile-id 97582, copied-cell (674, 0, 384), source-tick 14551, acquired-tick 14551, evidence Visual, source-id 97582, confidence 0.56, uncertainty 4.44, delivery None, reporter-id 431, state Active]
[CA][tick=14551][map=0][actor=Human431@(837,321)][contact=(674,384)][anchor=(837,321)] Hampton: battlefield perception ACQUIRED Mash - distance 174.8 / map diagonal 1654.6, clear horizon 988.8, effective range 893.7, confidence 0.56, uncertainty 4.4 cells, soft occlusion 0.37 [plants 22, trees 0, partial cover 9, smoke 0], target glow 1.00, Sight 1.00 (range factor 0.92), medium/long acuity 1.00/1.00 -> distance factor 1.00, dark adaptation 0.00 -> light factor 1.00, weather factor 1.00, skill factor 0.98 [Shooting 4, Intellectual 8], limiting factor flora/cover/smoke 0.69, identified True, sources none
[CA][tick=14610][map=0][actor=Human431@(836,321)][target=Human97582@(675,384)][contact=(675,384)][destination=(836,321)][anchor=(836,321)][origin=player-delegated][controller=fire-position][episode=40][behavior=combat.fire_position_adjustment][authority=PlayerDelegated:player delegation][issuer=431] Hampton: cannot recover a firing solution after matchup revalidation (target distance 172.9, cover 0.00, lane risk 1.00, friendly-sector risk 0.00, support 0.00, pressure 0.00, crowding 0.00, force 2.00/0.00, hazard 0.00; competence Shooting 4, Intellectual 8, tactical synthesis 0.29, decision delay 145 ticks, search radius 7.4 cells, bounded approach 3.3 cells; condition pain 0.00, consciousness 1.00, movement 1.00, manipulation 1.00, breathing 1.00, blood-pumping 1.00, blood-loss 0.00, bleed 0.00, vital-injury no, death-in-ticks none, combat-power 1.00)
[CA][tick=14671][map=0][actor=Human428@(756,334)][contact=(994,663)] Pixie: SPOTS an unresolved hostile silhouette [hostile-id 98326, copied-cell (994, 0, 663), source-tick 14671, acquired-tick 14671, evidence Visual, source-id 98326, confidence 0.27, uncertainty 7.73, delivery None, reporter-id 428, state Active]
[CA][tick=14671][map=0][actor=Human428@(756,334)][contact=(994,663)][anchor=(756,334)] Pixie: battlefield perception ACQUIRED an unresolved hostile silhouette - distance 406.1 / map diagonal 1654.6, clear horizon 988.8, effective range 902.4, confidence 0.27, uncertainty 7.7 cells, soft occlusion 0.77 [plants 68, trees 0, partial cover 13, smoke 0], target glow 1.00, Sight 1.00 (range factor 0.92), medium/long acuity 1.00/1.00 -> distance factor 1.00, dark adaptation 0.00 -> light factor 1.00, weather factor 1.00, skill factor 0.99 [Shooting 8, Intellectual 4], limiting factor flora/cover/smoke 0.46, identified False, sources none
[CA][tick=14671][map=0][actor=Human97608@(674,382)] Tasya: updates welfare concern 425 - state Unassessed -> Unassessed, downed True -> True, cell (692, 0, 386) -> (692, 0, 386), evidence Visual/Voice -> Visual/None, revision 2
[CA][tick=14671][map=0][actor=Human97560@(673,381)] Dax: updates welfare concern 425 - state Unassessed -> Unassessed, downed True -> True, cell (692, 0, 386) -> (692, 0, 386), evidence Visual/Voice -> Visual/None, revision 5
[CA][tick=14700][map=0][actor=Human431@(834,321)][target=Human97560@(675,382)][contact=(675,382)][destination=(834,321)][anchor=(834,321)][origin=player-delegated][controller=fire-position][episode=41][behavior=combat.fire_position_adjustment][authority=PlayerDelegated:player delegation][issuer=431] Hampton: cannot recover a firing solution after matchup revalidation (target distance 170.3, cover 0.00, lane risk 1.00, friendly-sector risk 0.00, support 0.00, pressure 0.00, crowding 0.00, force 2.00/0.00, hazard 0.00; competence Shooting 4, Intellectual 8, tactical synthesis 0.29, decision delay 145 ticks, search radius 7.4 cells, bounded approach 3.3 cells; condition pain 0.00, consciousness 1.00, movement 1.00, manipulation 1.00, breathing 1.00, blood-pumping 1.00, blood-loss 0.00, bleed 0.00, vital-injury no, death-in-ticks none, combat-power 1.00)
[CA][TickProbe] 300 ticks, ms/tick: total 28.98; mapPre 0.56; listNormal 12.03; listRare 0.01; listLong 3.00; world 0.45; story 0.00; mapPost 12.64 [animals 0.00; plants 0.88; power 0.04; steady 9.09; components 1.67; gas 0.00; pollution 0.00; lords 0.04; resources 0.00; fireWatch 0.00; flecks 0.23; postOther 0.00]; gameComp 0.01; other 0.28; post:GameConditionManager 0.01; post:TempTerrainManager 0.63; post:DeferredSpawner 0.00; post:PassingShipManager 0.00; post:DebugCellDrawer 0.00; post:VoluntarilyJoinableLordsStarter 0.00; post:WeatherManager 0.02; post:WeatherDecider 0.01; post:EffecterMaintainer 0.00; comp:KnowledgeMapComponent 1.13; comp:CASpatialCombatMemoryMapComponent 0.20; comp:FishShadowComponent 0.15; comp:CADraftedCombatInitiativeMapComponent 0.06; comp:EquipTransitionMapComponent 0.01; comp:CACombatRecoveryMapComponent 0.01
[CA][tick=14701][map=0][actor=Human97655@(675,382)] Jet: updates welfare concern 425 - state Unassessed -> Unassessed, downed True -> True, cell (692, 0, 386) -> (692, 0, 386), evidence Visual/Voice -> Visual/None, revision 4
[CA][tick=14701][map=0][actor=Human97626@(667,380)] Grell: updates welfare concern 425 - state Unassessed -> Unassessed, downed True -> True, cell (692, 0, 386) -> (692, 0, 386), evidence Visual/None -> Visual/Voice, revision 5
[CA][tick=14730][map=0][actor=Human431@(833,321)][target=Human97655@(675,382)][contact=(675,382)][destination=(833,321)][anchor=(833,321)][origin=player-delegated][controller=fire-position][episode=42][behavior=combat.fire_position_adjustment][authority=PlayerDelegated:player delegation][issuer=431] Hampton: cannot recover a firing solution after matchup revalidation (target distance 169.4, cover 0.00, lane risk 1.00, friendly-sector risk 0.00, support 0.00, pressure 0.00, crowding 0.00, force 2.00/0.00, hazard 0.00; competence Shooting 4, Intellectual 8, tactical synthesis 0.29, decision delay 145 ticks, search radius 7.4 cells, bounded approach 3.3 cells; condition pain 0.00, consciousness 1.00, movement 1.00, manipulation 1.00, breathing 1.00, blood-pumping 1.00, blood-loss 0.00, bleed 0.00, vital-injury no, death-in-ticks none, combat-power 1.00)
[CA][tick=14761][map=0][actor=Human97560@(674,386)] Dax: updates welfare concern 425 - state Unassessed -> Unassessed, downed True -> True, cell (692, 0, 386) -> (692, 0, 386), evidence Visual/None -> Visual/Voice, revision 6
[CA][tick=14790][map=0][actor=Human431@(832,321)][target=Human97582@(675,384)][contact=(675,384)][destination=(832,321)][anchor=(832,321)][origin=player-delegated][controller=fire-position][episode=43][behavior=combat.fire_position_adjustment][authority=PlayerDelegated:player delegation][issuer=431] Hampton: cannot recover a firing solution after matchup revalidation (target distance 169.2, cover 0.00, lane risk 1.00, friendly-sector risk 0.00, support 0.00, pressure 0.00, crowding 0.00, force 2.00/0.00, hazard 0.00; competence Shooting 4, Intellectual 8, tactical synthesis 0.29, decision delay 145 ticks, search radius 7.4 cells, bounded approach 3.3 cells; condition pain 0.00, consciousness 1.00, movement 1.00, manipulation 1.00, breathing 1.00, blood-pumping 1.00, blood-loss 0.00, bleed 0.00, vital-injury no, death-in-ticks none, combat-power 1.00)
[CA][tick=14820][map=0][actor=Human431@(832,321)] Hampton: protective apparel SKIPPED - no permitted compatible protective apparel within 36 cells
[CA][tick=14881][map=0][actor=Human97626@(667,379)] Grell: updates welfare concern 425 - state Unassessed -> Unassessed, downed True -> True, cell (692, 0, 386) -> (692, 0, 386), evidence Visual/Voice -> Visual/None, revision 6
[CA][tick=14941][map=0][actor=Human97608@(671,381)] Tasya: updates welfare concern 425 - state Unassessed -> Unassessed, downed True -> True, cell (692, 0, 386) -> (692, 0, 386), evidence Visual/None -> Visual/Voice, revision 3
[CA][TickProbe] 300 ticks, ms/tick: total 28.29; mapPre 0.53; listNormal 11.21; listRare 0.01; listLong 2.88; world 1.60; story 0.01; mapPost 11.79 [animals 0.00; plants 0.63; power 0.04; steady 8.32; components 1.93; gas 0.00; pollution 0.00; lords 0.03; resources 0.00; fireWatch 0.00; flecks 0.22; postOther 0.00]; gameComp 0.01; other 0.27; post:GameConditionManager 0.01; post:TempTerrainManager 0.58; post:DeferredSpawner 0.00; post:PassingShipManager 0.00; post:DebugCellDrawer 0.00; post:VoluntarilyJoinableLordsStarter 0.00; post:WeatherManager 0.01; post:WeatherDecider 0.01; post:EffecterMaintainer 0.00; comp:KnowledgeMapComponent 1.06; comp:CARegionalSettlementMapComponent 0.39; comp:CASpatialCombatMemoryMapComponent 0.18; comp:FishShadowComponent 0.13; comp:CADraftedCombatInitiativeMapComponent 0.05; comp:BridgeDecayMapComponent 0.01
[CA][tick=15045][map=0][actor=Human428@(748,340)] Pixie: protective apparel SKIPPED - no permitted compatible protective apparel within 36 cells
[CA][tick=15061][map=0][actor=Human97582@(675,383)] Mash: updates welfare concern 425 - state Unassessed -> Unassessed, downed True -> True, cell (692, 0, 386) -> (692, 0, 386), evidence Visual/Voice -> Visual/None, revision 2
[CA][tick=15151][map=0][actor=Human98737@(626,888)][contact=(561,460)] Bells: SPOTS an unresolved hostile silhouette [hostile-id 97977, copied-cell (561, 0, 460), source-tick 15151, acquired-tick 15151, evidence Visual, source-id 97977, confidence 0.32, uncertainty 7.12, delivery None, reporter-id 98737, state Active]
[CA][tick=15151][map=0][actor=Human98737@(626,888)][contact=(561,460)][anchor=(626,888)] Bells: battlefield perception ACQUIRED an unresolved hostile silhouette - distance 432.9 / map diagonal 1654.6, clear horizon 988.8, effective range 901.7, confidence 0.32, uncertainty 7.1 cells, soft occlusion 0.66 [plants 55, trees 0, partial cover 12, smoke 0], target glow 1.00, Sight 1.00 (range factor 0.92), medium/long acuity 1.00/1.00 -> distance factor 1.00, dark adaptation 0.00 -> light factor 1.00, weather factor 1.00, skill factor 0.99 [Shooting 10, Intellectual 0], limiting factor flora/cover/smoke 0.52, identified False, sources none
[CA][tick=15180][map=0][actor=Human431@(824,323)][target=Human97626@(671,375)][contact=(671,375)][destination=(824,323)][anchor=(824,323)][origin=player-delegated][controller=fire-position][episode=44][behavior=combat.fire_position_adjustment][authority=PlayerDelegated:player delegation][issuer=431] Hampton: cannot recover a firing solution after matchup revalidation (target distance 161.6, cover 0.00, lane risk 1.00, friendly-sector risk 0.00, support 0.00, pressure 0.00, crowding 0.00, force 2.00/0.00, hazard 0.00; competence Shooting 4, Intellectual 8, tactical synthesis 0.29, decision delay 145 ticks, search radius 7.4 cells, bounded approach 3.3 cells; condition pain 0.00, consciousness 1.00, movement 1.00, manipulation 1.00, breathing 1.00, blood-pumping 1.00, blood-loss 0.00, bleed 0.00, vital-injury no, death-in-ticks none, combat-power 1.00)
[CA][tick=15181][map=0][actor=Human98676@(618,888)][contact=(561,460)] Chili: is told about a contact [hostile-id 97977, copied-cell (561, 0, 460), source-tick 15181, acquired-tick 15181, evidence Visual, source-id 97977, confidence 1.00, uncertainty 0.00, delivery Voice, reporter-id 98737, state Active]
[CA][tick=15241][map=0][actor=Human98770@(611,891)][contact=(561,461)] Niko: is told about a contact [hostile-id 97977, copied-cell (561, 0, 461), source-tick 15211, acquired-tick 15241, evidence Visual, source-id 97977, confidence 1.00, uncertainty 0.00, delivery Voice, reporter-id 98737, state Active]
[CA][tick=15241][map=0][actor=Human98762@(613,887)][contact=(561,461)] Pepper: is told about a contact [hostile-id 97977, copied-cell (561, 0, 461), source-tick 15211, acquired-tick 15241, evidence Visual, source-id 97977, confidence 1.00, uncertainty 0.00, delivery Voice, reporter-id 98737, state Active]
[CA][tick=15241][map=0][actor=Human98730@(614,893)][contact=(561,461)] Hotaru: is told about a contact [hostile-id 97977, copied-cell (561, 0, 461), source-tick 15211, acquired-tick 15241, evidence Visual, source-id 97977, confidence 1.00, uncertainty 0.00, delivery Voice, reporter-id 98737, state Active]
[CA][tick=15241][map=0][actor=Human98722@(610,890)][contact=(561,461)] Lasse: is told about a contact [hostile-id 97977, copied-cell (561, 0, 461), source-tick 15211, acquired-tick 15241, evidence Visual, source-id 97977, confidence 1.00, uncertainty 0.00, delivery Voice, reporter-id 98737, state Active]
[CA][tick=15241][map=0][actor=Human98778@(618,902)][contact=(561,460)] Dina: is told about a contact [hostile-id 97977, copied-cell (561, 0, 460), source-tick 15181, acquired-tick 15241, evidence Visual, source-id 97977, confidence 1.00, uncertainty 0.00, delivery Voice, reporter-id 98676, state Active]
[CA][tick=15241][map=0][actor=Human98713@(617,900)][contact=(561,460)] Furr: is told about a contact [hostile-id 97977, copied-cell (561, 0, 460), source-tick 15181, acquired-tick 15241, evidence Visual, source-id 97977, confidence 1.00, uncertainty 0.00, delivery Voice, reporter-id 98676, state Active]
[CA][tick=15241][map=0][actor=Human98706@(608,899)][contact=(561,460)] Marjot: is told about a contact [hostile-id 97977, copied-cell (561, 0, 460), source-tick 15181, acquired-tick 15241, evidence Visual, source-id 97977, confidence 1.00, uncertainty 0.00, delivery Voice, reporter-id 98676, state Active]
[CA][tick=15241][map=0][actor=Human98699@(609,895)][contact=(561,460)] Greyhound: is told about a contact [hostile-id 97977, copied-cell (561, 0, 460), source-tick 15181, acquired-tick 15241, evidence Visual, source-id 97977, confidence 1.00, uncertainty 0.00, delivery Voice, reporter-id 98676, state Active]
[CA][tick=15241][map=0][actor=Human98692@(607,898)][contact=(561,460)] Art: is told about a contact [hostile-id 97977, copied-cell (561, 0, 460), source-tick 15181, acquired-tick 15241, evidence Visual, source-id 97977, confidence 1.00, uncertainty 0.00, delivery Voice, reporter-id 98676, state Active]
[CA][TickProbe] 300 ticks, ms/tick: total 28.46; mapPre 0.58; listNormal 12.10; listRare 0.01; listLong 2.84; world 0.98; story 0.00; mapPost 11.67 [animals 0.00; plants 0.66; power 0.04; steady 8.34; components 1.71; gas 0.00; pollution 0.00; lords 0.03; resources 0.00; fireWatch 0.00; flecks 0.26; postOther 0.00]; gameComp 0.01; other 0.27; post:GameConditionManager 0.01; post:TempTerrainManager 0.58; post:DeferredSpawner 0.00; post:PassingShipManager 0.00; post:DebugCellDrawer 0.00; post:VoluntarilyJoinableLordsStarter 0.00; post:WeatherManager 0.01; post:WeatherDecider 0.01; post:EffecterMaintainer 0.00; comp:KnowledgeMapComponent 1.04; comp:CASpatialCombatMemoryMapComponent 0.19; comp:CASettlementPlanningContextMapComponent 0.18; comp:FishShadowComponent 0.15; comp:CADraftedCombatInitiativeMapComponent 0.06; comp:EquipTransitionMapComponent 0.01
[CA][tick=15301][map=0][actor=Human98747@(605,894)][contact=(561,461)] Hanna: is told about a contact [hostile-id 97977, copied-cell (561, 0, 461), source-tick 15211, acquired-tick 15301, evidence Visual, source-id 97977, confidence 1.00, uncertainty 0.00, delivery Voice, reporter-id 98770, state Active]
[CA][tick=15301][map=0][actor=Human98684@(606,884)][contact=(561,461)] Cella: is told about a contact [hostile-id 97977, copied-cell (561, 0, 461), source-tick 15211, acquired-tick 15301, evidence Visual, source-id 97977, confidence 1.00, uncertainty 0.00, delivery Voice, reporter-id 98770, state Active]
[CA][tick=15301][map=0][actor=Human98755@(601,898)][contact=(561,460)] Oink: is told about a contact [hostile-id 97977, copied-cell (561, 0, 460), source-tick 15181, acquired-tick 15301, evidence Visual, source-id 97977, confidence 1.00, uncertainty 0.00, delivery Voice, reporter-id 98706, state Active]
[CA][tick=15360][map=0][actor=Human431@(821,325)][target=Human97655@(675,382)][contact=(675,382)][destination=(821,325)][anchor=(821,325)][origin=player-delegated][controller=fire-position][episode=45][behavior=combat.fire_position_adjustment][authority=PlayerDelegated:player delegation][issuer=431] Hampton: cannot recover a firing solution after matchup revalidation (target distance 156.7, cover 0.00, lane risk 1.00, friendly-sector risk 0.00, support 0.00, pressure 0.00, crowding 0.00, force 2.00/0.00, hazard 0.00; competence Shooting 4, Intellectual 8, tactical synthesis 0.29, decision delay 145 ticks, search radius 7.4 cells, bounded approach 3.3 cells; condition pain 0.00, consciousness 1.00, movement 1.00, manipulation 1.00, breathing 1.00, blood-pumping 1.00, blood-loss 0.00, bleed 0.00, vital-injury no, death-in-ticks none, combat-power 1.00)
[CA][tick=15361][map=0][actor=Human428@(742,346)][contact=(1002,666)] Pixie: SPOTS an unresolved hostile silhouette [hostile-id 98410, copied-cell (1002, 0, 666), source-tick 15361, acquired-tick 15361, evidence Visual, source-id 98410, confidence 0.21, uncertainty 8.30, delivery None, reporter-id 428, state Active]
[CA][tick=15361][map=0][actor=Human428@(742,346)][contact=(1002,666)][anchor=(742,346)] Pixie: battlefield perception ACQUIRED an unresolved hostile silhouette - distance 412.3 / map diagonal 1654.6, clear horizon 988.8, effective range 902.4, confidence 0.21, uncertainty 8.3 cells, soft occlusion 0.79 [plants 74, trees 0, partial cover 12, smoke 0], target glow 1.00, Sight 1.00 (range factor 0.92), medium/long acuity 1.00/1.00 -> distance factor 1.00, dark adaptation 0.00 -> light factor 1.00, weather factor 1.00, skill factor 0.99 [Shooting 8, Intellectual 4], limiting factor flora/cover/smoke 0.45, identified False, sources none
[CA][tick=15361][map=0][actor=Human98770@(609,889)][contact=(574,449)] Niko: is told about a contact [hostile-id 98003, copied-cell (574, 0, 449), source-tick 15301, acquired-tick 15361, evidence Visual, source-id 98003, confidence 1.00, uncertainty 0.00, delivery Voice, reporter-id 98730, state Active]
[CA][tick=15361][map=0][actor=Human98762@(613,887)][contact=(574,449)] Pepper: is told about a contact [hostile-id 98003, copied-cell (574, 0, 449), source-tick 15301, acquired-tick 15361, evidence Visual, source-id 98003, confidence 1.00, uncertainty 0.00, delivery Voice, reporter-id 98730, state Active]
[CA][tick=15361][map=0][actor=Human98747@(605,894)][contact=(574,449)] Hanna: is told about a contact [hostile-id 98003, copied-cell (574, 0, 449), source-tick 15301, acquired-tick 15361, evidence Visual, source-id 98003, confidence 1.00, uncertainty 0.00, delivery Voice, reporter-id 98730, state Active]
[CA][tick=15361][map=0][actor=Human98737@(609,887)][contact=(574,449)] Bells: is told about a contact [hostile-id 98003, copied-cell (574, 0, 449), source-tick 15301, acquired-tick 15361, evidence Visual, source-id 98003, confidence 1.00, uncertainty 0.00, delivery Voice, reporter-id 98730, state Active]
[CA][tick=15361][map=0][actor=Human98722@(609,889)][contact=(574,449)] Lasse: is told about a contact [hostile-id 98003, copied-cell (574, 0, 449), source-tick 15301, acquired-tick 15361, evidence Visual, source-id 98003, confidence 1.00, uncertainty 0.00, delivery Voice, reporter-id 98730, state Active]
[CA][tick=15361][map=0][actor=Human98755@(600,898)][contact=(574,449)] Oink: is told about a contact [hostile-id 98003, copied-cell (574, 0, 449), source-tick 15301, acquired-tick 15361, evidence Visual, source-id 98003, confidence 1.00, uncertainty 0.00, delivery Voice, reporter-id 98706, state Active]
[CA][tick=15361][map=0][actor=Human98692@(605,898)][contact=(574,449)] Art: is told about a contact [hostile-id 98003, copied-cell (574, 0, 449), source-tick 15301, acquired-tick 15361, evidence Visual, source-id 98003, confidence 1.00, uncertainty 0.00, delivery Voice, reporter-id 98706, state Active]
[CA][tick=15361][map=0][actor=Human98684@(606,884)][contact=(574,449)] Cella: is told about a contact [hostile-id 98003, copied-cell (574, 0, 449), source-tick 15301, acquired-tick 15361, evidence Visual, source-id 98003, confidence 1.00, uncertainty 0.00, delivery Voice, reporter-id 98699, state Active]
[CA][tick=15420][map=0][actor=Human431@(820,326)] Hampton: protective apparel SKIPPED - no permitted compatible protective apparel within 36 cells
[CA][tick=15421][map=0][actor=Human97655@(674,387)] Jet: updates welfare concern 425 - state Unassessed -> Unassessed, downed True -> True, cell (692, 0, 386) -> (692, 0, 386), evidence Visual/None -> Visual/Voice, revision 5
[CA][TickProbe] 300 ticks, ms/tick: total 26.62; mapPre 0.57; listNormal 11.47; listRare 0.01; listLong 2.85; world 0.16; story 0.00; mapPost 11.28 [animals 0.00; plants 0.72; power 0.04; steady 8.08; components 1.55; gas 0.00; pollution 0.00; lords 0.03; resources 0.00; fireWatch 0.00; flecks 0.24; postOther 0.00]; gameComp 0.01; other 0.26; post:GameConditionManager 0.01; post:TempTerrainManager 0.58; post:DeferredSpawner 0.00; post:PassingShipManager 0.00; post:DebugCellDrawer 0.00; post:VoluntarilyJoinableLordsStarter 0.00; post:WeatherManager 0.02; post:WeatherDecider 0.01; post:EffecterMaintainer 0.00; comp:KnowledgeMapComponent 1.06; comp:CASpatialCombatMemoryMapComponent 0.19; comp:FishShadowComponent 0.15; comp:CADraftedCombatInitiativeMapComponent 0.05; comp:EquipTransitionMapComponent 0.01; comp:SquadSupportMapComponent 0.00
[CA][tick=15645][map=0][actor=Human428@(736,352)] Pixie: protective apparel SKIPPED - no permitted compatible protective apparel within 36 cells
[CA][tick=15810][map=0][actor=Human431@(812,328)][target=Human97567@(674,384)][contact=(674,384)][destination=(812,328)][anchor=(812,328)][origin=player-delegated][controller=fire-position][episode=46][behavior=combat.fire_position_adjustment][authority=PlayerDelegated:player delegation][issuer=431] Hampton: cannot recover a firing solution after matchup revalidation (target distance 148.9, cover 0.00, lane risk 1.00, friendly-sector risk 0.00, support 0.00, pressure 0.00, crowding 0.00, force 2.00/0.00, hazard 0.00; competence Shooting 4, Intellectual 8, tactical synthesis 0.29, decision delay 145 ticks, search radius 7.4 cells, bounded approach 3.3 cells; condition pain 0.00, consciousness 1.00, movement 1.00, manipulation 1.00, breathing 1.00, blood-pumping 1.00, blood-loss 0.00, bleed 0.00, vital-injury no, death-in-ticks none, combat-power 1.00)
[CA][tick=15840][map=0][actor=Human431@(811,328)][target=Human97582@(677,373)][contact=(677,373)][destination=(811,328)][anchor=(811,328)][origin=player-delegated][controller=fire-position][episode=47][behavior=combat.fire_position_adjustment][authority=PlayerDelegated:player delegation][issuer=431] Hampton: cannot recover a firing solution after matchup revalidation (target distance 141.4, cover 0.00, lane risk 1.00, friendly-sector risk 0.00, support 0.00, pressure 0.00, crowding 0.00, force 2.00/0.00, hazard 0.00; competence Shooting 4, Intellectual 8, tactical synthesis 0.29, decision delay 145 ticks, search radius 7.4 cells, bounded approach 3.3 cells; condition pain 0.00, consciousness 1.00, movement 1.00, manipulation 1.00, breathing 1.00, blood-pumping 1.00, blood-loss 0.00, bleed 0.00, vital-injury no, death-in-ticks none, combat-power 1.00)
[CA][tick=15870][map=0][actor=Human431@(811,328)][target=Human97567@(674,383)][contact=(674,383)][destination=(811,328)][anchor=(811,328)][origin=player-delegated][controller=fire-position][episode=48][behavior=combat.fire_position_adjustment][authority=PlayerDelegated:player delegation][issuer=431] Hampton: cannot recover a firing solution after matchup revalidation (target distance 147.6, cover 0.00, lane risk 1.00, friendly-sector risk 0.00, support 0.00, pressure 0.00, crowding 0.00, force 2.00/0.00, hazard 0.00; competence Shooting 4, Intellectual 8, tactical synthesis 0.29, decision delay 145 ticks, search radius 7.4 cells, bounded approach 3.3 cells; condition pain 0.00, consciousness 1.00, movement 1.00, manipulation 1.00, breathing 1.00, blood-pumping 1.00, blood-loss 0.00, bleed 0.00, vital-injury no, death-in-ticks none, combat-power 1.00)
[CA][tick=15871][map=0][actor=Human97977@(567,466)][contact=(620,887)] Parsons: SPOTS an unresolved hostile silhouette [hostile-id 98762, copied-cell (620, 0, 887), source-tick 15871, acquired-tick 15871, evidence Visual, source-id 98762, confidence 0.31, uncertainty 7.19, delivery None, reporter-id 97977, state Active]
[CA][tick=15871][map=0][actor=Human97977@(567,466)][contact=(620,887)][anchor=(567,466)] Parsons: battlefield perception ACQUIRED an unresolved hostile silhouette - distance 424.3 / map diagonal 1654.6, clear horizon 988.8, effective range 914.4, confidence 0.31, uncertainty 7.2 cells, soft occlusion 0.67 [plants 60, trees 0, partial cover 12, smoke 0], target glow 1.00, Sight 1.00 (range factor 0.92), medium/long acuity 1.00/1.00 -> distance factor 1.00, dark adaptation 0.00 -> light factor 1.00, weather factor 1.00, skill factor 1.01 [Shooting 10, Intellectual 5], limiting factor flora/cover/smoke 0.51, identified False, sources none
[CA][TickProbe] 300 ticks, ms/tick: total 27.06; mapPre 0.55; listNormal 11.58; listRare 0.01; listLong 2.91; world 0.17; story 0.00; mapPost 11.56 [animals 0.00; plants 0.68; power 0.04; steady 8.30; components 1.61; gas 0.00; pollution 0.00; lords 0.03; resources 0.00; fireWatch 0.00; flecks 0.24; postOther 0.00]; gameComp 0.01; other 0.28; post:GameConditionManager 0.01; post:TempTerrainManager 0.60; post:DeferredSpawner 0.00; post:PassingShipManager 0.00; post:DebugCellDrawer 0.00; post:VoluntarilyJoinableLordsStarter 0.00; post:WeatherManager 0.02; post:WeatherDecider 0.01; post:EffecterMaintainer 0.00; comp:KnowledgeMapComponent 1.11; comp:CASpatialCombatMemoryMapComponent 0.19; comp:FishShadowComponent 0.15; comp:CADraftedCombatInitiativeMapComponent 0.06; comp:EquipTransitionMapComponent 0.01; comp:CACombatRecoveryMapComponent 0.01
[CA][tick=15901][map=0][actor=Human97985@(574,450)][contact=(620,887)] Matt: SPOTS Pepper [hostile-id 98762, copied-cell (620, 0, 887), source-tick 15901, acquired-tick 15901, evidence Visual, source-id 98762, confidence 0.50, uncertainty 4.87, delivery None, reporter-id 97985, state Active]
[CA][tick=15901][map=0][actor=Human97985@(574,450)][contact=(620,887)][anchor=(574,450)] Matt: battlefield perception ACQUIRED Pepper - distance 439.4 / map diagonal 1654.6, clear horizon 988.8, effective range 926.8, confidence 0.50, uncertainty 4.9 cells, soft occlusion 0.35 [plants 41, trees 0, partial cover 4, smoke 0], target glow 1.00, Sight 1.00 (range factor 0.92), medium/long acuity 1.00/1.00 -> distance factor 1.00, dark adaptation 0.00 -> light factor 1.00, weather factor 1.00, skill factor 1.02 [Shooting 11, Intellectual 8], limiting factor flora/cover/smoke 0.70, identified True, sources none
[CA][tick=15901][map=0][actor=Human98762@(620,887)][contact=(574,450)] Pepper: SPOTS Matt [hostile-id 97985, copied-cell (574, 0, 450), source-tick 15901, acquired-tick 15901, evidence Visual, source-id 97985, confidence 0.49, uncertainty 4.97, delivery None, reporter-id 98762, state Active]
[CA][tick=15901][map=0][actor=Human98762@(620,887)][contact=(574,450)][anchor=(620,887)] Pepper: battlefield perception ACQUIRED Matt - distance 439.4 / map diagonal 1654.6, clear horizon 988.8, effective range 857.0, confidence 0.49, uncertainty 5.0 cells, soft occlusion 0.35 [plants 41, trees 0, partial cover 4, smoke 0], target glow 1.00, Sight 1.00 (range factor 0.92), medium/long acuity 1.00/1.00 -> distance factor 1.00, dark adaptation 0.00 -> light factor 1.00, weather factor 1.00, skill factor 0.94 [Shooting 0, Intellectual 1], limiting factor flora/cover/smoke 0.70, identified True, sources none
[CA][tick=15901][map=0][actor=Human98730@(619,887)][contact=(574,450)] Hotaru: SPOTS Matt [hostile-id 97985, copied-cell (574, 0, 450), source-tick 15901, acquired-tick 15901, evidence Visual, source-id 97985, confidence 0.43, uncertainty 5.69, delivery None, reporter-id 98730, state Active]
[CA][tick=15901][map=0][actor=Human98730@(619,887)][contact=(574,450)][anchor=(619,887)] Hotaru: battlefield perception ACQUIRED Matt - distance 439.3 / map diagonal 1654.6, clear horizon 988.8, effective range 886.4, confidence 0.43, uncertainty 5.7 cells, soft occlusion 0.45 [plants 58, trees 0, partial cover 4, smoke 0], target glow 1.00, Sight 1.00 (range factor 0.92), medium/long acuity 1.00/1.00 -> distance factor 1.00, dark adaptation 0.00 -> light factor 1.00, weather factor 1.00, skill factor 0.98 [Shooting 3, Intellectual 7], limiting factor flora/cover/smoke 0.64, identified True, sources none
[CA][tick=15901][map=0][actor=Human98699@(618,893)][contact=(574,450)] Greyhound: SPOTS Matt [hostile-id 97985, copied-cell (574, 0, 450), source-tick 15901, acquired-tick 15901, evidence Visual, source-id 97985, confidence 0.47, uncertainty 5.20, delivery None, reporter-id 98699, state Active]
[CA][tick=15901][map=0][actor=Human98699@(618,893)][contact=(574,450)][anchor=(618,893)] Greyhound: battlefield perception ACQUIRED Matt - distance 445.2 / map diagonal 1654.6, clear horizon 988.8, effective range 906.8, confidence 0.47, uncertainty 5.2 cells, soft occlusion 0.39 [plants 52, trees 0, partial cover 2, smoke 0], target glow 1.00, Sight 1.00 (range factor 0.92), medium/long acuity 1.00/1.00 -> distance factor 1.00, dark adaptation 0.00 -> light factor 1.00, weather factor 1.00, skill factor 1.00 [Shooting 10, Intellectual 2], limiting factor flora/cover/smoke 0.68, identified True, sources none
[CA][tick=15901][map=0][actor=Human98008@(565,451)][contact=(620,887)] Pentanet: is told about a contact [hostile-id 98762, copied-cell (620, 0, 887), source-tick 15901, acquired-tick 15901, evidence Visual, source-id 98762, confidence 1.00, uncertainty 0.00, delivery Voice, reporter-id 97985, state Active]
[CA][tick=15901][map=0][actor=Human98003@(580,444)][contact=(620,887)] Veli: is told about a contact [hostile-id 98762, copied-cell (620, 0, 887), source-tick 15901, acquired-tick 15901, evidence Visual, source-id 98762, confidence 1.00, uncertainty 0.00, delivery Voice, reporter-id 97985, state Active]
[CA][tick=15901][map=0][actor=Human97993@(568,454)][contact=(620,887)] Omar: is told about a contact [hostile-id 98762, copied-cell (620, 0, 887), source-tick 15901, acquired-tick 15901, evidence Visual, source-id 98762, confidence 1.00, uncertainty 0.00, delivery Voice, reporter-id 97985, state Active]
[CA][tick=15901][map=0][actor=Human97947@(567,450)][contact=(620,887)] Viktor: is told about a contact [hostile-id 98762, copied-cell (620, 0, 887), source-tick 15901, acquired-tick 15901, evidence Visual, source-id 98762, confidence 1.00, uncertainty 0.00, delivery Voice, reporter-id 97985, state Active]
[CA][tick=15901][map=0][actor=Human97938@(581,451)][contact=(620,887)] Doug: is told about a contact [hostile-id 98762, copied-cell (620, 0, 887), source-tick 15901, acquired-tick 15901, evidence Visual, source-id 98762, confidence 1.00, uncertainty 0.00, delivery Voice, reporter-id 97985, state Active]
[CA][tick=15901][map=0][actor=Human97929@(576,450)][contact=(620,887)] Hahn: is told about a contact [hostile-id 98762, copied-cell (620, 0, 887), source-tick 15901, acquired-tick 15901, evidence Visual, source-id 98762, confidence 1.00, uncertainty 0.00, delivery Voice, reporter-id 97985, state Active]
[CA][tick=15901][map=0][actor=Human98770@(612,893)][contact=(574,450)] Niko: is told about a contact [hostile-id 97985, copied-cell (574, 0, 450), source-tick 15901, acquired-tick 15901, evidence Visual, source-id 97985, confidence 1.00, uncertainty 0.00, delivery Voice, reporter-id 98762, state Active]
[CA][tick=15901][map=0][actor=Human98737@(610,891)][contact=(574,450)] Bells: is told about a contact [hostile-id 97985, copied-cell (574, 0, 450), source-tick 15901, acquired-tick 15901, evidence Visual, source-id 97985, confidence 1.00, uncertainty 0.00, delivery Voice, reporter-id 98762, state Active]
[CA][tick=15901][map=0][actor=Human98722@(612,893)][contact=(574,450)] Lasse: is told about a contact [hostile-id 97985, copied-cell (574, 0, 450), source-tick 15901, acquired-tick 15901, evidence Visual, source-id 97985, confidence 1.00, uncertainty 0.00, delivery Voice, reporter-id 98762, state Active]
[CA][tick=15901][map=0][actor=Human98713@(610,893)][contact=(574,450)] Furr: is told about a contact [hostile-id 97985, copied-cell (574, 0, 450), source-tick 15901, acquired-tick 15901, evidence Visual, source-id 97985, confidence 1.00, uncertainty 0.00, delivery Voice, reporter-id 98762, state Active]
[CA][tick=15901][map=0][actor=Human98706@(617,897)][contact=(574,450)] Marjot: is told about a contact [hostile-id 97985, copied-cell (574, 0, 450), source-tick 15901, acquired-tick 15901, evidence Visual, source-id 97985, confidence 1.00, uncertainty 0.00, delivery Voice, reporter-id 98762, state Active]
[CA][tick=15901][map=0][actor=Human98778@(607,894)][contact=(574,450)] Dina: is told about a contact [hostile-id 97985, copied-cell (574, 0, 450), source-tick 15901, acquired-tick 15901, evidence Visual, source-id 97985, confidence 1.00, uncertainty 0.00, delivery Voice, reporter-id 98699, state Active]
[CA][tick=15901][map=0][actor=Human98692@(609,899)][contact=(574,450)] Art: is told about a contact [hostile-id 97985, copied-cell (574, 0, 450), source-tick 15901, acquired-tick 15901, evidence Visual, source-id 97985, confidence 1.00, uncertainty 0.00, delivery Voice, reporter-id 98699, state Active]
[CA][tick=15901][map=0][actor=Human98676@(607,892)][contact=(574,450)] Chili: is told about a contact [hostile-id 97985, copied-cell (574, 0, 450), source-tick 15901, acquired-tick 15901, evidence Visual, source-id 97985, confidence 1.00, uncertainty 0.00, delivery Voice, reporter-id 98699, state Active]
[CA][tick=15931][map=0][actor=Human97567@(674,382)] Chigg: updates welfare concern 425 - state Unassessed -> Unassessed, downed True -> True, cell (692, 0, 386) -> (692, 0, 386), evidence Visual/Voice -> Visual/None, revision 2
[CA][tick=15931][map=0][actor=Human97560@(683,392)] Dax: updates welfare concern 425 - state Unassessed -> Unassessed, downed True -> True, cell (692, 0, 386) -> (692, 0, 386), evidence Visual/Voice -> Visual/None, revision 7
[CA][tick=15961][map=0][actor=Human97998@(562,450)][contact=(620,887)] Sheya: is told about a contact [hostile-id 98762, copied-cell (620, 0, 887), source-tick 15901, acquired-tick 15961, evidence Visual, source-id 98762, confidence 1.00, uncertainty 0.00, delivery Voice, reporter-id 98008, state Active]
[CA][tick=15961][map=0][actor=Human98747@(599,893)][contact=(574,450)] Hanna: is told about a contact [hostile-id 97985, copied-cell (574, 0, 450), source-tick 15901, acquired-tick 15961, evidence Visual, source-id 97985, confidence 1.00, uncertainty 0.00, delivery Voice, reporter-id 98778, state Active]
[CA][tick=15961][map=0][actor=Human98684@(609,879)][contact=(574,450)] Cella: is told about a contact [hostile-id 97985, copied-cell (574, 0, 450), source-tick 15901, acquired-tick 15961, evidence Visual, source-id 97985, confidence 1.00, uncertainty 0.00, delivery Voice, reporter-id 98737, state Active]
[CA][tick=15961][map=0][actor=Human97626@(662,389)] Grell: updates welfare concern 425 - state Unassessed -> Unassessed, downed True -> True, cell (692, 0, 386) -> (692, 0, 386), evidence Visual/None -> Visual/Voice, revision 7
[CA][tick=15990][map=0][actor=Human431@(808,328)][target=Human97582@(675,383)][contact=(675,383)][destination=(808,328)][anchor=(808,328)][origin=player-delegated][controller=fire-position][episode=49][behavior=combat.fire_position_adjustment][authority=PlayerDelegated:player delegation][issuer=431] Hampton: cannot recover a firing solution after matchup revalidation (target distance 143.9, cover 0.00, lane risk 1.00, friendly-sector risk 0.00, support 0.00, pressure 0.00, crowding 0.00, force 2.00/0.00, hazard 0.00; competence Shooting 4, Intellectual 8, tactical synthesis 0.29, decision delay 145 ticks, search radius 7.4 cells, bounded approach 3.3 cells; condition pain 0.00, consciousness 1.00, movement 1.00, manipulation 1.00, breathing 1.00, blood-pumping 1.00, blood-loss 0.00, bleed 0.00, vital-injury no, death-in-ticks none, combat-power 1.00)
[CA][tick=16020][map=0][actor=Human431@(808,328)] Hampton: protective apparel SKIPPED - no permitted compatible protective apparel within 36 cells
[CA][tick=16021][map=0][actor=Human97964@(553,454)][contact=(620,887)] Bender: is told about a contact [hostile-id 98762, copied-cell (620, 0, 887), source-tick 15901, acquired-tick 16021, evidence Visual, source-id 98762, confidence 1.00, uncertainty 0.00, delivery Voice, reporter-id 97998, state Active]
[CA][tick=16021][map=0][actor=Human98755@(595,898)][contact=(574,450)] Oink: is told about a contact [hostile-id 97985, copied-cell (574, 0, 450), source-tick 15901, acquired-tick 16021, evidence Visual, source-id 97985, confidence 1.00, uncertainty 0.00, delivery Voice, reporter-id 98747, state Active]
[CA][tick=16021][map=0][actor=Human97582@(674,386)] Mash: updates welfare concern 425 - state Unassessed -> Unassessed, downed True -> True, cell (692, 0, 386) -> (692, 0, 386), evidence Visual/None -> Visual/Voice, revision 3
[CA][TickProbe] 300 ticks, ms/tick: total 27.57; mapPre 0.57; listNormal 11.41; listRare 0.01; listLong 3.21; world 0.16; story 0.01; mapPost 11.92 [animals 0.00; plants 0.70; power 0.04; steady 8.09; components 2.14; gas 0.00; pollution 0.00; lords 0.03; resources 0.00; fireWatch 0.00; flecks 0.27; postOther 0.00]; gameComp 0.01; other 0.27; post:GameConditionManager 0.01; post:TempTerrainManager 0.59; post:DeferredSpawner 0.00; post:PassingShipManager 0.00; post:DebugCellDrawer 0.00; post:VoluntarilyJoinableLordsStarter 0.00; post:WeatherManager 0.02; post:WeatherDecider 0.01; post:EffecterMaintainer 0.00; comp:KnowledgeMapComponent 1.12; comp:CASettlementWorksMapComponent 0.53; comp:CASpatialCombatMemoryMapComponent 0.20; comp:FishShadowComponent 0.14; comp:CADraftedCombatInitiativeMapComponent 0.06; comp:MapComponent_AstrogeneOverrides 0.01
[CA][tick=16201][map=0][actor=Human428@(725,361)][contact=(674,384)] Pixie: SPOTS Tasya [hostile-id 97608, copied-cell (674, 0, 384), source-tick 16201, acquired-tick 16201, evidence Visual, source-id 97608, confidence 0.87, uncertainty 1.35, delivery None, reporter-id 428, state Active]
[CA][tick=16201][map=0][actor=Human428@(725,361)][contact=(674,384)][anchor=(725,361)] Pixie: battlefield perception ACQUIRED Tasya - distance 55.9 / map diagonal 1654.6, clear horizon 988.8, effective range 902.4, confidence 0.87, uncertainty 1.4 cells, soft occlusion 0.12 [plants 6, trees 0, partial cover 3, smoke 0], target glow 1.00, Sight 1.00 (range factor 0.92), medium/long acuity 1.00/1.00 -> distance factor 1.00, dark adaptation 0.00 -> light factor 1.00, weather factor 1.00, skill factor 0.99 [Shooting 8, Intellectual 4], limiting factor flora/cover/smoke 0.89, identified True, sources none
[CA][tick=16231][map=0][actor=Human431@(803,328)][contact=(991,658)] Hampton: SPOTS an unresolved hostile silhouette [hostile-id 98340, copied-cell (991, 0, 658), source-tick 16231, acquired-tick 16231, evidence Visual, source-id 98340, confidence 0.23, uncertainty 8.26, delivery None, reporter-id 431, state Active]
[CA][tick=16231][map=0][actor=Human431@(803,328)][contact=(991,658)][anchor=(803,328)] Hampton: battlefield perception ACQUIRED an unresolved hostile silhouette - distance 379.8 / map diagonal 1654.6, clear horizon 988.8, effective range 893.7, confidence 0.23, uncertainty 8.3 cells, soft occlusion 0.85 [plants 55, trees 0, partial cover 18, smoke 0], target glow 1.00, Sight 1.00 (range factor 0.92), medium/long acuity 1.00/1.00 -> distance factor 1.00, dark adaptation 0.00 -> light factor 1.00, weather factor 1.00, skill factor 0.98 [Shooting 4, Intellectual 8], limiting factor flora/cover/smoke 0.43, identified False, sources none
[CA][tick=16245][map=0][actor=Human428@(724,362)] Pixie: protective apparel SKIPPED - no permitted compatible protective apparel within 36 cells
[CA][tick=16260][map=0][actor=Human431@(803,328)][target=Human98340@(991,658)][contact=(991,658)][destination=(803,328)][anchor=(803,328)][origin=player-delegated][controller=fire-position][episode=50][behavior=combat.fire_position_adjustment][authority=PlayerDelegated:player delegation][issuer=431] Hampton: cannot recover a firing solution after matchup revalidation (target distance 379.8, cover 0.40, lane risk 1.00, friendly-sector risk 0.00, support 0.00, pressure 0.00, crowding 0.00, force 1.68/0.00, hazard 0.00; competence Shooting 4, Intellectual 8, tactical synthesis 0.29, decision delay 145 ticks, search radius 7.4 cells, bounded approach 3.3 cells; condition pain 0.00, consciousness 1.00, movement 1.00, manipulation 1.00, breathing 1.00, blood-pumping 1.00, blood-loss 0.00, bleed 0.00, vital-injury no, death-in-ticks none, combat-power 1.00)
[CA][tick=16261][map=0][actor=Human97608@(675,383)] Tasya: updates welfare concern 425 - state Unassessed -> Unassessed, downed True -> True, cell (692, 0, 386) -> (692, 0, 386), evidence Visual/Voice -> Visual/None, revision 4
[CA][tick=16291][map=0][actor=Human431@(802,328)][contact=(974,674)] Hampton: SPOTS an unresolved hostile silhouette [hostile-id 98374, copied-cell (974, 0, 674), source-tick 16291, acquired-tick 16291, evidence Visual, source-id 98374, confidence 0.36, uncertainty 6.54, delivery None, reporter-id 431, state Active]
[CA][tick=16291][map=0][actor=Human431@(802,328)][contact=(974,674)][anchor=(802,328)] Hampton: battlefield perception ACQUIRED an unresolved hostile silhouette - distance 386.4 / map diagonal 1654.6, clear horizon 988.8, effective range 893.7, confidence 0.36, uncertainty 6.5 cells, soft occlusion 0.58 [plants 55, trees 0, partial cover 9, smoke 0], target glow 1.00, Sight 1.00 (range factor 0.92), medium/long acuity 1.00/1.00 -> distance factor 1.00, dark adaptation 0.00 -> light factor 1.00, weather factor 1.00, skill factor 0.98 [Shooting 4, Intellectual 8], limiting factor flora/cover/smoke 0.56, identified False, sources none
[CA][tick=16350][map=0][actor=Human431@(801,328)][target=Human97567@(673,378)][contact=(673,378)][destination=(801,328)][anchor=(801,328)][origin=player-delegated][controller=fire-position][episode=51][behavior=combat.fire_position_adjustment][authority=PlayerDelegated:player delegation][issuer=431] Hampton: cannot recover a firing solution after matchup revalidation (target distance 137.4, cover 0.00, lane risk 1.00, friendly-sector risk 0.00, support 0.00, pressure 0.00, crowding 0.00, force 1.58/0.00, hazard 0.00; competence Shooting 4, Intellectual 8, tactical synthesis 0.29, decision delay 145 ticks, search radius 7.4 cells, bounded approach 3.3 cells; condition pain 0.00, consciousness 1.00, movement 1.00, manipulation 1.00, breathing 1.00, blood-pumping 1.00, blood-loss 0.00, bleed 0.00, vital-injury no, death-in-ticks none, combat-power 1.00)
[CA][tick=16381][map=0][actor=Human97560@(681,392)] Dax: updates welfare concern 425 - state Unassessed -> Unassessed, downed True -> True, cell (692, 0, 386) -> (692, 0, 386), evidence Visual/None -> Visual/Voice, revision 8
[CA][tick=16441][map=0][actor=Human431@(799,328)] Hampton: observes welfare concern 425
[CA][tick=16441][map=0][actor=Human97608@(679,384)] Tasya: updates welfare concern 425 - state Unassessed -> Unassessed, downed True -> True, cell (692, 0, 386) -> (692, 0, 386), evidence Visual/None -> Visual/Voice, revision 5
[CA][TickProbe] 300 ticks, ms/tick: total 27.74; mapPre 0.62; listNormal 12.01; listRare 0.01; listLong 3.24; world 0.16; story 0.00; mapPost 11.42 [animals 0.00; plants 0.69; power 0.04; steady 8.13; components 1.63; gas 0.00; pollution 0.00; lords 0.03; resources 0.00; fireWatch 0.00; flecks 0.26; postOther 0.01]; gameComp 0.01; other 0.27; post:GameConditionManager 0.01; post:TempTerrainManager 0.59; post:DeferredSpawner 0.00; post:PassingShipManager 0.00; post:DebugCellDrawer 0.00; post:VoluntarilyJoinableLordsStarter 0.00; post:WeatherManager 0.02; post:WeatherDecider 0.01; post:EffecterMaintainer 0.00; comp:KnowledgeMapComponent 1.12; comp:CASpatialCombatMemoryMapComponent 0.19; comp:FishShadowComponent 0.13; comp:CADraftedCombatInitiativeMapComponent 0.06; comp:SquadSupportMapComponent 0.04; comp:EquipTransitionMapComponent 0.01
[CA][tick=16591][map=0][actor=Human97616@(674,382)] Kelly: updates welfare concern 425 - state Unassessed -> Unassessed, downed True -> True, cell (692, 0, 386) -> (692, 0, 386), evidence Visual/Voice -> Visual/None, revision 4
[CA][tick=16620][map=0][actor=Human431@(796,328)] Hampton: protective apparel SKIPPED - no permitted compatible protective apparel within 36 cells
[CA][tick=16621][map=0][actor=Human431@(796,328)][contact=(974,674)] Hampton: SPOTS an unresolved hostile silhouette [hostile-id 98396, copied-cell (974, 0, 674), source-tick 16621, acquired-tick 16621, evidence Visual, source-id 98396, confidence 0.29, uncertainty 7.19, delivery None, reporter-id 431, state Active]
[CA][tick=16621][map=0][actor=Human431@(796,328)][contact=(974,674)][anchor=(796,328)] Hampton: battlefield perception ACQUIRED an unresolved hostile silhouette - distance 389.1 / map diagonal 1654.6, clear horizon 988.8, effective range 893.7, confidence 0.29, uncertainty 7.2 cells, soft occlusion 0.59 [plants 49, trees 0, partial cover 11, smoke 0], target glow 1.00, Sight 1.00 (range factor 0.92), medium/long acuity 1.00/1.00 -> distance factor 1.00, dark adaptation 0.00 -> light factor 1.00, weather factor 1.00, skill factor 0.98 [Shooting 4, Intellectual 8], limiting factor flora/cover/smoke 0.55, identified False, sources none
[CA][tick=16621][map=0][actor=Human97567@(674,383)] Chigg: updates welfare concern 425 - state Unassessed -> Unassessed, downed True -> True, cell (692, 0, 386) -> (692, 0, 386), evidence Visual/None -> Visual/Voice, revision 3
[CA][tick=16710][map=0][actor=Human431@(794,328)][target=Human97616@(673,381)][contact=(673,381)][destination=(794,328)][anchor=(794,328)][origin=player-delegated][controller=fire-position][episode=52][behavior=combat.fire_position_adjustment][authority=PlayerDelegated:player delegation][issuer=431] Hampton: cannot recover a firing solution after matchup revalidation (target distance 132.1, cover 0.00, lane risk 1.00, friendly-sector risk 0.00, support 0.00, pressure 0.00, crowding 0.00, force 1.00/0.00, hazard 0.00; competence Shooting 4, Intellectual 8, tactical synthesis 0.29, decision delay 145 ticks, search radius 7.4 cells, bounded approach 3.3 cells; condition pain 0.00, consciousness 1.00, movement 1.00, manipulation 1.00, breathing 1.00, blood-pumping 1.00, blood-loss 0.00, bleed 0.00, vital-injury no, death-in-ticks none, combat-power 1.00)
[CA][TickProbe] 300 ticks, ms/tick: total 27.93; mapPre 0.58; listNormal 12.57; listRare 0.01; listLong 3.13; world 0.16; story 0.00; mapPost 11.21 [animals 0.00; plants 0.62; power 0.04; steady 8.00; components 1.66; gas 0.00; pollution 0.00; lords 0.03; resources 0.00; fireWatch 0.00; flecks 0.23; postOther 0.00]; gameComp 0.01; other 0.27; post:GameConditionManager 0.01; post:TempTerrainManager 0.58; post:DeferredSpawner 0.00; post:PassingShipManager 0.00; post:DebugCellDrawer 0.00; post:VoluntarilyJoinableLordsStarter 0.00; post:WeatherManager 0.01; post:WeatherDecider 0.01; post:EffecterMaintainer 0.00; comp:KnowledgeMapComponent 1.10; comp:CASpatialCombatMemoryMapComponent 0.18; comp:FishShadowComponent 0.14; comp:SquadSupportMapComponent 0.09; comp:CADraftedCombatInitiativeMapComponent 0.05; comp:EquipTransitionMapComponent 0.01
[CA][tick=16831][map=0][actor=Human97608@(676,383)] Tasya: updates welfare concern 425 - state Unassessed -> Unassessed, downed True -> True, cell (692, 0, 386) -> (692, 0, 386), evidence Visual/Voice -> Visual/None, revision 6
[CA][tick=16845][map=0][actor=Human428@(712,363)] Pixie: protective apparel SKIPPED - no permitted compatible protective apparel within 36 cells
[CA][tick=16861][map=0][actor=Human97616@(670,381)] Kelly: updates welfare concern 425 - state Unassessed -> Unassessed, downed True -> True, cell (692, 0, 386) -> (692, 0, 386), evidence Visual/None -> Visual/Voice, revision 5
[CA][tick=16891][map=0][actor=Human97616@(669,380)] Kelly: updates welfare concern 425 - state Unassessed -> Unassessed, downed True -> True, cell (692, 0, 386) -> (692, 0, 386), evidence Visual/Voice -> Visual/None, revision 6
[CA][tick=16921][map=0][actor=Human97608@(673,388)] Tasya: updates welfare concern 425 - state Unassessed -> Unassessed, downed True -> True, cell (692, 0, 386) -> (692, 0, 386), evidence Visual/None -> Visual/Voice, revision 7
[CA][tick=16950][map=0][actor=Human431@(789,328)][target=Human98302@(973,669)][contact=(973,669)][destination=(789,328)][anchor=(789,328)][origin=player-delegated][controller=fire-position][episode=53][behavior=combat.fire_position_adjustment][authority=PlayerDelegated:player delegation][issuer=431] Hampton: cannot recover a firing solution after matchup revalidation (target distance 387.5, cover 0.00, lane risk 1.00, friendly-sector risk 0.00, support 0.00, pressure 0.00, crowding 0.00, force 1.00/0.00, hazard 0.00; competence Shooting 4, Intellectual 8, tactical synthesis 0.29, decision delay 145 ticks, search radius 7.4 cells, bounded approach 3.3 cells; condition pain 0.00, consciousness 1.00, movement 1.00, manipulation 1.00, breathing 1.00, blood-pumping 1.00, blood-loss 0.00, bleed 0.00, vital-injury no, death-in-ticks none, combat-power 1.00)
[CA][tick=17011][map=0][actor=Human98713@(612,880)][contact=(560,451)] Furr: SPOTS an unresolved hostile silhouette [hostile-id 97998, copied-cell (560, 0, 451), source-tick 17011, acquired-tick 17011, evidence Visual, source-id 97998, confidence 0.36, uncertainty 6.41, delivery None, reporter-id 98713, state Active]
[CA][tick=17011][map=0][actor=Human98713@(612,880)][contact=(560,451)][anchor=(612,880)] Furr: battlefield perception ACQUIRED an unresolved hostile silhouette - distance 432.1 / map diagonal 1654.6, clear horizon 988.8, effective range 898.1, confidence 0.36, uncertainty 6.4 cells, soft occlusion 0.52 [plants 50, trees 0, partial cover 8, smoke 0], target glow 1.00, Sight 1.00 (range factor 0.92), medium/long acuity 1.00/1.00 -> distance factor 1.00, dark adaptation 0.00 -> light factor 1.00, weather factor 1.00, skill factor 0.99 [Shooting 6, Intellectual 6], limiting factor flora/cover/smoke 0.59, identified False, sources none
[CA][tick=17041][map=0][actor=Human98770@(611,891)][contact=(560,451)] Niko: is told about a contact [hostile-id 97998, copied-cell (560, 0, 451), source-tick 17041, acquired-tick 17041, evidence Visual, source-id 97998, confidence 1.00, uncertainty 0.00, delivery Voice, reporter-id 98713, state Active]
[CA][tick=17041][map=0][actor=Human98755@(609,889)][contact=(560,451)] Oink: is told about a contact [hostile-id 97998, copied-cell (560, 0, 451), source-tick 17041, acquired-tick 17041, evidence Visual, source-id 97998, confidence 1.00, uncertainty 0.00, delivery Voice, reporter-id 98713, state Active]
[CA][tick=17041][map=0][actor=Human98747@(607,886)][contact=(560,451)] Hanna: is told about a contact [hostile-id 97998, copied-cell (560, 0, 451), source-tick 17041, acquired-tick 17041, evidence Visual, source-id 97998, confidence 1.00, uncertainty 0.00, delivery Voice, reporter-id 98713, state Active]
[CA][tick=17041][map=0][actor=Human98730@(606,888)][contact=(560,451)] Hotaru: is told about a contact [hostile-id 97998, copied-cell (560, 0, 451), source-tick 17041, acquired-tick 17041, evidence Visual, source-id 97998, confidence 1.00, uncertainty 0.00, delivery Voice, reporter-id 98713, state Active]
[CA][tick=17041][map=0][actor=Human98722@(620,887)][contact=(560,451)] Lasse: is told about a contact [hostile-id 97998, copied-cell (560, 0, 451), source-tick 17041, acquired-tick 17041, evidence Visual, source-id 97998, confidence 1.00, uncertainty 0.00, delivery Voice, reporter-id 98713, state Active]
[CA][tick=17041][map=0][actor=Human98706@(613,887)][contact=(560,451)] Marjot: is told about a contact [hostile-id 97998, copied-cell (560, 0, 451), source-tick 17041, acquired-tick 17041, evidence Visual, source-id 97998, confidence 1.00, uncertainty 0.00, delivery Voice, reporter-id 98713, state Active]
[CA][tick=17041][map=0][actor=Human98699@(614,890)][contact=(560,451)] Greyhound: is told about a contact [hostile-id 97998, copied-cell (560, 0, 451), source-tick 17041, acquired-tick 17041, evidence Visual, source-id 97998, confidence 1.00, uncertainty 0.00, delivery Voice, reporter-id 98713, state Active]
[CA][tick=17041][map=0][actor=Human98684@(606,882)][contact=(560,451)] Cella: is told about a contact [hostile-id 97998, copied-cell (560, 0, 451), source-tick 17041, acquired-tick 17041, evidence Visual, source-id 97998, confidence 1.00, uncertainty 0.00, delivery Voice, reporter-id 98713, state Active]
[CA][TickProbe] 300 ticks, ms/tick: total 28.57; mapPre 0.62; listNormal 12.78; listRare 0.01; listLong 3.20; world 0.16; story 0.01; mapPost 11.51 [animals 0.00; plants 0.67; power 0.04; steady 8.22; components 1.67; gas 0.00; pollution 0.00; lords 0.03; resources 0.00; fireWatch 0.00; flecks 0.24; postOther 0.00]; gameComp 0.01; other 0.27; post:GameConditionManager 0.01; post:TempTerrainManager 0.59; post:DeferredSpawner 0.00; post:PassingShipManager 0.00; post:DebugCellDrawer 0.00; post:VoluntarilyJoinableLordsStarter 0.00; post:WeatherManager 0.02; post:WeatherDecider 0.01; post:EffecterMaintainer 0.00; comp:KnowledgeMapComponent 1.08; comp:CASpatialCombatMemoryMapComponent 0.18; comp:FishShadowComponent 0.14; comp:SquadSupportMapComponent 0.11; comp:CADraftedCombatInitiativeMapComponent 0.06; comp:EquipTransitionMapComponent 0.01
[CA][tick=17101][map=0][actor=Human98762@(611,893)][contact=(560,451)] Pepper: is told about a contact [hostile-id 97998, copied-cell (560, 0, 451), source-tick 17041, acquired-tick 17101, evidence Visual, source-id 97998, confidence 1.00, uncertainty 0.00, delivery Voice, reporter-id 98770, state Active]
[CA][tick=17101][map=0][actor=Human98737@(616,900)][contact=(560,451)] Bells: is told about a contact [hostile-id 97998, copied-cell (560, 0, 451), source-tick 17041, acquired-tick 17101, evidence Visual, source-id 97998, confidence 1.00, uncertainty 0.00, delivery Voice, reporter-id 98770, state Active]
[CA][tick=17101][map=0][actor=Human98676@(616,893)][contact=(560,451)] Chili: is told about a contact [hostile-id 97998, copied-cell (560, 0, 451), source-tick 17041, acquired-tick 17101, evidence Visual, source-id 97998, confidence 1.00, uncertainty 0.00, delivery Voice, reporter-id 98770, state Active]
[CA][tick=17161][map=0][actor=Human97593@(683,392)] Kana: updates welfare concern 425 - state Unassessed -> Unassessed, downed True -> True, cell (692, 0, 386) -> (692, 0, 386), evidence Visual/Voice -> Visual/None, revision 5
[CA][tick=17161][map=0][actor=Human98778@(611,908)][contact=(560,451)] Dina: is told about a contact [hostile-id 97998, copied-cell (560, 0, 451), source-tick 17041, acquired-tick 17161, evidence Visual, source-id 97998, confidence 1.00, uncertainty 0.00, delivery Voice, reporter-id 98737, state Active]
[CA][tick=17220][map=0][actor=Human431@(784,328)] Hampton: protective apparel SKIPPED - no permitted compatible protective apparel within 36 cells
[CA][tick=17221][map=0][actor=Human98692@(618,913)][contact=(560,451)] Art: is told about a contact [hostile-id 97998, copied-cell (560, 0, 451), source-tick 17041, acquired-tick 17221, evidence Visual, source-id 97998, confidence 1.00, uncertainty 0.00, delivery Voice, reporter-id 98778, state Active]
[CA][tick=17281][map=0][actor=Human431@(782,330)][contact=(685,392)] Hampton: SPOTS Kana [hostile-id 97593, copied-cell (685, 0, 392), source-tick 17281, acquired-tick 17281, evidence Visual, source-id 97593, confidence 0.53, uncertainty 4.78, delivery None, reporter-id 431, state Active]
[CA][tick=17281][map=0][actor=Human431@(782,330)][contact=(685,392)][anchor=(782,330)] Hampton: battlefield perception ACQUIRED Kana - distance 115.1 / map diagonal 1654.6, clear horizon 988.8, effective range 893.7, confidence 0.53, uncertainty 4.8 cells, soft occlusion 0.42 [plants 18, trees 0, partial cover 11, smoke 0], target glow 1.00, Sight 1.00 (range factor 0.92), medium/long acuity 1.00/1.00 -> distance factor 1.00, dark adaptation 0.00 -> light factor 1.00, weather factor 1.00, skill factor 0.98 [Shooting 4, Intellectual 8], limiting factor flora/cover/smoke 0.66, identified True, sources none
[CA][tick=17310][map=0][actor=Human431@(782,330)][target=Human97593@(686,393)][contact=(686,393)][destination=(782,330)][anchor=(782,330)][origin=player-delegated][controller=fire-position][episode=54][behavior=combat.fire_position_adjustment][authority=PlayerDelegated:player delegation][issuer=431] Hampton: cannot recover a firing solution after matchup revalidation (target distance 114.8, cover 0.00, lane risk 1.00, friendly-sector risk 0.00, support 0.00, pressure 0.00, crowding 0.00, force 1.00/0.00, hazard 0.00; competence Shooting 4, Intellectual 8, tactical synthesis 0.29, decision delay 145 ticks, search radius 7.4 cells, bounded approach 3.3 cells; condition pain 0.00, consciousness 1.00, movement 1.00, manipulation 1.00, breathing 1.00, blood-pumping 1.00, blood-loss 0.00, bleed 0.00, vital-injury no, death-in-ticks none, combat-power 1.00)
[CA][TickProbe] 300 ticks, ms/tick: total 35.55; mapPre 0.56; listNormal 19.79; listRare 0.01; listLong 3.32; world 0.16; story 0.00; mapPost 11.43 [animals 0.00; plants 0.64; power 0.04; steady 8.12; components 1.70; gas 0.00; pollution 0.00; lords 0.03; resources 0.00; fireWatch 0.00; flecks 0.24; postOther 0.00]; gameComp 0.01; other 0.27; post:GameConditionManager 0.01; post:TempTerrainManager 0.60; post:DeferredSpawner 0.00; post:PassingShipManager 0.00; post:DebugCellDrawer 0.00; post:VoluntarilyJoinableLordsStarter 0.00; post:WeatherManager 0.02; post:WeatherDecider 0.01; post:EffecterMaintainer 0.00; comp:KnowledgeMapComponent 1.09; comp:CASpatialCombatMemoryMapComponent 0.20; comp:FishShadowComponent 0.15; comp:SquadSupportMapComponent 0.12; comp:CADraftedCombatInitiativeMapComponent 0.06; comp:EquipTransitionMapComponent 0.01
[CA][tick=17445][map=0][actor=Human428@(704,363)] Pixie: protective apparel SKIPPED - no permitted compatible protective apparel within 36 cells
[CA][tick=17461][map=0][actor=Human97608@(675,382)] Tasya: updates welfare concern 425 - state Unassessed -> Unassessed, downed True -> True, cell (692, 0, 386) -> (692, 0, 386), evidence Visual/Voice -> Visual/None, revision 8
[CA][tick=17461][map=0][actor=Human97616@(664,385)] Kelly: updates welfare concern 425 - state Unassessed -> Unassessed, downed True -> True, cell (692, 0, 386) -> (692, 0, 386), evidence Visual/None -> Visual/Voice, revision 7
[CA][tick=17580][map=0][actor=Human431@(776,332)][target=Human97608@(675,382)][contact=(675,382)][destination=(776,332)][anchor=(776,332)][origin=player-delegated][controller=fire-position][episode=55][behavior=combat.fire_position_adjustment][authority=PlayerDelegated:player delegation][issuer=431] Hampton: cannot recover a firing solution after matchup revalidation (target distance 112.7, cover 0.00, lane risk 1.00, friendly-sector risk 0.00, support 0.00, pressure 0.00, crowding 0.00, force 1.00/0.00, hazard 0.00; competence Shooting 4, Intellectual 8, tactical synthesis 0.29, decision delay 145 ticks, search radius 7.4 cells, bounded approach 3.3 cells; condition pain 0.00, consciousness 1.00, movement 1.00, manipulation 1.00, breathing 1.00, blood-pumping 1.00, blood-loss 0.00, bleed 0.00, vital-injury no, death-in-ticks none, combat-power 1.00)
[CA][tick=17581][map=0][actor=Human431@(776,332)][contact=(975,668)] Hampton: SPOTS an unresolved hostile silhouette [hostile-id 98433, copied-cell (975, 0, 668), source-tick 17581, acquired-tick 17581, evidence Visual, source-id 98433, confidence 0.25, uncertainty 8.10, delivery None, reporter-id 431, state Active]
[CA][tick=17581][map=0][actor=Human431@(776,332)][contact=(975,668)][anchor=(776,332)] Hampton: battlefield perception ACQUIRED an unresolved hostile silhouette - distance 390.5 / map diagonal 1654.6, clear horizon 988.8, effective range 893.7, confidence 0.25, uncertainty 8.1 cells, soft occlusion 0.83 [plants 55, trees 0, partial cover 19, smoke 0], target glow 1.00, Sight 1.00 (range factor 0.92), medium/long acuity 1.00/1.00 -> distance factor 1.00, dark adaptation 0.00 -> light factor 1.00, weather factor 1.00, skill factor 0.98 [Shooting 4, Intellectual 8], limiting factor flora/cover/smoke 0.43, identified False, sources none
[CA][tick=17641][map=0][actor=Human431@(775,332)][contact=(984,648)] Hampton: SPOTS an unresolved hostile silhouette [hostile-id 98417, copied-cell (984, 0, 648), source-tick 17641, acquired-tick 17641, evidence Visual, source-id 98417, confidence 0.36, uncertainty 6.49, delivery None, reporter-id 431, state Active]
[CA][tick=17641][map=0][actor=Human431@(775,332)][contact=(984,648)][anchor=(775,332)] Hampton: battlefield perception ACQUIRED an unresolved hostile silhouette - distance 378.9 / map diagonal 1654.6, clear horizon 988.8, effective range 893.7, confidence 0.36, uncertainty 6.5 cells, soft occlusion 0.55 [plants 67, trees 0, partial cover 6, smoke 0], target glow 1.00, Sight 1.00 (range factor 0.92), medium/long acuity 1.00/1.00 -> distance factor 1.00, dark adaptation 0.00 -> light factor 1.00, weather factor 1.00, skill factor 0.98 [Shooting 4, Intellectual 8], limiting factor flora/cover/smoke 0.58, identified False, sources none
[CA][TickProbe] 300 ticks, ms/tick: total 39.11; mapPre 0.65; listNormal 20.23; listRare 0.01; listLong 3.54; world 2.54; story 0.00; mapPost 11.86 [animals 0.00; plants 0.67; power 0.04; steady 8.25; components 1.92; gas 0.00; pollution 0.00; lords 0.04; resources 0.00; fireWatch 0.00; flecks 0.27; postOther 0.00]; gameComp 0.01; other 0.28; post:GameConditionManager 0.01; post:TempTerrainManager 0.62; post:DeferredSpawner 0.00; post:PassingShipManager 0.00; post:DebugCellDrawer 0.00; post:VoluntarilyJoinableLordsStarter 0.00; post:WeatherManager 0.02; post:WeatherDecider 0.01; post:EffecterMaintainer 0.00; comp:KnowledgeMapComponent 1.12; comp:SquadSupportMapComponent 0.28; comp:CASpatialCombatMemoryMapComponent 0.21; comp:FishShadowComponent 0.14; comp:CADraftedCombatInitiativeMapComponent 0.06; comp:BridgeDecayMapComponent 0.02
[CA][tick=17761][map=0][actor=Human431@(773,332)][contact=(994,663)] Hampton: SPOTS Giggles [hostile-id 98326, copied-cell (994, 0, 663), source-tick 17761, acquired-tick 17761, evidence Visual, source-id 98326, confidence 0.44, uncertainty 5.61, delivery None, reporter-id 431, state Active]
[CA][tick=17761][map=0][actor=Human431@(773,332)][contact=(994,663)][anchor=(773,332)] Hampton: battlefield perception ACQUIRED Giggles - distance 398.0 / map diagonal 1654.6, clear horizon 988.8, effective range 893.7, confidence 0.44, uncertainty 5.6 cells, soft occlusion 0.45 [plants 60, trees 0, partial cover 3, smoke 0], target glow 1.00, Sight 1.00 (range factor 0.92), medium/long acuity 1.00/1.00 -> distance factor 1.00, dark adaptation 0.00 -> light factor 1.00, weather factor 1.00, skill factor 0.98 [Shooting 4, Intellectual 8], limiting factor flora/cover/smoke 0.64, identified True, sources none
[CA][tick=17761][map=0][actor=Human97593@(679,392)] Kana: updates welfare concern 425 - state Unassessed -> Unassessed, downed True -> True, cell (692, 0, 386) -> (692, 0, 386), evidence Visual/None -> Visual/Voice, revision 6
[CA][tick=17820][map=0][actor=Human431@(772,332)] Hampton: protective apparel SKIPPED - no permitted compatible protective apparel within 36 cells
[CA][tick=17880][map=0][actor=Human431@(770,332)][target=Human98326@(996,663)][contact=(996,663)][destination=(770,332)][anchor=(770,332)][origin=player-delegated][controller=fire-position][episode=56][behavior=combat.fire_position_adjustment][authority=PlayerDelegated:player delegation][issuer=431] Hampton: cannot recover a firing solution after matchup revalidation (target distance 400.8, cover 0.00, lane risk 1.00, friendly-sector risk 0.00, support 0.00, pressure 0.00, crowding 0.00, force 1.00/0.00, hazard 0.00; competence Shooting 4, Intellectual 8, tactical synthesis 0.29, decision delay 145 ticks, search radius 7.4 cells, bounded approach 3.3 cells; condition pain 0.00, consciousness 1.00, movement 1.00, manipulation 1.00, breathing 1.00, blood-pumping 1.00, blood-loss 0.00, bleed 0.00, vital-injury no, death-in-ticks none, combat-power 1.00)
[CA][tick=17910][map=0][actor=Human431@(770,332)][target=Human97560@(674,384)][contact=(674,384)][destination=(770,332)][anchor=(770,332)][origin=player-delegated][controller=fire-position][episode=57][behavior=combat.fire_position_adjustment][authority=PlayerDelegated:player delegation][issuer=431] Hampton: cannot recover a firing solution after matchup revalidation (target distance 109.2, cover 0.00, lane risk 1.00, friendly-sector risk 0.00, support 0.00, pressure 0.00, crowding 0.00, force 1.00/0.00, hazard 0.00; competence Shooting 4, Intellectual 8, tactical synthesis 0.29, decision delay 145 ticks, search radius 7.4 cells, bounded approach 3.3 cells; condition pain 0.00, consciousness 1.00, movement 1.00, manipulation 1.00, breathing 1.00, blood-pumping 1.00, blood-loss 0.00, bleed 0.00, vital-injury no, death-in-ticks none, combat-power 1.00)
[CA][tick=18000][map=0][actor=Human431@(768,332)][target=Human98326@(996,663)][contact=(996,663)][destination=(768,332)][anchor=(768,332)][origin=player-delegated][controller=fire-position][episode=58][behavior=combat.fire_position_adjustment][authority=PlayerDelegated:player delegation][issuer=431] Hampton: cannot recover a firing solution after matchup revalidation (target distance 401.9, cover 0.00, lane risk 1.00, friendly-sector risk 0.00, support 0.00, pressure 0.00, crowding 0.00, force 1.00/0.00, hazard 0.00; competence Shooting 4, Intellectual 8, tactical synthesis 0.29, decision delay 145 ticks, search radius 7.4 cells, bounded approach 3.3 cells; condition pain 0.00, consciousness 1.00, movement 1.00, manipulation 1.00, breathing 1.00, blood-pumping 1.00, blood-loss 0.00, bleed 0.00, vital-injury no, death-in-ticks none, combat-power 1.00)
[CA][TickProbe] 300 ticks, ms/tick: total 35.79; mapPre 0.58; listNormal 19.82; listRare 0.01; listLong 3.39; world 0.17; story 0.01; mapPost 11.53 [animals 0.00; plants 0.72; power 0.04; steady 8.19; components 1.68; gas 0.00; pollution 0.00; lords 0.04; resources 0.00; fireWatch 0.00; flecks 0.22; postOther 0.00]; gameComp 0.01; other 0.27; post:GameConditionManager 0.01; post:TempTerrainManager 0.59; post:DeferredSpawner 0.00; post:PassingShipManager 0.00; post:DebugCellDrawer 0.00; post:VoluntarilyJoinableLordsStarter 0.00; post:WeatherManager 0.02; post:WeatherDecider 0.01; post:EffecterMaintainer 0.00; comp:KnowledgeMapComponent 1.10; comp:CASpatialCombatMemoryMapComponent 0.19; comp:FishShadowComponent 0.15; comp:SquadSupportMapComponent 0.09; comp:CADraftedCombatInitiativeMapComponent 0.06; comp:MapComponent_AstrogeneOverrides 0.01
[CA][tick=18001][map=0][actor=Human97560@(675,382)] Dax: updates welfare concern 425 - state Unassessed -> Unassessed, downed True -> True, cell (692, 0, 386) -> (692, 0, 386), evidence Visual/Voice -> Visual/None, revision 9
[CA][tick=18001][map=0][actor=Human97608@(672,391)] Tasya: updates welfare concern 425 - state Unassessed -> Unassessed, downed True -> True, cell (692, 0, 386) -> (692, 0, 386), evidence Visual/None -> Visual/Voice, revision 9
[CA][tick=18091][map=0][actor=Human428@(702,359)][contact=(665,381)] Pixie: SPOTS Paisley [hostile-id 97551, copied-cell (665, 0, 381), source-tick 18091, acquired-tick 18091, evidence Visual, source-id 97551, confidence 0.89, uncertainty 1.16, delivery None, reporter-id 428, state Active]
[CA][tick=18091][map=0][actor=Human428@(702,359)][contact=(665,381)][anchor=(702,359)] Pixie: battlefield perception ACQUIRED Paisley - distance 43.0 / map diagonal 1654.6, clear horizon 988.8, effective range 902.4, confidence 0.89, uncertainty 1.2 cells, soft occlusion 0.11 [plants 9, trees 0, partial cover 2, smoke 0], target glow 1.00, Sight 1.00 (range factor 0.92), medium/long acuity 1.00/1.00 -> distance factor 1.00, dark adaptation 0.00 -> light factor 1.00, weather factor 1.00, skill factor 0.99 [Shooting 8, Intellectual 4], limiting factor flora/cover/smoke 0.90, identified True, sources none
[CA][tick=18181][map=0][actor=Human97551@(667,379)] Paisley: updates welfare concern 425 - state Unassessed -> Unassessed, downed True -> True, cell (692, 0, 386) -> (692, 0, 386), evidence Visual/Voice -> Visual/None, revision 2
[CA][tick=18241][map=0][actor=Human431@(763,332)][contact=(667,379)] Hampton: SPOTS Paisley [hostile-id 97551, copied-cell (667, 0, 379), source-tick 18241, acquired-tick 18241, evidence Visual, source-id 97551, confidence 0.63, uncertainty 3.70, delivery None, reporter-id 431, state Active]
[CA][tick=18241][map=0][actor=Human431@(763,332)][contact=(667,379)][anchor=(763,332)] Hampton: battlefield perception ACQUIRED Paisley - distance 106.9 / map diagonal 1654.6, clear horizon 988.8, effective range 893.7, confidence 0.63, uncertainty 3.7 cells, soft occlusion 0.28 [plants 28, trees 0, partial cover 4, smoke 0], target glow 1.00, Sight 1.00 (range factor 0.92), medium/long acuity 1.00/1.00 -> distance factor 1.00, dark adaptation 0.00 -> light factor 1.00, weather factor 1.00, skill factor 0.98 [Shooting 4, Intellectual 8], limiting factor flora/cover/smoke 0.75, identified True, sources none
[CA][tick=18270][map=0][actor=Human431@(763,332)][target=Human97551@(667,379)][contact=(667,379)][destination=(763,332)][anchor=(763,332)][origin=player-delegated][controller=fire-position][episode=59][behavior=combat.fire_position_adjustment][authority=PlayerDelegated:player delegation][issuer=431] Hampton: cannot recover a firing solution after matchup revalidation (target distance 106.9, cover 0.00, lane risk 1.00, friendly-sector risk 0.00, support 0.00, pressure 0.00, crowding 0.00, force 1.00/0.00, hazard 0.00; competence Shooting 4, Intellectual 8, tactical synthesis 0.29, decision delay 145 ticks, search radius 7.4 cells, bounded approach 3.3 cells; condition pain 0.00, consciousness 1.00, movement 1.00, manipulation 1.00, breathing 1.00, blood-pumping 1.00, blood-loss 0.00, bleed 0.00, vital-injury no, death-in-ticks none, combat-power 1.00)
[CA][TickProbe] 300 ticks, ms/tick: total 30.10; mapPre 0.56; listNormal 13.31; listRare 0.01; listLong 3.40; world 0.17; story 0.00; mapPost 12.38 [animals 0.00; plants 0.65; power 0.04; steady 8.16; components 2.63; gas 0.00; pollution 0.00; lords 0.04; resources 0.00; fireWatch 0.00; flecks 0.21; postOther 0.00]; gameComp 0.01; other 0.27; post:GameConditionManager 0.01; post:TempTerrainManager 0.60; post:DeferredSpawner 0.00; post:PassingShipManager 0.00; post:DebugCellDrawer 0.00; post:VoluntarilyJoinableLordsStarter 0.00; post:WeatherManager 0.02; post:WeatherDecider 0.01; post:EffecterMaintainer 0.00; comp:KnowledgeMapComponent 1.09; comp:CASettlementWorksMapComponent 0.96; comp:CASpatialCombatMemoryMapComponent 0.18; comp:FishShadowComponent 0.14; comp:SquadSupportMapComponent 0.12; comp:CADraftedCombatInitiativeMapComponent 0.06
[CA][tick=18331][map=0][actor=Human98003@(574,449)][contact=(618,893)] Veli: SPOTS Niko [hostile-id 98770, copied-cell (618, 0, 893), source-tick 18331, acquired-tick 18331, evidence Visual, source-id 98770, confidence 0.48, uncertainty 5.07, delivery None, reporter-id 98003, state Active]
[CA][tick=18331][map=0][actor=Human98003@(574,449)][contact=(618,893)][anchor=(574,449)] Veli: battlefield perception ACQUIRED Niko - distance 446.2 / map diagonal 1654.6, clear horizon 988.8, effective range 878.4, confidence 0.48, uncertainty 5.1 cells, soft occlusion 0.37 [plants 52, trees 0, partial cover 1, smoke 0], target glow 1.00, Sight 1.00 (range factor 0.92), medium/long acuity 1.00/1.00 -> distance factor 1.00, dark adaptation 0.00 -> light factor 1.00, weather factor 1.00, skill factor 0.97 [Shooting 4, Intellectual 2], limiting factor flora/cover/smoke 0.69, identified True, sources none
[CA][tick=18361][map=0][actor=Human97977@(565,450)][contact=(618,893)] Parsons: is told about a contact [hostile-id 98770, copied-cell (618, 0, 893), source-tick 18331, acquired-tick 18361, evidence Visual, source-id 98770, confidence 0.48, uncertainty 5.07, delivery Voice, reporter-id 98003, state Active]
[CA][tick=18361][map=0][actor=Human97964@(577,452)][contact=(618,893)] Bender: is told about a contact [hostile-id 98770, copied-cell (618, 0, 893), source-tick 18331, acquired-tick 18361, evidence Visual, source-id 98770, confidence 0.48, uncertainty 5.07, delivery Voice, reporter-id 98003, state Active]
[CA][tick=18361][map=0][actor=Human97947@(578,449)][contact=(618,893)] Viktor: is told about a contact [hostile-id 98770, copied-cell (618, 0, 893), source-tick 18331, acquired-tick 18361, evidence Visual, source-id 98770, confidence 0.48, uncertainty 5.07, delivery Voice, reporter-id 98003, state Active]
[CA][tick=18361][map=0][actor=Human97938@(568,445)][contact=(618,893)] Doug: is told about a contact [hostile-id 98770, copied-cell (618, 0, 893), source-tick 18331, acquired-tick 18361, evidence Visual, source-id 98770, confidence 0.48, uncertainty 5.07, delivery Voice, reporter-id 98003, state Active]
[CA][tick=18361][map=0][actor=Human97929@(565,448)][contact=(618,893)] Hahn: is told about a contact [hostile-id 98770, copied-cell (618, 0, 893), source-tick 18331, acquired-tick 18361, evidence Visual, source-id 98770, confidence 0.48, uncertainty 5.07, delivery Voice, reporter-id 98003, state Active]
[CA][tick=18390][map=0][actor=Human431@(760,332)][target=Human97560@(675,377)][contact=(675,377)][destination=(760,332)][anchor=(760,332)][origin=player-delegated][controller=fire-position][episode=60][behavior=combat.fire_position_adjustment][authority=PlayerDelegated:player delegation][issuer=431] Hampton: cannot recover a firing solution after matchup revalidation (target distance 96.2, cover 0.00, lane risk 1.00, friendly-sector risk 0.00, support 0.00, pressure 0.00, crowding 0.00, force 1.00/0.00, hazard 0.00; competence Shooting 4, Intellectual 8, tactical synthesis 0.29, decision delay 145 ticks, search radius 7.4 cells, bounded approach 3.3 cells; condition pain 0.00, consciousness 1.00, movement 1.00, manipulation 1.00, breathing 1.00, blood-pumping 1.00, blood-loss 0.00, bleed 0.00, vital-injury no, death-in-ticks none, combat-power 1.00)
[CA][tick=18420][map=0][actor=Human431@(760,332)] Hampton: protective apparel SKIPPED - no permitted compatible protective apparel within 36 cells
[CA][tick=18421][map=0][actor=Human98008@(554,448)][contact=(618,893)] Pentanet: is told about a contact [hostile-id 98770, copied-cell (618, 0, 893), source-tick 18331, acquired-tick 18421, evidence Visual, source-id 98770, confidence 0.48, uncertainty 5.07, delivery Voice, reporter-id 97977, state Active]
[CA][tick=18421][map=0][actor=Human97985@(562,450)][contact=(618,893)] Matt: is told about a contact [hostile-id 98770, copied-cell (618, 0, 893), source-tick 18331, acquired-tick 18421, evidence Visual, source-id 98770, confidence 0.48, uncertainty 5.07, delivery Voice, reporter-id 97977, state Active]
[CA][tick=18481][map=0][actor=Human97993@(549,453)][contact=(618,893)] Omar: is told about a contact [hostile-id 98770, copied-cell (618, 0, 893), source-tick 18331, acquired-tick 18481, evidence Visual, source-id 98770, confidence 0.48, uncertainty 5.07, delivery Voice, reporter-id 98008, state Active]
[CA][tick=18541][map=0][actor=Human97551@(674,384)] Paisley: updates welfare concern 425 - state Unassessed -> Unassessed, downed True -> True, cell (692, 0, 386) -> (692, 0, 386), evidence Visual/None -> Visual/Voice, revision 3
[CA][TickProbe] 300 ticks, ms/tick: total 29.12; mapPre 0.58; listNormal 13.45; listRare 0.01; listLong 3.11; world 0.17; story 0.00; mapPost 11.53 [animals 0.00; plants 0.66; power 0.04; steady 8.28; components 1.63; gas 0.00; pollution 0.00; lords 0.04; resources 0.00; fireWatch 0.00; flecks 0.23; postOther 0.00]; gameComp 0.01; other 0.28; post:GameConditionManager 0.01; post:TempTerrainManager 0.60; post:DeferredSpawner 0.00; post:PassingShipManager 0.00; post:DebugCellDrawer 0.00; post:VoluntarilyJoinableLordsStarter 0.00; post:WeatherManager 0.02; post:WeatherDecider 0.01; post:EffecterMaintainer 0.00; comp:KnowledgeMapComponent 1.06; comp:CASpatialCombatMemoryMapComponent 0.18; comp:FishShadowComponent 0.14; comp:SquadSupportMapComponent 0.09; comp:CADraftedCombatInitiativeMapComponent 0.06; comp:EquipTransitionMapComponent 0.01
[CA][tick=18601][map=0][actor=Human97998@(561,464)][contact=(618,893)] Sheya: is told about a contact [hostile-id 98770, copied-cell (618, 0, 893), source-tick 18331, acquired-tick 18601, evidence Visual, source-id 98770, confidence 0.48, uncertainty 5.07, delivery Voice, reporter-id 97985, state Active]
[CA][tick=18645][map=0][actor=Human428@(702,359)] Pixie: protective apparel SKIPPED - no permitted compatible protective apparel within 36 cells
[CA][tick=18721][map=0][actor=Human431@(754,335)][contact=(679,399)] Hampton: SPOTS Dennis [hostile-id 97574, copied-cell (679, 0, 399), source-tick 18721, acquired-tick 18721, evidence Visual, source-id 97574, confidence 0.56, uncertainty 4.51, delivery None, reporter-id 431, state Active]
[CA][tick=18721][map=0][actor=Human431@(754,335)][contact=(679,399)][anchor=(754,335)] Hampton: battlefield perception ACQUIRED Dennis - distance 98.6 / map diagonal 1654.6, clear horizon 988.8, effective range 893.7, confidence 0.56, uncertainty 4.5 cells, soft occlusion 0.40 [plants 19, trees 0, partial cover 11, smoke 0], target glow 1.00, Sight 1.00 (range factor 0.92), medium/long acuity 1.00/1.00 -> distance factor 1.00, dark adaptation 0.00 -> light factor 1.00, weather factor 1.00, skill factor 0.98 [Shooting 4, Intellectual 8], limiting factor flora/cover/smoke 0.67, identified True, sources none
[CA][tick=18721][map=0][actor=Human97574@(679,399)] Dennis: updates welfare concern 425 - state Unassessed -> Unassessed, downed True -> True, cell (692, 0, 386) -> (692, 0, 386), evidence Visual/Voice -> Visual/None, revision 4
[CA][tick=18721][map=0][actor=Human97560@(673,392)] Dax: updates welfare concern 425 - state Unassessed -> Unassessed, downed True -> True, cell (692, 0, 386) -> (692, 0, 386), evidence Visual/None -> Visual/Voice, revision 10
[CA][tick=18750][map=0][actor=Human431@(753,336)][target=Human97574@(680,399)][contact=(680,399)][destination=(753,336)][anchor=(753,336)][origin=player-delegated][controller=fire-position][episode=61][behavior=combat.fire_position_adjustment][authority=PlayerDelegated:player delegation][issuer=431] Hampton: cannot recover a firing solution after matchup revalidation (target distance 96.4, cover 0.20, lane risk 1.00, friendly-sector risk 0.00, support 0.00, pressure 0.00, crowding 0.00, force 1.00/0.00, hazard 0.00; competence Shooting 4, Intellectual 8, tactical synthesis 0.29, decision delay 145 ticks, search radius 7.4 cells, bounded approach 3.3 cells; condition pain 0.00, consciousness 1.00, movement 1.00, manipulation 1.00, breathing 1.00, blood-pumping 1.00, blood-loss 0.00, bleed 0.00, vital-injury no, death-in-ticks none, combat-power 1.00)
[CA][tick=18751][map=0][actor=Human428@(701,360)][contact=(680,399)] Pixie: SPOTS Dennis [hostile-id 97574, copied-cell (680, 0, 399), source-tick 18751, acquired-tick 18751, evidence Visual, source-id 97574, confidence 0.91, uncertainty 0.94, delivery None, reporter-id 428, state Active]
[CA][tick=18751][map=0][actor=Human428@(701,360)][contact=(680,399)][anchor=(701,360)] Pixie: battlefield perception ACQUIRED Dennis - distance 44.3 / map diagonal 1654.6, clear horizon 988.8, effective range 902.4, confidence 0.91, uncertainty 0.9 cells, soft occlusion 0.09 [plants 6, trees 0, partial cover 2, smoke 0], target glow 1.00, Sight 1.00 (range factor 0.92), medium/long acuity 1.00/1.00 -> distance factor 1.00, dark adaptation 0.00 -> light factor 1.00, weather factor 1.00, skill factor 0.99 [Shooting 8, Intellectual 4], limiting factor flora/cover/smoke 0.91, identified True, sources none
[CA][TickProbe] 300 ticks, ms/tick: total 39.15; mapPre 0.65; listNormal 23.00; listRare 0.01; listLong 3.35; world 0.17; story 0.00; mapPost 11.69 [animals 0.00; plants 0.66; power 0.04; steady 8.31; components 1.68; gas 0.00; pollution 0.00; lords 0.03; resources 0.00; fireWatch 0.00; flecks 0.32; postOther 0.00]; gameComp 0.01; other 0.28; post:GameConditionManager 0.01; post:TempTerrainManager 0.60; post:DeferredSpawner 0.00; post:PassingShipManager 0.00; post:DebugCellDrawer 0.00; post:VoluntarilyJoinableLordsStarter 0.00; post:WeatherManager 0.02; post:WeatherDecider 0.01; post:EffecterMaintainer 0.00; comp:KnowledgeMapComponent 1.12; comp:CASpatialCombatMemoryMapComponent 0.18; comp:FishShadowComponent 0.15; comp:SquadSupportMapComponent 0.08; comp:CADraftedCombatInitiativeMapComponent 0.06; comp:EquipTransitionMapComponent 0.01
[CA][tick=19020][map=0][actor=Human431@(748,340)] Hampton: protective apparel SKIPPED - no permitted compatible protective apparel within 36 cells
[CA][TickProbe] 300 ticks, ms/tick: total 30.72; mapPre 0.58; listNormal 14.37; listRare 0.01; listLong 3.54; world 0.17; story 0.01; mapPost 11.77 [animals 0.00; plants 0.67; power 0.04; steady 8.33; components 1.73; gas 0.00; pollution 0.00; lords 0.04; resources 0.00; fireWatch 0.00; flecks 0.29; postOther 0.01]; gameComp 0.01; other 0.28; post:GameConditionManager 0.01; post:TempTerrainManager 0.61; post:DeferredSpawner 0.00; post:PassingShipManager 0.00; post:DebugCellDrawer 0.00; post:VoluntarilyJoinableLordsStarter 0.00; post:WeatherManager 0.02; post:WeatherDecider 0.01; post:EffecterMaintainer 0.00; comp:KnowledgeMapComponent 1.11; comp:CASpatialCombatMemoryMapComponent 0.19; comp:FishShadowComponent 0.15; comp:SquadSupportMapComponent 0.12; comp:CADraftedCombatInitiativeMapComponent 0.06; comp:MapComponent_AstrogeneOverrides 0.01
[CA][tick=19245][map=0][actor=Human428@(701,370)] Pixie: protective apparel SKIPPED - no permitted compatible protective apparel within 36 cells
[CA][tick=19290][map=0][actor=Human431@(742,346)][target=Human97551@(674,384)][contact=(674,384)][destination=(742,346)][anchor=(742,346)][origin=player-delegated][controller=fire-position][episode=62][behavior=combat.fire_position_adjustment][authority=PlayerDelegated:player delegation][issuer=431] Hampton: cannot recover a firing solution after matchup revalidation (target distance 77.9, cover 0.00, lane risk 1.00, friendly-sector risk 0.00, support 0.00, pressure 0.00, crowding 0.00, force 1.00/0.00, hazard 0.00; competence Shooting 4, Intellectual 8, tactical synthesis 0.29, decision delay 145 ticks, search radius 7.4 cells, bounded approach 3.3 cells; condition pain 0.00, consciousness 1.00, movement 1.00, manipulation 1.00, breathing 1.00, blood-pumping 1.00, blood-loss 0.00, bleed 0.00, vital-injury no, death-in-ticks none, combat-power 1.00)
[CA][TickProbe] 300 ticks, ms/tick: total 30.05; mapPre 0.60; listNormal 13.85; listRare 0.01; listLong 3.44; world 0.17; story 0.00; mapPost 11.68 [animals 0.00; plants 0.60; power 0.04; steady 8.35; components 1.72; gas 0.00; pollution 0.00; lords 0.04; resources 0.00; fireWatch 0.00; flecks 0.27; postOther 0.00]; gameComp 0.01; other 0.29; post:GameConditionManager 0.01; post:TempTerrainManager 0.61; post:DeferredSpawner 0.00; post:PassingShipManager 0.00; post:DebugCellDrawer 0.00; post:VoluntarilyJoinableLordsStarter 0.00; post:WeatherManager 0.02; post:WeatherDecider 0.01; post:EffecterMaintainer 0.00; comp:KnowledgeMapComponent 1.15; comp:CASpatialCombatMemoryMapComponent 0.19; comp:FishShadowComponent 0.14; comp:SquadSupportMapComponent 0.09; comp:CADraftedCombatInitiativeMapComponent 0.06; comp:EquipTransitionMapComponent 0.01
[CA][tick=19591][map=0][actor=Human428@(701,371)][contact=(674,384)] Pixie: SPOTS James [hostile-id 97641, copied-cell (674, 0, 384), source-tick 19591, acquired-tick 19591, evidence Visual, source-id 97641, confidence 1.00, uncertainty 0.09, delivery None, reporter-id 428, state Active]
[CA][tick=19591][map=0][actor=Human428@(701,371)][contact=(674,384)][anchor=(701,371)] Pixie: battlefield perception ACQUIRED James - distance 30.0 / map diagonal 1654.6, clear horizon 988.8, effective range 902.4, confidence 1.00, uncertainty 0.1 cells, soft occlusion 0.03 [plants 5, trees 0, partial cover 0, smoke 0], target glow 1.00, Sight 1.00 (range factor 0.92), medium/long acuity 1.00/1.00 -> distance factor 1.00, dark adaptation 0.00 -> light factor 1.00, weather factor 1.00, skill factor 0.99 [Shooting 8, Intellectual 4], limiting factor Sight 0.92, identified True, sources none
[CA][tick=19620][map=0][actor=Human431@(736,352)] Hampton: protective apparel SKIPPED - no permitted compatible protective apparel within 36 cells
[CA][tick=19651][map=0][actor=Human97551@(675,383)] Paisley: updates welfare concern 425 - state Unassessed -> Unassessed, downed True -> True, cell (692, 0, 386) -> (692, 0, 386), evidence Visual/Voice -> Visual/None, revision 4
[CA][tick=19681][map=0][actor=Human98003@(574,449)][contact=(619,901)] Veli: SPOTS Cella [hostile-id 98684, copied-cell (619, 0, 901), source-tick 19681, acquired-tick 19681, evidence Visual, source-id 98684, confidence 0.43, uncertainty 5.58, delivery None, reporter-id 98003, state Active]
[CA][tick=19681][map=0][actor=Human98003@(574,449)][contact=(619,901)][anchor=(574,449)] Veli: battlefield perception ACQUIRED Cella - distance 454.2 / map diagonal 1654.6, clear horizon 988.8, effective range 878.4, confidence 0.43, uncertainty 5.6 cells, soft occlusion 0.40 [plants 55, trees 0, partial cover 2, smoke 0], target glow 1.00, Sight 1.00 (range factor 0.92), medium/long acuity 1.00/1.00 -> distance factor 1.00, dark adaptation 0.00 -> light factor 1.00, weather factor 1.00, skill factor 0.97 [Shooting 4, Intellectual 2], limiting factor flora/cover/smoke 0.67, identified True, sources none
[CA][tick=19681][map=0][actor=Human97641@(674,382)] James: updates welfare concern 425 - state Unassessed -> Unassessed, downed True -> True, cell (692, 0, 386) -> (692, 0, 386), evidence Visual/Voice -> Visual/None, revision 2
[CA][tick=19681][map=0][actor=Human98008@(567,451)][contact=(619,901)] Pentanet: is told about a contact [hostile-id 98684, copied-cell (619, 0, 901), source-tick 19681, acquired-tick 19681, evidence Visual, source-id 98684, confidence 1.00, uncertainty 0.00, delivery Voice, reporter-id 98003, state Active]
[CA][tick=19681][map=0][actor=Human97993@(568,454)][contact=(619,901)] Omar: is told about a contact [hostile-id 98684, copied-cell (619, 0, 901), source-tick 19681, acquired-tick 19681, evidence Visual, source-id 98684, confidence 1.00, uncertainty 0.00, delivery Voice, reporter-id 98003, state Active]
[CA][tick=19681][map=0][actor=Human97977@(571,445)][contact=(619,901)] Parsons: is told about a contact [hostile-id 98684, copied-cell (619, 0, 901), source-tick 19681, acquired-tick 19681, evidence Visual, source-id 98684, confidence 1.00, uncertainty 0.00, delivery Voice, reporter-id 98003, state Active]
[CA][tick=19681][map=0][actor=Human97964@(572,446)][contact=(619,901)] Bender: is told about a contact [hostile-id 98684, copied-cell (619, 0, 901), source-tick 19681, acquired-tick 19681, evidence Visual, source-id 98684, confidence 1.00, uncertainty 0.00, delivery Voice, reporter-id 98003, state Active]
[CA][tick=19681][map=0][actor=Human97947@(573,449)][contact=(619,901)] Viktor: is told about a contact [hostile-id 98684, copied-cell (619, 0, 901), source-tick 19681, acquired-tick 19681, evidence Visual, source-id 98684, confidence 1.00, uncertainty 0.00, delivery Voice, reporter-id 98003, state Active]
[CA][tick=19681][map=0][actor=Human97929@(564,450)][contact=(619,901)] Hahn: is told about a contact [hostile-id 98684, copied-cell (619, 0, 901), source-tick 19681, acquired-tick 19681, evidence Visual, source-id 98684, confidence 1.00, uncertainty 0.00, delivery Voice, reporter-id 98003, state Active]
[CA][tick=19741][map=0][actor=Human428@(701,371)][contact=(665,381)] Pixie: SPOTS Nicole [hostile-id 97633, copied-cell (665, 0, 381), source-tick 19741, acquired-tick 19741, evidence Visual, source-id 97633, confidence 0.83, uncertainty 1.41, delivery None, reporter-id 428, state Active]
[CA][tick=19741][map=0][actor=Human428@(701,371)][contact=(665,381)][anchor=(701,371)] Pixie: battlefield perception ACQUIRED Nicole - distance 37.4 / map diagonal 1654.6, clear horizon 988.8, effective range 902.4, confidence 0.83, uncertainty 1.4 cells, soft occlusion 0.01 [plants 1, trees 0, partial cover 0, smoke 0], target glow 1.00, Sight 1.00 (range factor 0.92), medium/long acuity 1.00/1.00 -> distance factor 1.00, dark adaptation 0.00 -> light factor 1.00, weather factor 1.00, skill factor 0.99 [Shooting 8, Intellectual 4], limiting factor Sight 0.92, identified True, sources none
[CA][tick=19741][map=0][actor=Human431@(733,355)][contact=(665,381)] Hampton: SPOTS Nicole [hostile-id 97633, copied-cell (665, 0, 381), source-tick 19741, acquired-tick 19741, evidence Visual, source-id 97633, confidence 0.53, uncertainty 4.53, delivery None, reporter-id 431, state Active]
[CA][tick=19741][map=0][actor=Human431@(733,355)][contact=(665,381)][anchor=(733,355)] Hampton: battlefield perception ACQUIRED Nicole - distance 72.8 / map diagonal 1654.6, clear horizon 988.8, effective range 893.7, confidence 0.53, uncertainty 4.5 cells, soft occlusion 0.30 [plants 12, trees 0, partial cover 8, smoke 0], target glow 1.00, Sight 1.00 (range factor 0.92), medium/long acuity 1.00/1.00 -> distance factor 1.00, dark adaptation 0.00 -> light factor 1.00, weather factor 1.00, skill factor 0.98 [Shooting 4, Intellectual 8], limiting factor flora/cover/smoke 0.74, identified True, sources none
[CA][tick=19741][map=0][actor=Human97998@(562,449)][contact=(619,901)] Sheya: is told about a contact [hostile-id 98684, copied-cell (619, 0, 901), source-tick 19681, acquired-tick 19741, evidence Visual, source-id 98684, confidence 1.00, uncertainty 0.00, delivery Voice, reporter-id 98008, state Active]
[CA][tick=19741][map=0][actor=Human97985@(563,459)][contact=(619,901)] Matt: is told about a contact [hostile-id 98684, copied-cell (619, 0, 901), source-tick 19681, acquired-tick 19741, evidence Visual, source-id 98684, confidence 1.00, uncertainty 0.00, delivery Voice, reporter-id 98008, state Active]
[CA][tick=19741][map=0][actor=Human97938@(565,437)][contact=(619,901)] Doug: is told about a contact [hostile-id 98684, copied-cell (619, 0, 901), source-tick 19681, acquired-tick 19741, evidence Visual, source-id 98684, confidence 1.00, uncertainty 0.00, delivery Voice, reporter-id 97977, state Active]
[CA][TickProbe] 300 ticks, ms/tick: total 29.62; mapPre 0.62; listNormal 13.82; listRare 0.01; listLong 3.19; world 0.17; story 0.00; mapPost 11.54 [animals 0.00; plants 0.71; power 0.04; steady 8.19; components 1.67; gas 0.00; pollution 0.00; lords 0.03; resources 0.00; fireWatch 0.00; flecks 0.23; postOther 0.00]; gameComp 0.01; other 0.28; post:GameConditionManager 0.01; post:TempTerrainManager 0.60; post:DeferredSpawner 0.00; post:PassingShipManager 0.00; post:DebugCellDrawer 0.00; post:VoluntarilyJoinableLordsStarter 0.00; post:WeatherManager 0.02; post:WeatherDecider 0.01; post:EffecterMaintainer 0.00; comp:KnowledgeMapComponent 1.11; comp:CASpatialCombatMemoryMapComponent 0.19; comp:FishShadowComponent 0.13; comp:SquadSupportMapComponent 0.09; comp:CADraftedCombatInitiativeMapComponent 0.06; comp:EquipTransitionMapComponent 0.01
[CA][tick=19891][map=0][actor=Human97633@(668,380)] Nicole: updates welfare concern 425 - state Unassessed -> Unassessed, downed True -> True, cell (692, 0, 386) -> (692, 0, 386), evidence Visual/Voice -> Visual/None, revision 2
[CA][tick=19921][map=0][actor=Human97574@(675,398)] Dennis: updates welfare concern 425 - state Unassessed -> Unassessed, downed True -> True, cell (692, 0, 386) -> (692, 0, 386), evidence Visual/None -> Visual/Voice, revision 5
[CA][tick=19921][map=0][actor=Human97641@(670,381)] James: updates welfare concern 425 - state Unassessed -> Unassessed, downed True -> True, cell (692, 0, 386) -> (692, 0, 386), evidence Visual/None -> Visual/Voice, revision 3
[CA][TickProbe] 300 ticks, ms/tick: total 32.08; mapPre 0.62; listNormal 13.56; listRare 0.01; listLong 3.51; world 1.91; story 0.01; mapPost 12.18 [animals 0.00; plants 0.70; power 0.04; steady 8.21; components 2.30; gas 0.00; pollution 0.00; lords 0.04; resources 0.00; fireWatch 0.00; flecks 0.23; postOther 0.00]; gameComp 0.01; other 0.28; post:GameConditionManager 0.01; post:TempTerrainManager 0.59; post:DeferredSpawner 0.00; post:PassingShipManager 0.00; post:DebugCellDrawer 0.00; post:VoluntarilyJoinableLordsStarter 0.00; post:WeatherManager 0.02; post:WeatherDecider 0.01; post:EffecterMaintainer 0.00; comp:KnowledgeMapComponent 1.06; comp:CASettlementWorksMapComponent 0.51; comp:SquadSupportMapComponent 0.25; comp:CASpatialCombatMemoryMapComponent 0.16; comp:FishShadowComponent 0.14; comp:CADraftedCombatInitiativeMapComponent 0.06
[CA][tick=20220][map=0][actor=Human431@(724,362)] Hampton: protective apparel SKIPPED - no permitted compatible protective apparel within 36 cells
[CA][tick=20221][map=0][actor=Human97582@(680,398)] Mash: updates welfare concern 425 - state Unassessed -> Unassessed, downed True -> True, cell (692, 0, 386) -> (692, 0, 386), evidence Visual/Voice -> Visual/None, revision 4
[CA][tick=20280][map=0][actor=Human431@(722,363)][target=Human97633@(676,380)][contact=(676,380)][destination=(722,363)][anchor=(722,363)][origin=player-delegated][controller=fire-position][episode=63][behavior=combat.fire_position_adjustment][authority=PlayerDelegated:player delegation][issuer=431] Hampton: cannot recover a firing solution after matchup revalidation (target distance 49.0, cover 0.00, lane risk 1.00, friendly-sector risk 0.00, support 0.00, pressure 0.00, crowding 0.00, force 2.54/0.00, hazard 0.00; competence Shooting 4, Intellectual 8, tactical synthesis 0.29, decision delay 145 ticks, search radius 7.4 cells, bounded approach 3.3 cells; condition pain 0.00, consciousness 1.00, movement 1.00, manipulation 1.00, breathing 1.00, blood-pumping 1.00, blood-loss 0.00, bleed 0.00, vital-injury no, death-in-ticks none, combat-power 1.00)
[CA][tick=20281][map=0][actor=Human97626@(674,382)] Grell: updates welfare concern 425 - state Unassessed -> Unassessed, downed True -> True, cell (692, 0, 386) -> (692, 0, 386), evidence Visual/Voice -> Visual/None, revision 8
[CA][tick=20341][map=0][actor=Human97551@(674,386)] Paisley: updates welfare concern 425 - state Unassessed -> Unassessed, downed True -> True, cell (692, 0, 386) -> (692, 0, 386), evidence Visual/None -> Visual/Voice, revision 5
[CA][TickProbe] 300 ticks, ms/tick: total 29.06; mapPre 0.56; listNormal 13.44; listRare 0.01; listLong 3.22; world 0.17; story 0.00; mapPost 11.39 [animals 0.00; plants 0.58; power 0.04; steady 8.21; components 1.63; gas 0.00; pollution 0.00; lords 0.04; resources 0.00; fireWatch 0.00; flecks 0.26; postOther 0.00]; gameComp 0.01; other 0.27; post:GameConditionManager 0.01; post:TempTerrainManager 0.59; post:DeferredSpawner 0.00; post:PassingShipManager 0.00; post:DebugCellDrawer 0.00; post:VoluntarilyJoinableLordsStarter 0.00; post:WeatherManager 0.02; post:WeatherDecider 0.01; post:EffecterMaintainer 0.00; comp:KnowledgeMapComponent 1.06; comp:CASpatialCombatMemoryMapComponent 0.18; comp:FishShadowComponent 0.13; comp:SquadSupportMapComponent 0.10; comp:CADraftedCombatInitiativeMapComponent 0.06; comp:EquipTransitionMapComponent 0.01
[CA][tick=20521][map=0][actor=Human97626@(671,381)] Grell: updates welfare concern 425 - state Unassessed -> Unassessed, downed True -> True, cell (692, 0, 386) -> (692, 0, 386), evidence Visual/None -> Visual/Voice, revision 9
[CA][tick=20550][map=0][actor=Human431@(717,366)][target=Human97582@(687,396)][contact=(687,396)][destination=(717,366)][anchor=(717,366)][origin=player-delegated][controller=fire-position][episode=64][behavior=combat.fire_position_adjustment][authority=PlayerDelegated:player delegation][issuer=431] Hampton: cannot recover a firing solution after matchup revalidation (target distance 42.4, cover 0.00, lane risk 1.00, friendly-sector risk 0.00, support 0.00, pressure 0.00, crowding 0.00, force 3.00/0.00, hazard 0.00; competence Shooting 4, Intellectual 8, tactical synthesis 0.29, decision delay 145 ticks, search radius 7.4 cells, bounded approach 3.3 cells; condition pain 0.00, consciousness 1.00, movement 1.00, manipulation 1.00, breathing 1.00, blood-pumping 1.00, blood-loss 0.00, bleed 0.00, vital-injury no, death-in-ticks none, combat-power 1.00)
[CA][tick=20640][map=0][actor=Human431@(715,367)] Hampton: locates and assesses known welfare concern pawn 425 at (692, 0, 386)
[CA][TickProbe] 300 ticks, ms/tick: total 28.93; mapPre 0.58; listNormal 13.24; listRare 0.01; listLong 3.45; world 0.16; story 0.00; mapPost 11.20 [animals 0.00; plants 0.63; power 0.04; steady 7.96; components 1.63; gas 0.00; pollution 0.00; lords 0.03; resources 0.00; fireWatch 0.00; flecks 0.26; postOther 0.00]; gameComp 0.01; other 0.27; post:GameConditionManager 0.01; post:TempTerrainManager 0.59; post:DeferredSpawner 0.00; post:PassingShipManager 0.00; post:DebugCellDrawer 0.00; post:VoluntarilyJoinableLordsStarter 0.00; post:WeatherManager 0.02; post:WeatherDecider 0.01; post:EffecterMaintainer 0.00; comp:KnowledgeMapComponent 1.06; comp:CASpatialCombatMemoryMapComponent 0.18; comp:FishShadowComponent 0.14; comp:SquadSupportMapComponent 0.09; comp:CADraftedCombatInitiativeMapComponent 0.06; comp:EquipTransitionMapComponent 0.01
[CA][tick=20791][map=0][actor=Human97593@(672,381)] Kana: updates welfare concern 425 - state Unassessed -> Unassessed, downed True -> True, cell (692, 0, 386) -> (692, 0, 386), evidence Visual/Voice -> Visual/None, revision 7
[CA][tick=20805][map=0][actor=Human431@(713,369)][target=Human97582@(682,393)][contact=(682,393)][destination=(713,369)][anchor=(713,369)][origin=player-delegated][controller=fire-position][episode=66][behavior=combat.fire_position_adjustment][authority=PlayerDelegated:player delegation][issuer=431] Hampton: cannot recover a firing solution after matchup revalidation (target distance 39.2, cover 0.00, lane risk 1.00, friendly-sector risk 0.00, support 0.00, pressure 0.44, crowding 0.00, force 3.00/0.00, hazard 0.00; competence Shooting 4, Intellectual 8, tactical synthesis 0.29, decision delay 145 ticks, search radius 7.4 cells, bounded approach 3.3 cells; condition pain 0.00, consciousness 1.00, movement 1.00, manipulation 1.00, breathing 1.00, blood-pumping 1.00, blood-loss 0.00, bleed 0.00, vital-injury no, death-in-ticks none, combat-power 1.00)
[CA][tick=20821][map=0][actor=Human97626@(670,380)] Grell: updates welfare concern 425 - state Unassessed -> Unassessed, downed True -> True, cell (692, 0, 386) -> (692, 0, 386), evidence Visual/Voice -> Visual/None, revision 10
[CA][tick=20821][map=0][actor=Human97633@(673,390)] Nicole: updates welfare concern 425 - state Unassessed -> Unassessed, downed True -> True, cell (692, 0, 386) -> (692, 0, 386), evidence Visual/None -> Visual/Voice, revision 3
[CA][tick=20850][map=0][actor=Human431@(713,369)][target=Human97593@(673,381)][contact=(673,381)][destination=(713,369)][anchor=(713,369)][origin=player-delegated][controller=fire-position][episode=67][behavior=combat.fire_position_adjustment][authority=PlayerDelegated:player delegation][issuer=431] Hampton: cannot recover a firing solution after matchup revalidation (target distance 41.8, cover 0.00, lane risk 1.00, friendly-sector risk 0.00, support 0.00, pressure 0.44, crowding 0.00, force 3.00/0.00, hazard 0.00; competence Shooting 4, Intellectual 8, tactical synthesis 0.29, decision delay 145 ticks, search radius 7.4 cells, bounded approach 3.3 cells; condition pain 0.00, consciousness 1.00, movement 1.00, manipulation 1.00, breathing 1.00, blood-pumping 1.00, blood-loss 0.00, bleed 0.00, vital-injury no, death-in-ticks none, combat-power 1.00)
[CA][tick=20881][map=0][actor=Human97582@(677,392)] Mash: updates welfare concern 425 - state Unassessed -> Unassessed, downed True -> True, cell (692, 0, 386) -> (692, 0, 386), evidence Visual/None -> Visual/Voice, revision 5
[CA][TickProbe] 300 ticks, ms/tick: total 29.49; mapPre 0.59; listNormal 13.68; listRare 0.01; listLong 3.31; world 0.17; story 0.01; mapPost 11.45 [animals 0.00; plants 0.63; power 0.05; steady 8.28; components 1.54; gas 0.00; pollution 0.00; lords 0.04; resources 0.00; fireWatch 0.00; flecks 0.26; postOther 0.00]; gameComp 0.01; other 0.28; post:GameConditionManager 0.01; post:TempTerrainManager 0.61; post:DeferredSpawner 0.00; post:PassingShipManager 0.00; post:DebugCellDrawer 0.00; post:VoluntarilyJoinableLordsStarter 0.00; post:WeatherManager 0.02; post:WeatherDecider 0.01; post:EffecterMaintainer 0.00; comp:KnowledgeMapComponent 1.07; comp:CASpatialCombatMemoryMapComponent 0.16; comp:FishShadowComponent 0.14; comp:CADraftedCombatInitiativeMapComponent 0.06; comp:MapComponent_AstrogeneOverrides 0.01; comp:EquipTransitionMapComponent 0.01
[CA][tick=21030][map=0][actor=Human431@(713,369)] Hampton: locates and assesses known welfare concern pawn 425 at (692, 0, 386)
[CA][tick=21060][map=0][actor=Human431@(713,369)] Hampton: locates and assesses known welfare concern pawn 425 at (692, 0, 386)
[CA][tick=21061][map=0][actor=Human97593@(674,386)] Kana: updates welfare concern 425 - state Unassessed -> Unassessed, downed True -> True, cell (692, 0, 386) -> (692, 0, 386), evidence Visual/None -> Visual/Voice, revision 8
[CA][tick=21121][map=0][actor=Human431@(711,371)][contact=(665,380)] Hampton: is told about a contact [hostile-id 97601, copied-cell (665, 0, 380), source-tick 18061, acquired-tick 21121, evidence Visual, source-id 97601, confidence 1.00, uncertainty 0.00, delivery Voice, reporter-id 428, state Active]
[CA][tick=21121][map=0][actor=Human431@(711,371)][contact=(1004,664)] Hampton: is told about a contact [hostile-id 98410, copied-cell (1004, 0, 664), source-tick 15721, acquired-tick 21121, evidence Visual, source-id 98410, confidence 1.00, uncertainty 0.00, delivery Voice, reporter-id 428, state Active]
[CA][tick=21121][map=0][actor=Human428@(701,371)][contact=(974,667)] Pixie: is told about a contact [hostile-id 98302, copied-cell (974, 0, 667), source-tick 17611, acquired-tick 21121, evidence Visual, source-id 98302, confidence 1.00, uncertainty 0.00, delivery Voice, reporter-id 431, state Active]
[CA][tick=21121][map=0][actor=Human428@(701,371)][contact=(974,674)] Pixie: is told about a contact [hostile-id 98374, copied-cell (974, 0, 674), source-tick 16321, acquired-tick 21121, evidence Visual, source-id 98374, confidence 1.00, uncertainty 0.00, delivery Voice, reporter-id 431, state Active]
[CA][tick=21121][map=0][actor=Human428@(701,371)][contact=(974,669)] Pixie: is told about a contact [hostile-id 98433, copied-cell (974, 0, 669), source-tick 17671, acquired-tick 21121, evidence Visual, source-id 98433, confidence 1.00, uncertainty 0.00, delivery Voice, reporter-id 431, state Active]
[CA][tick=21135][map=0][actor=Human428@(701,371)] Pixie: protective apparel SKIPPED - no permitted compatible protective apparel within 36 cells
[CA][tick=21150][map=0][actor=Human428@(701,371)][contact=(665,380)][destination=(407,380)][anchor=(701,371)][origin=player-delegated][controller=food-safety][episode=70][behavior=survival.food_choice][authority=PlayerDelegated:player delegation][issuer=428] Pixie: routine meal pickup SKIPPED - fresh hostile contact makes the exposed food route nonessential
[CA][TickProbe] 300 ticks, ms/tick: total 43.60; mapPre 0.67; listNormal 26.09; listRare 0.01; listLong 3.75; world 0.18; story 0.00; mapPost 12.61 [animals 0.00; plants 0.79; power 0.05; steady 8.77; components 2.03; gas 0.00; pollution 0.00; lords 0.04; resources 0.00; fireWatch 0.00; flecks 0.22; postOther 0.00]; gameComp 0.01; other 0.30; post:GameConditionManager 0.01; post:TempTerrainManager 0.66; post:DeferredSpawner 0.00; post:PassingShipManager 0.00; post:DebugCellDrawer 0.00; post:VoluntarilyJoinableLordsStarter 0.00; post:WeatherManager 0.02; post:WeatherDecider 0.01; post:EffecterMaintainer 0.00; comp:KnowledgeMapComponent 1.22; comp:CASpatialCombatMemoryMapComponent 0.20; comp:CAPatrolSystemMapComponent 0.20; comp:FishShadowComponent 0.16; comp:SquadSupportMapComponent 0.09; comp:CADraftedCombatInitiativeMapComponent 0.06
[CA][tick=21391][map=0][actor=Human431@(698,380)][target=Human97551@(668,381)][contact=(668,381)][destination=(691,378)][anchor=(698,380)][origin=player-delegated][controller=fire-position][episode=72][behavior=combat.fire_position_adjustment][authority=PlayerDelegated:player combat behavior permission][issuer=431] Hampton: improves firing position to (691, 0, 378) (score -1.57 -> -0.06, lane risk 1.00 -> 0.00, friendly-sector risk 0.00 -> 0.00 (route cells 0, route max 0.00), cover 0.00 -> 0.00, support 0.00 -> 0.00, pressure 0.47 -> 0.50, hazard 0.00 -> 0.00, crowding 0.62 -> 0.00, force 3.00/0.00 -> 3.00/0.48; competence Shooting 4, Intellectual 8, tactical synthesis 0.29, decision delay 145 ticks, search radius 7.4 cells, bounded approach 3.3 cells; condition pain 0.00, consciousness 1.00, movement 1.00, manipulation 1.00, breathing 1.00, blood-pumping 1.00, blood-loss 0.00, bleed 0.00, vital-injury no, death-in-ticks none, combat-power 1.00)
[CA][tick=21451][map=0][actor=Human97551@(669,380)] Paisley: updates welfare concern 425 - state Unassessed -> Unassessed, downed True -> True, cell (692, 0, 386) -> (692, 0, 386), evidence Visual/Voice -> Visual/None, revision 6
[CA][tick=21481][map=0][actor=Human97626@(662,387)] Grell: updates welfare concern 425 - state Unassessed -> Unassessed, downed True -> True, cell (692, 0, 386) -> (692, 0, 386), evidence Visual/None -> Visual/Voice, revision 11
[CA][tick=21540][map=0][actor=Human431@(691,378)][target=Human97551@(670,379)][contact=(670,379)][destination=(686,382)][anchor=(691,378)][origin=player-delegated][controller=fire-position][episode=73][behavior=combat.fire_position_adjustment][authority=PlayerDelegated:player combat behavior permission][issuer=431] Hampton: improves firing position to (686, 0, 382) (score 0.10 -> 0.38, lane risk 0.00 -> 0.00, friendly-sector risk 0.00 -> 0.00 (route cells 0, route max 0.00), cover 0.00 -> 0.55, support 0.00 -> 0.00, pressure 0.52 -> 0.39, hazard 0.00 -> 0.00, crowding 0.00 -> 0.00, force 3.00/0.70 -> 3.00/1.00; competence Shooting 4, Intellectual 8, tactical synthesis 0.29, decision delay 145 ticks, search radius 7.4 cells, bounded approach 3.3 cells; condition pain 0.00, consciousness 1.00, movement 1.00, manipulation 1.00, breathing 1.00, blood-pumping 1.00, blood-loss 0.00, bleed 0.00, vital-injury no, death-in-ticks none, combat-power 1.00)
[CA][TickProbe] 300 ticks, ms/tick: total 39.91; mapPre 0.63; listNormal 24.66; listRare 0.01; listLong 3.05; world 0.16; story 0.00; mapPost 11.14 [animals 0.00; plants 0.64; power 0.04; steady 7.99; components 1.57; gas 0.00; pollution 0.00; lords 0.03; resources 0.00; fireWatch 0.00; flecks 0.22; postOther 0.00]; gameComp 0.01; other 0.27; post:GameConditionManager 0.01; post:TempTerrainManager 0.58; post:DeferredSpawner 0.00; post:PassingShipManager 0.00; post:DebugCellDrawer 0.00; post:VoluntarilyJoinableLordsStarter 0.00; post:WeatherManager 0.02; post:WeatherDecider 0.01; post:EffecterMaintainer 0.00; comp:KnowledgeMapComponent 1.09; comp:CASpatialCombatMemoryMapComponent 0.16; comp:FishShadowComponent 0.14; comp:CADraftedCombatInitiativeMapComponent 0.06; comp:SquadSupportMapComponent 0.03; comp:EquipTransitionMapComponent 0.01
[CA][tick=21645][map=0][actor=Human431@(686,382)][target=Human97551@(670,379)][contact=(670,379)][anchor=(686,382)][origin=player-delegated][controller=raid-defense][episode=74][behavior=combat.local_reaction][authority=PlayerDelegated:player combat behavior permission][issuer=431] Hampton: commits to ranged contact Paisley for two native attack cycles
[CA][tick=21698][map=0][actor=LabradorRetriever104615@(692,381)] Ragdoll: seeks safety after direct gunfire (vigilance 0.42, nerve 0.45, attachment 1.00, defense 0.22)
[CA][tick=21706][map=0][actor=Peacock366125@(691,390)] peacock: seeks safety after direct gunfire (vigilance 0.43, nerve 0.33, attachment 0.00, defense 0.15)
[CA][tick=21735][map=0][actor=Human428@(700,373)] Pixie: protective apparel SKIPPED - no permitted compatible protective apparel within 36 cells
[CA][tick=21750][map=0][actor=Human428@(700,373)][contact=(668,381)][destination=(407,380)][anchor=(700,373)][origin=player-delegated][controller=food-safety][episode=75][behavior=survival.food_choice][authority=PlayerDelegated:player delegation][issuer=428] Pixie: routine meal pickup SKIPPED - fresh hostile contact makes the exposed food route nonessential
