Mono path[0] = 'C:/Program Files (x86)/Steam/steamapps/common/RimWorld/RimWorldWin64_Data/Managed'
Mono config path = 'C:/Program Files (x86)/Steam/steamapps/common/RimWorld/MonoBleedingEdge/etc'
[PhysX] Initialized MultithreadedTaskDispatcher with 32 workers.
Initialize engine version: 2022.3.35f1 (011206c7a712)
[Subsystems] Discovering subsystems at path C:/Program Files (x86)/Steam/steamapps/common/RimWorld/RimWorldWin64_Data/UnitySubsystems
GfxDevice: creating device client; threaded=1; jobified=0
Direct3D:
    Version:  Direct3D 11.0 [level 11.1]
    Renderer: NVIDIA GeForce RTX 4090 Laptop GPU (ID=0x2757)
    Vendor:   NVIDIA
    VRAM:     16048 MB
    Driver:   32.0.16.1062
Begin MonoManager ReloadAssembly
- Loaded All Assemblies, in  0.124 seconds
- Finished resetting the current domain, in  0.001 seconds
<RI> Initializing input.
<RI> Input initialized.
<RI> Initialized touch support.
[PhysX] Initialized MultithreadedTaskDispatcher with 32 workers.
UnloadTime: 0.924800 ms
Setting breakpad minidump AppID = 294100
SteamInternal_SetMinidumpSteamID:  Caching Steam ID:  76561198137837726 [API loaded no]
RimWorld 1.6.4871 rev591
Fallback handler could not load library C:/Program Files (x86)/Steam/steamapps/common/RimWorld/RimWorldWin64_Data/MonoBleedingEdge/data-0000015CB0FFD910.dll
Fallback handler could not load library C:/Program Files (x86)/Steam/steamapps/common/RimWorld/RimWorldWin64_Data/MonoBleedingEdge/data-0000015CE0C76AA0.dll
Fallback handler could not load library C:/Program Files (x86)/Steam/steamapps/common/RimWorld/RimWorldWin64_Data/MonoBleedingEdge/data-0000015CE2675020.dll
Direct3D: detected that using refresh rate causes time drift. Will stop trusting refresh rate until the game window is moved.
Direct3D: detected that vsync is broken (it does not limit frame rate properly). Delta time will now be calculated using cpu-side time stampling until the game window is moved.
[CA][Regional][Root] RockNoises.Init: replaced 1 map.Tile read(s) with the footprint anchor - stone palette - NaturalRockTypesIn(map.Tile) fixes both the native rock set and, because each RockNoise draws Rand.Range in iteration order, the rockDef->Perlin pairing that CA's union postfix extends
[CA][Regional][Root] MapCellsInRandomOrder.CreateListIfShould: replaced 1 map.Tile read(s) with the footprint anchor - initial plant layout - GenStep_Plants walks this order and its shuffle is seeded worldSeed ^ map.Tile hash
[CA][Regional][Root] GenStep_Pollution.Generate: replaced 1 map.Tile read(s) with the footprint anchor - map-wide pollution percentage is read off the parented tile's pollution value
[CA][Regional][Root] GenStep_Snow.Generate: replaced 1 map.Tile read(s) with the footprint anchor - snow depth counts twelfths below freezing at map.Tile
[CA][Regional][Root] MapTemperature.get_SeasonalTemp: replaced 1 map.Tile read(s) with the footprint anchor - seasonal temperature is climate, and one backing map has one climate; it also feeds GenStep_Snow's depth
[CA][Regional][Root] MapTemperature.get_OutdoorTemp: replaced 1 map.Tile read(s) with the footprint anchor - outdoor temperature, same reason as SeasonalTemp
[CA][Regional][Root] GenLocalDate.Twelfth: replaced 1 map.Tile read(s) with the footprint anchor - the twelfth is a climate/season reading, and GenStep_Snow takes it from the map
[CA][Regional][Root] GenLocalDate.Season: replaced 1 map.Tile read(s) with the footprint anchor - season, same reason as Twelfth
[CA][Regional][Root] TileMutatorWorker_MineralRich.GeneratePostTerrain: replaced 1 map.Tile read(s) with the footprint anchor - which mineral the landmark yields is feature identity
[CA][Regional][Root] TileMutatorWorker_Stockpile.GeneratePostFog: replaced 1 map.Tile read(s) with the footprint anchor - which stockpile type the hatch carries is feature identity
[CA][Regional][Root] PollutionGrid.PollutionTick: replaced 3 map.Tile read(s) with the footprint anchor sentinel (write suppressed) - the only WRITE in the root trace; suppressed for regional maps rather than re-anchored
[CA][Regional][Root] MapGenerator.GenerateMap: replaced 1 parent.Tile read(s); the map generation master seed is now footprint-anchored.
[CA][Regional][Root] GenStep_Pollution.Generate: replaced 1 map.Tile read(s) with the footprint anchor - map-wide pollution percentage is read off the parented tile's pollution value
[CA][Regional][Root] GenStep_Snow.Generate: replaced 1 map.Tile read(s) with the footprint anchor - snow depth counts twelfths below freezing at map.Tile
[CA][Regional][Root] MapGenerator.GenerateMap: replaced 1 parent.Tile read(s); the map generation master seed is now footprint-anchored.
[CA][Regional] TerrainFrom: redirected 2 map.TileInfo.Mutators read(s) to the selected area owning the cell; geographic halo reads are neutral.
[CA][Regional] BeachTerrainAt: redirected 1 map.TileInfo.Mutators read(s) to the selected area owning the cell; geographic halo reads are neutral.
[CA][Regional] LakeshoreTerrainAt: redirected 1 map.TileInfo.Mutators read(s) to the selected area owning the cell; geographic halo reads are neutral.
[CA][Regional] MudTerrainAt: redirected 1 map.TileInfo.Mutators read(s) to the selected area owning the cell; geographic halo reads are neutral.
[CA][Regional] RiverbankTerrainAt: redirected 1 map.TileInfo.Mutators read(s) to the selected area owning the cell; geographic halo reads are neutral.
[CA][MapSize] transpiler: redirected 2 MapSizes/TestMapSizes field-read(s) in the size loop to CA's source-scale catalog; the drawn list no longer trusts the mutable field
[CA][Regional] TerrainFrom: redirected 2 map.TileInfo.Mutators read(s) to the selected area owning the cell; geographic halo reads are neutral.
[CA][Regional][Root] MapGenerator.GenerateMap: replaced 1 parent.Tile read(s); the map generation master seed is now footprint-anchored.
[CA][Regional][Root] GenStep_Pollution.Generate: replaced 1 map.Tile read(s) with the footprint anchor - map-wide pollution percentage is read off the parented tile's pollution value
[CA][Regional][Root] GenStep_Snow.Generate: replaced 1 map.Tile read(s) with the footprint anchor - snow depth counts twelfths below freezing at map.Tile
[CA][Regional][Root] RockNoises.Init: replaced 1 map.Tile read(s) with the footprint anchor - stone palette - NaturalRockTypesIn(map.Tile) fixes both the native rock set and, because each RockNoise draws Rand.Range in iteration order, the rockDef->Perlin pairing that CA's union postfix extends
[CA][Regional][Root] MapGenerator.GenerateMap: replaced 1 parent.Tile read(s); the map generation master seed is now footprint-anchored.
[Colonist Awareness] dual wield seams installed
[CA][Regional] advanced map sizes installed: 200, 225, 250, 275, 300, 325, 350, 400, 500; each is a local source scale independent of regional extent
[CA][Regional] persistent regional footprint layer verification deferred until Surface Def injection
[CA][Regional] Map Preview compatibility deferred until main-thread DefOf initialization
[Colonist Awareness] loaded; behavior trace on.
[CA][Regional] starting-region authoring, projected geography, strategic overview, and saved settlement overlays installed.
ReGrowth 2 5.1-rev6
Parsed 0.3 as int.
Parsed 0.3 as int.
Key binding conflict: MainTab_History and MainTab_AM_LevelSchedule are both bound to F9.
Key binding conflict: MainTab_AM_LevelSchedule and MainTab_History are both bound to F9.
[CA][Authoring] An incompatible pending creation draft or reusable authoring profile was discarded. Realized campaign history is governed by the durable campaign schema and was not reset through this path.
[CA][Regional] persistent regional footprint world layer verified from Surface Def
[CA][Regional] Map Preview compatibility installed against the 1.6 three-argument size API; regional requests use the selected composition's exact backing frame and shared projection steps; inhabited settlement materialization remains preview-inert
[CA][VehicleFramework] resolved bundled Shader Materials/ShaderRGBPattern.shader through its retained upstream identity.
[CA][VehicleFramework] resolved bundled Shader Materials/ShaderRGBSkin.shader through its retained upstream identity.
[CA][VehicleFramework] resolved bundled Shader Materials/ShaderRGB.shader through its retained upstream identity.
Translation data for language English has 1 errors. Generate translation report for more info.
[Simple FX: Splashes] The following terrains have been defined as being hard:
 - rough-hewn vacstone
 - rough vacstone
 - rough-hewn marble
 - rough marble
 - rough-hewn slate
 - rough slate
 - rough-hewn limestone
 - rough limestone
 - rough-hewn granite
 - rough granite
 - rough-hewn sandstone
 - rough sandstone
 - Striped ceramic tiles
 - ceramic tile（black）
 - ceramic tile
 - ancient heavy bridge
 - heavy bridge
 - gravship substructure
 - vacstone flagstone
 - vacstone tile
 - hex tile
 - totemic vacstone tile
 - totemic marble tile
 - totemic slate tile
 - totemic limestone tile
 - totemic granite tile
 - totemic sandstone tile
 - spikecore plates
 - vacstone spikecore tile
 - marble spikecore tile
 - slate spikecore tile
 - limestone spikecore tile
 - granite spikecore tile
 - sandstone spikecore tile
 - morbid vacstone tile
 - morbid marble tile
 - morbid slate tile
 - morbid limestone tile
 - morbid granite tile
 - morbid sandstone tile
 - fine vacstone tile
 - fine marble tile
 - fine slate tile
 - fine limestone tile
 - fine granite tile
 - fine sandstone tile
 - broken asphalt
 - marble flagstone
 - slate flagstone
 - limestone flagstone
 - granite flagstone
 - sandstone flagstone
 - marble tile
 - slate tile
 - limestone tile
 - granite tile
 - sandstone tile
 - sterile tile
 - gold tile
 - silver tile
 - steel tile
 - paved tile
 - concrete
[TrueTerrainColors v1.12.26] Loaded cached true colors for 568 terrain defs from file.
[CA][Regional][Root] PollutionGrid.PollutionTick: replaced 3 map.Tile read(s) with the footprint anchor sentinel (write suppressed) - the only WRITE in the root trace; suppressed for regional maps rather than re-anchored
[CA][TickProbe] armed: DoSingleTick attribution every 300 ticks
[CA][SteadySub] armed: DoCellSteadyEffects sub-attribution every 300 ticks; bracketing inflates absolute ms -- read the split; rebuild is a subset of room
[CA][Exercise] ARMED: the exercise will author a two-faction regional candidate at the menu, generate it through the native lifecycle, run every receipt, capture screenshots and exit
[Colonist Awareness] Simple Sidearms bridge active
[CA][Regional][Jobs][MapListerIndex] installed; stable-order Add=True Remove=True; lists below 4096 entries stay native; env CA_REGIONAL_LISTER_INDEX=0 disables and CA_REGIONAL_LISTER_INDEX_AUDIT=n sets sampling
[CA][Regional][Jobs][PlantMask] plant frozen-term prediction screen installed in-chain on the AcceptanceReport overload; SERVE mode (proven rejects skip the original; postfix chain still runs and re-verifies); frozen-term surface gate allowing exactly 4 proven method/kind/owner entries; extraction after 4096 in-scope calls under a 96 MB checked cap; env CA_REGIONAL_PLANTMASK=0 disables at load, CA_REGIONAL_PLANTMASK_SERVE=0 restores full native audit mode
[CA][Regional][Jobs] regional RockChunks noise jobs installed: parallel grid build on regional maps only, native Rand/traversal/spawn order retained; workers=8 (processors 32 - 2, clamped 1-8); sequential-verify on; env CA_REGIONAL_JOBS=0 disables at load, CA_REGIONAL_JOBS_SEQUENTIAL=1 forces one worker, CA_REGIONAL_JOBS_WORKERS=n overrides, CA_REGIONAL_JOBS_VERIFY=0 skips the live equivalence pass; ReGrowth RockChunks postfix timing installed
[CA][Regional][Root] GenStep_Pollution.Generate: replaced 1 map.Tile read(s) with the footprint anchor - map-wide pollution percentage is read off the parented tile's pollution value
[CA][Regional][Root] GenStep_Snow.Generate: replaced 1 map.Tile read(s) with the footprint anchor - snow depth counts twelfths below freezing at map.Tile
[CA][Regional][Jobs][SpawnPath] ordered-commit attribution and spawned-things index installed; spawned-things index on; native-scan audit stride 256; env CA_REGIONAL_SPAWNPATH=0 disables at load, CA_REGIONAL_SPAWNPATH_INDEX=0 keeps receipts but serves native scans, CA_REGIONAL_SPAWNPATH_AUDIT=n samples every nth served index against the native scan; optional wraps: 16 installed [spawn,wipe,despawn,listerRemove,filth,rebuildAll,rebuildDirty,plantCheck,plantSaturated,plantCanGrow,plantClusters,plantSuccession,plantDistribution,scatterCalc,scatterFind,genstepBoundaries:98]
[CA][Regional][Jobs][NoiseGrids] regional terrain noise grids installed: elevation/fertility routed; TerrainAt routed; flood-fill lambda routed; workers=8; sequential-verify off; caps 16 grids / 160 MB per scope; worker graphs fail closed to exact Perlin/Const/Displace/Scale/Rotate/ScaleBias/Multiply types; materialize after max(4096, ceil(area/workers)) in-bounds requests; one worker stays native; env CA_REGIONAL_NOISEGRIDS=0 disables at load, _SEQUENTIAL=1 forces one worker, _WORKERS=n overrides, _VERIFY=1 enables the live full-grid bitwise rebuild; regional rock-selection noises routed directly.
[SmashPhil.VehicleFramework] Compatibility Patches: ludeon.rimworld.odyssey,VanillaExpanded.VCEF
[CA][VehicleFramework] resolved bundled Texture2D Textures/SmashTools/VideoSkiptoNext.png through its retained upstream identity.
[CA][VehicleFramework] resolved bundled Texture2D Textures/UI/Cursors/MouseHandOpen.png through its retained upstream identity.
[CA][VehicleFramework] resolved bundled Texture2D Textures/UI/Cursors/MouseHandClosed.png through its retained upstream identity.
[CA][VehicleFramework] resolved bundled Shader Materials/ShaderRGBUI.shader through its retained upstream identity.
[CA][VehicleFramework] resolved bundled Shader Materials/ShaderRGBPatternUI.shader through its retained upstream identity.
[CA][VehicleFramework] resolved bundled Shader Materials/ShaderRGBSkinUI.shader through its retained upstream identity.
[CA][VehicleFramework] resolved bundled Texture2D Textures/UI/Gizmos/GearDrive.png through its retained upstream identity.
[CA][VehicleFramework] resolved bundled Texture2D Textures/UI/Gizmos/GearReverse.png through its retained upstream identity.
[CA][VehicleFramework] resolved bundled Texture2D Textures/UI/Gizmos/RefuelFromCargo.png through its retained upstream identity.
[CA][VehicleFramework] resolved bundled Texture2D Textures/UI/Icons/Rotate.png through its retained upstream identity.
[VehicleFramework] version 1.4.1.0-alpha
[CA][VehicleFramework] resolved bundled Texture2D Textures/UI/Icons/EfficiencyHills.png through its retained upstream identity.
[CA][VehicleFramework] resolved bundled Texture2D Textures/UI/Icons/EfficiencyRiver.png through its retained upstream identity.
[CA][VehicleFramework] resolved bundled Texture2D Textures/UI/Icons/EfficiencyRoads.png through its retained upstream identity.
[CA][Regional][Root] MapGenerator.GenerateMap: replaced 1 parent.Tile read(s); the map generation master seed is now footprint-anchored.
Unloading 5 Unused Serialized files (Serialized files now loaded: 7)
MVCF successfully applied 0 patches
Unloading 193 unused Assets to reduce memory usage. Loaded Objects now: 31561.
Total: 339.158200 ms (FindLiveObjects: 1.131900 ms CreateObjectMapping: 0.754600 ms MarkObjects: 336.755000 ms  DeleteObjects: 0.516400 ms)

adding BorealForestto primary biomes
adding Tundrato primary biomes
adding ColdBogto primary biomes
adding IceSheetto primary biomes
adding TemperateForestto primary biomes
adding TemperateSwampto primary biomes
adding TropicalRainforestto primary biomes
adding TropicalSwampto primary biomes
adding AridShrublandto primary biomes
adding Desertto primary biomes
adding ExtremeDesertto primary biomes
adding GlacialPlainto primary biomes
adding Glowforestto primary biomes
adding Grasslandsto primary biomes
adding LavaFieldto primary biomes
adding Scarlandsto primary biomes
adding RG_AspenForestto primary biomes
finished biome cycle
finished biome cycle
finished biome cycle
finished biome cycle
finished biome cycle
finished biome cycle
finished biome cycle
finished biome cycle
finished biome cycle
finished biome cycle
finished biome cycle
finished biome cycle
finished biome cycle
finished biome cycle
finished biome cycle
finished biome cycle
finished biome cycle
[CA][Exercise] fixed benchmark setup: world seed CA-B18-PERFORMANCE-CONVERGENCE, starting-tile seed 181806, run RNG seed 181814, scale 400x6
[CA][Exercise] authored candidate CA-RG-C42D7CC3 at tile 115253: contested · regional center; 4 settlements, 2 factions
Unloading 3 Unused Serialized files (Serialized files now loaded: 7)
[PhysX] Initialized MultithreadedTaskDispatcher with 32 workers.
UnloadTime: 1.037100 ms
Unloading 2 unused Assets to reduce memory usage. Loaded Objects now: 31759.
Total: 355.040900 ms (FindLiveObjects: 1.220300 ms CreateObjectMapping: 0.798900 ms MarkObjects: 352.954200 ms  DeleteObjects: 0.067100 ms)

Initializing new game with mods:
  - brrainz.harmony
  - Ludeon.RimWorld
  - Ludeon.RimWorld.Royalty
  - Ludeon.RimWorld.Ideology
  - Ludeon.RimWorld.Biotech
  - Ludeon.RimWorld.Odyssey
  - XMB.AncientUrbanrUins.MO
  - IH.Clean.Textures.Background
  - OskarPotocki.VanillaFactionsExpanded.Core
  - VanillaExpanded.VCEF
  - ReGrowth.BOTR.Core
  - IH.Clean.Textures
  - RedMattis.BetterGeneInheritance
  - Adamas.Hospital
  - costel.layeredapparel
  - m00nl1ght.MapPreview
  - ReGrowth.BOTR.AspenForest
  - PeteTimesSix.SimpleSidearms
  - weilbyte.snapout
  - Arylice.Rimworld.AutomaticStumpChopping
  - Nals.FacialAnimation
  - EdB.PrepareCarefully
  - ferny.ProgressionEducation
  - ferny.ProgressionTherapy
  - ferny.TraumaAndIntegrity
  - ellyj3rain.colonistawareness
[CA][Regional] transient developer exercise CA-RG-C42D7CC3 registered for this runtime only; it is excluded from durable regional world state and cannot be saved; compatibility at registration: 1 attachments across 1 source tiles; 1 obligations; mechanism [RuntimeWorkerBehaviour=1]; def readiness [ImplementedUnverified=1]; obligation readiness [ImplementedUnverified=1].
[CA][Regional] created authored world faction Assembly of the Ford from CannibalPirate; visible True
[CA][Regional] created authored world faction Charter Towns from CannibalPirate; visible True
[CA][Faction] setup pass (region CA-RG-C42D7CC3): 15 Culture identities, 672 Culture questions, 15 political-belief sets, 0 political-belief fields, 15 technological-knowledge sets, 0 represented institutional mechanisms generated; 2 non-humanlike factions skipped; unsupported political fields remain unset; Ideoligions unchanged
[CA][Regional] queued regional 400-cell source scale; local tile scale 400x400; aggregate backing 1246x1080 for surface tile 115253,0; source members 115253,115260,39480,115255,115261,66123; landing 115253; authored settlements 4
[CA][Regional][Root] engine root: map 0 parented to landing tile 115253; footprint anchor 115253 (CA-RG-C42D7CC3) now answers every intercepted root read
[CA][Regional][Timing] projection 1246x1080 map 0: composition 0E91A2B00FCB3D20; classification 3715 ms; smoothing/cache 182 ms; water depth 73 ms; littoral 21 ms; diagnostics 101 ms; total 4093 ms
[CA][Regional][Jobs][SpawnPath] scope opened for 1246x1080 map 0 with 0 pre-spawned things; spawned-things index on; native-scan audit stride 256; env CA_REGIONAL_SPAWNPATH=0 disables at load, CA_REGIONAL_SPAWNPATH_INDEX=0 keeps receipts but serves native scans, CA_REGIONAL_SPAWNPATH_AUDIT=n samples every nth served index against the native scan
[CA][Regional][Jobs][NoiseGrids] scope opened for 1246x1080 map 0; workers=8; sequential-verify off; caps 16 grids / 160 MB per scope; worker graphs fail closed to exact Perlin/Const/Displace/Scale/Rotate/ScaleBias/Multiply types; materialize after max(4096, ceil(area/workers)) in-bounds requests; one worker stays native; env CA_REGIONAL_NOISEGRIDS=0 disables at load, _SEQUENTIAL=1 forces one worker, _WORKERS=n overrides, _VERIFY=1 enables the live full-grid bitwise rebuild; scope materialization threshold=168210
[CA][Regional][Timing][GenStep] starting RimWorld.GenStep_ElevationFertility [ElevationFertility] for 1246x1080 map 0
[CA][Regional][Jobs][NoiseGrids] Multiply#1 built for map 0: 425 ms across 8 workers, checksum 1614B909101A4FA6, audit off
[CA][Regional][Jobs][NoiseGrids] ScaleBias#2 built for map 0: 123 ms across 8 workers, checksum 49C4164F994E1B7F, audit off
[CA][Regional][Timing][GenStep] RimWorld.GenStep_ElevationFertility [ElevationFertility] completed in 1065 ms for 1246x1080 map 0
[CA][Regional][Timing][GenStep] starting RimWorld.GenStep_ScaleElevation [GrasslandsElevationReduction] for 1246x1080 map 0
[CA][Regional][Timing][GenStep] RimWorld.GenStep_ScaleElevation [GrasslandsElevationReduction] completed in 62 ms for 1246x1080 map 0
[CA][Regional][Timing][GenStep] starting RimWorld.GenStep_MutatorPostElevationFertility [MutatorPostElevationFertility] for 1246x1080 map 0
[CA][Regional] member-mutator loss receipt for map 0; root tile 115253 of 59 geographic source tiles (58 non-root); root mutators [none]; per-source [1344:none | 4359:none | 4363:none | 7316:none | 9304:none | 12547:none | 12548:none | 21404:none | 21406:none | 21407:none | 39476:none | 39477:none | 39478:none | 39479:none | 39480:none | 39481:WildPlants | 39500:none | 39505:none | 39521:none | 39522:none | 39523:none | 48039:none | 48040:none | 48041:none | 48042:none | 66119:none | 66120:SunnyMutator | 66121:none | 66122:MixedBiome | 66123:none | 66124:none | 66143:AnimalLife_Decreased,AncientToxVent,Pollution_Increased | 66144:none | 66148:none | 66165:none | 66166:none | 83844:none | 83845:none | 83846:none | 83848:none | 83849:none | 83850:none | 95797:none | 95798:WindyMutator | 95799:none | 115245:none | 115252:MixedBiome | 115253:root:none | 115254:none | 115255:WildPlants | 115256:none | 115257:AnimalHabitat | 115258:none | 115259:WildPlants | 115260:none | 115261:none | 115262:none | 115263:none | 115264:none]; union [WildPlants,SunnyMutator,MixedBiome,AnimalLife_Decreased,AncientToxVent,Pollution_Increased,WindyMutator,AnimalHabitat]; member-only discarded [AncientToxVent,AnimalHabitat,AnimalLife_Decreased,MixedBiome,Pollution_Increased,SunnyMutator,WildPlants,WindyMutator]; provisional hook-shape classes, not verified scope [AncientToxVent=incompatible (hooks NonCriticalStructures; on 1 member tiles 66143) | AnimalHabitat=region-wide (hooks none; on 1 member tiles 115257) | AnimalLife_Decreased=region-wide (hooks none; on 1 member tiles 66143) | MixedBiome=region-wide (hooks none; on 2 member tiles 66122,115252) | Pollution_Increased=region-wide (hooks none; on 1 member tiles 66143) | SunnyMutator=region-wide (hooks none; on 1 member tiles 66120) | WildPlants=region-wide (hooks none; on 3 member tiles 39481,115255,115259) | WindyMutator=region-wide (hooks none; on 1 member tiles 95798)]; suppression flags [preventNaturalElevation root=clear, root discards 0 member tiles carrying it, root imposes on 0 not carrying it | preventPatches root=clear, root discards 0 member tiles carrying it, root imposes on 0 not carrying it | preventsPondGeneration root=clear, root discards 0 member tiles carrying it, root imposes on 0 not carrying it]; density factors [animal root=1.00, 1 member tiles differ, 1 non-unit, member range 0.50-1.00 | plant root=1.00, 0 member tiles differ, 0 non-unit, member range 1.00-1.00 | junk root=1.00, 0 member tiles differ, 0 non-unit, member range 1.00-1.00 | geyser root=1.00, 0 member tiles differ, 0 non-unit, member range 1.00-1.00 | chunk root=1.00, 0 member tiles differ, 0 non-unit, member range 1.00-1.00 | fish root=1.00, 0 member tiles differ, 0 non-unit, member range 1.00-1.00]
[CA][Regional] projected mountain field: 0 mountainous source tiles; 0 cells raised (0.0% of map), 0 at or above 0.70; peak add 0.000
[CA][Regional] projected caves: no cave-bearing source tiles
[CA][Regional][Timing][GenStep] RimWorld.GenStep_MutatorPostElevationFertility [MutatorPostElevationFertility] completed in 42 ms for 1246x1080 map 0
[CA][Regional][Timing][GenStep] starting ColonistAwareness.GenStep_CARegionalProjection [CA_RegionalProjection] for 1246x1080 map 0
[CA][Regional] compatibility gate failed at GENERATION for candidate 4e2b70996e42 - This region contains content CA cannot yet generate correctly: WildPlants on 1 tile - overall ImplementedUnverified; unresolved: AdditionalWildPlants (ImplementedUnverified: selected member additions are unioned into the map-wide candidate/commonality caches, then PlantChoiceWeight uses its cell to retain mutator-only species on the carrying area's visible land). Choose a different region, or remove the landmarks carrying it, before continuing. (1 attachments across 1 source tiles; 1 obligations; mechanism [RuntimeWorkerBehaviour=1]; def readiness [ImplementedUnverified=1]; obligation readiness [ImplementedUnverified=1]) Continuing as the explicitly accepted transient test; saving is disabled and this result is evidence, not a durable-world compatibility claim.
[CA][Regional] compatibility: 1 attachments across 1 source tiles; 1 obligations; mechanism [RuntimeWorkerBehaviour=1]; def readiness [ImplementedUnverified=1]; obligation readiness [ImplementedUnverified=1]
[CA][Regional] candidate 4e2b70996e42 confirmed is generating; feature identities and seeds derive from it. Preview-to-generation equivalence is NOT established by this - it requires both to consume the same execution contracts and remains unverified.
[CA][Regional] continuously projected 59 geographic sampling tiles (land 59, water 0; 6 selected core) at 400 local cells each onto aggregate 1246x1080 map 0; landing member 115253; sampling tile ids 1344, 4359, 4363, 7316, 9304, 12547, 12548, 21404, 21406, 21407, 39476, 39477, 39478, 39479, 39480, 39481, 39500, 39505, 39521, 39522, 39523, 48039, 48040, 48041, 48042, 66119, 66120, 66121, 66122, 66123, 66124, 66143, 66144, 66148, 66165, 66166, 83844, 83845, 83846, 83848, 83849, 83850, 95797, 95798, 95799, 115245, 115252, 115253, 115254, 115255, 115256, 115257, 115258, 115259, 115260, 115261, 115262, 115263, 115264; frame origin 13.8991,16.0192; center offset -0.2549,-0.0915; scale 1397.190 cells/degree; biomes AridShrubland, Grasslands; perimeter water neighbors none; vanilla-profile beach cells 0; shallow-water depth 40; biome cells [AridShrubland:940360, Grasslands:405320]; cross-biome edges 1920; triple-junction quads 0; micro-fragment cells reassigned 0; projected water 0 (maximum depth 0, shallow 0, deep 0, isotropic chamfer); retained water 0 (shoreline 0, share 0.0%); selected-core land 846720; geographic-halo land 498960; vanilla-profile beach cells 0; littoral components 0 (largest 0, tiny 0); source-center checks land 0 flooded, water 0 dry; adjacent land joins 16 checked, 0 severed; coastal atolls 0 (lagoon cells 0, ring land 0, classification changes beyond carrier ownership 0); coves 0 (water cells 0, classification changes beyond carrier ownership 0); archipelagos 0 (water cells 0, classification changes beyond carrier ownership 0); timing classification 3715 ms; smoothing/cache 182 ms; water depth 73 ms; littoral 21 ms; diagnostics 101 ms; total 4093 ms; elevation application 158 ms; genstep total 158 ms; river-valley relief cells 0
[CA][Regional][Timing][GenStep] ColonistAwareness.GenStep_CARegionalProjection [CA_RegionalProjection] completed in 159 ms for 1246x1080 map 0
[CA][Regional][Timing][GenStep] starting RimWorld.GenStep_RocksFromGrid [RocksFromGrid] for 1246x1080 map 0
[CA][Regional][Timing][GenStep] starting RimWorld.GenStep_ScatterLumpsMineable for 1246x1080 map 0
Not generating ores for asteroid step
Not generating ores for asteroid step
Not generating ores for asteroid step
Not generating ores for asteroid step
Not generating ores for asteroid step
Not generating ores for asteroid step
Not generating ores for asteroid step
Not generating ores for asteroid step
Not generating ores for asteroid step
Not generating ores for asteroid step
Not generating ores for asteroid step
Not generating ores for asteroid step
Not generating ores for asteroid step
Not generating ores for asteroid step
Not generating ores for asteroid step
Not generating ores for asteroid step
Not generating ores for asteroid step
Not generating ores for asteroid step
Not generating ores for asteroid step
Not generating ores for asteroid step
Not generating ores for asteroid step
Not generating ores for asteroid step
Not generating ores for asteroid step
Not generating ores for asteroid step
Not generating ores for asteroid step
Not generating ores for asteroid step
Not generating ores for asteroid step
Not generating ores for asteroid step
Not generating ores for asteroid step
Not generating ores for asteroid step
Not generating ores for asteroid step
Not generating ores for asteroid step
Not generating ores for asteroid step
Not generating ores for asteroid step
Not generating ores for asteroid step
Not generating ores for asteroid step
Not generating ores for asteroid step
Not generating ores for asteroid step
Not generating ores for asteroid step
Not generating ores for asteroid step
Not generating ores for asteroid step
Not generating ores for asteroid step
Not generating ores for asteroid step
Not generating ores for asteroid step
Not generating ores for asteroid step
Not generating ores for asteroid step
Not generating ores for asteroid step
Not generating ores for asteroid step
Not generating ores for asteroid step
Not generating ores for asteroid step
Not generating ores for asteroid step
Not generating ores for asteroid step
Not generating ores for asteroid step
Not generating ores for asteroid step
Not generating ores for asteroid step
Not generating ores for asteroid step
Not generating ores for asteroid step
Not generating ores for asteroid step
Not generating ores for asteroid step
Not generating ores for asteroid step
Not generating ores for asteroid step
Not generating ores for asteroid step
Not generating ores for asteroid step
Not generating ores for asteroid step
Not generating ores for asteroid step
Not generating ores for asteroid step
Not generating ores for asteroid step
Not generating ores for asteroid step
Not generating ores for asteroid step
Not generating ores for asteroid step
Not generating ores for asteroid step
Not generating ores for asteroid step
Not generating ores for asteroid step
Not generating ores for asteroid step
Not generating ores for asteroid step
Not generating ores for asteroid step
Not generating ores for asteroid step
Not generating ores for asteroid step
Not generating ores for asteroid step
Not generating ores for asteroid step
Not generating ores for asteroid step
Not generating ores for asteroid step
Not generating ores for asteroid step
Not generating ores for asteroid step
Not generating ores for asteroid step
Not generating ores for asteroid step
Not generating ores for asteroid step
Not generating ores for asteroid step
Not generating ores for asteroid step
Not generating ores for asteroid step
Not generating ores for asteroid step
Not generating ores for asteroid step
Not generating ores for asteroid step
Not generating ores for asteroid step
Not generating ores for asteroid step
Not generating ores for asteroid step
Not generating ores for asteroid step
Not generating ores for asteroid step
Not generating ores for asteroid step
[CA][Regional][Timing][GenStep] RimWorld.GenStep_ScatterLumpsMineable completed in 1293 ms for 1246x1080 map 0
[CA][Regional][Timing][GenStep] RimWorld.GenStep_RocksFromGrid [RocksFromGrid] completed in 2405 ms for 1246x1080 map 0
[CA][Regional][Timing][IndexedRemoval] RimWorld.GenStep_RocksFromGrid [RocksFromGrid] completed with plantDespawns=0 ownerRemovals=6553 listerRemovals=6553 indexedLists=8 snapshotEntries=81702 indexWork=57 ms restore=9 ms comparisonsBypassed=202913282 shiftsBypassed=202307530 canonicalOrder=True for 1246x1080 map 0
[CA][Regional][Jobs][SpawnPath] RimWorld.GenStep_RocksFromGrid [RocksFromGrid] for map 0: spawn=35292/1454ms; wipe=35292/321ms; despawn=6553/110ms; ownerTryAdd=35292/14ms; ownerRemove=6553/12ms; mapListerRemove=6553/56ms; spawnedThings=28739
[CA][Regional][Timing][GenStep] starting RimWorld.GenStep_Terrain [Terrain] for 1246x1080 map 0
Direct3D: detected that using refresh rate causes time drift. Will stop trusting refresh rate until the game window is moved.
Direct3D: detected that vsync is broken (it does not limit frame rate properly). Delta time will now be calculated using cpu-side time stampling until the game window is moved.
[CA][Regional][Progress] Generating terrain: 53% (720896/1345680 cells after 25254 ms) for 1246x1080 map 0
[CA][Regional][Timing][GenStep] RimWorld.GenStep_Terrain [Terrain] completed in 49141 ms for 1246x1080 map 0
[CA][Regional][Timing][GenStep] starting RimWorld.GenStep_MutatorPostTerrain [MutatorPostTerrain] for 1246x1080 map 0
[CA][Regional][Timing][GenStep] RimWorld.GenStep_MutatorPostTerrain [MutatorPostTerrain] completed in 1 ms for 1246x1080 map 0
[CA][Regional][Timing][GenStep] starting ColonistAwareness.GenStep_CARegionalWorldLinks [CA_RegionalWorldLinks] for 1246x1080 map 0
[CA][Regional][Timing][GenStep] ColonistAwareness.GenStep_CARegionalWorldLinks [CA_RegionalWorldLinks] completed in 0 ms for 1246x1080 map 0
[CA][Regional][Timing][GenStep] starting KCSG.GenStep_BiomeStructures [KCSG_GenerateBiomeStructures] for 1246x1080 map 0
[CA][Regional][Timing][GenStep] KCSG.GenStep_BiomeStructures [KCSG_GenerateBiomeStructures] completed in 0 ms for 1246x1080 map 0
[CA][Regional][Timing][GenStep] starting ColonistAwareness.GenStep_CARegionalSettlements [CA_RegionalSettlements] for 1246x1080 map 0
[CA][Faction] setup pass (region CA-RG-C42D7CC3): 0 Culture identities, 0 Culture questions, 0 political-belief sets, 0 political-belief fields, 0 technological-knowledge sets, 0 represented institutional mechanisms generated; 2 non-humanlike factions skipped; unsupported political fields remain unset; Ideoligions unchanged
[CA] morphology Industrial [88 ms] grown over (612,831,676,895) for Assembly of the Ford: 777 cells materialized, 22 lots, 288 cells roofed, 1 district(s), seed -1682655905; ground: 735 paved, 0 wild plants purged, 0 garden(s), 61 gradient street cells, no pier
[CA][Regional][Jobs][SpawnPath] region rebuild entry TryRebuildDirtyRegionsAndRooms during regional generation of map 0; caller stack:
  at System.Environment.get_StackTrace () [0x00000] in <51fded79cd284d4d911c5949aff4cb21>:0 
  at ColonistAwareness.CARegionalSpawnPathPatches.TraceRebuild (System.String entryPoint) [0x00000] in <4a4810a07e034ce5b8045aac7a84c006>:0 
  at ColonistAwareness.CARegionalSpawnPathPatches.RebuildDirtyPrefix (System.Int64& __state) [0x00000] in <4a4810a07e034ce5b8045aac7a84c006>:0 
  at MonoMod.Utils.DynamicMethodDefinition.Verse.RegionAndRoomUpdater.TryRebuildDirtyRegionsAndRooms_Patch4 (Verse.RegionAndRoomUpdater ) [0x00000] in <e53399289d9b419d83f9f5b02c5cf609>:0 
  at MonoMod.Utils.DynamicMethodDefinition.Verse.RegionGrid.GetValidRegionAt_Patch1 (Verse.RegionGrid , Verse.IntVec3 ) [0x00000] in <e53399289d9b419d83f9f5b02c5cf609>:0 
  at Verse.RegionAndRoomQuery.RegionAt (Verse.IntVec3 c, Verse.Map map, Verse.RegionType allowedRegionTypes) [0x00000] in <61e4173561894da49d210260257b5097>:0 
  at Verse.RegionAndRoomQuery.DistrictAt (Verse.IntVec3 c, Verse.Map map, Verse.RegionType allowedRegionTypes) [0x00000] in <61e4173561894da49d210260257b5097>:0 
  at MonoMod.Utils.DynamicMethodDefinition.Verse.RegionAndRoomQuery.RoomAt_Patch1 (Verse.IntVec3 , Verse.Map , Verse.RegionType ) [0x00000] in <e53399289d9b419d83f9f5b02c5cf609>:0 
  at MonoMod.Utils.DynamicMethodDefinition.Verse.GridsUtility.GetRoom_Patch1 (Verse.IntVec3 , Verse.Map ) [0x00000] in <e53399289d9b419d83f9f5b02c5cf609>:0 
  at ColonistAwareness.CAApertures.CutApertures (Verse.Map map, ColonistAwareness.CARegionalSettlementRecord record) [0x00000] in <4a4810a07e034ce5b8045aac7a84c006>:0 
  at ColonistAwareness.GenStep_CARegionalSettlements.Materialize (ColonistAwareness.CARegionalSettlementRecord record, Verse.CellRect rect, Verse.Map map, System.Int32 districts) [0x00000] in <4a4810a07e034ce5b8045aac7a84c006>:0 
  at MonoMod.Utils.DynamicMethodDefinition.ColonistAwareness.GenStep_CARegionalSettlements.Generate_Patch3 (ColonistAwareness.GenStep_CARegionalSettlements , Verse.Map , Verse.GenStepParams ) [0x00000] in <e53399289d9b419d83f9f5b02c5cf609>:0 
  at MonoMod.Utils.DynamicMethodDefinition.Verse.MapGenerator.GenerateContentsIntoMap_Patch5 (System.Collections.Generic.IEnumerable`1[T] , Verse.Map , System.Int32 , System.Boolean ) [0x00000] in <e53399289d9b419d83f9f5b02c5cf609>:0 
  at MonoMod.Utils.DynamicMethodDefinition.Verse.MapGenerator.GenerateMap_Patch6 (Verse.IntVec3 , RimWorld.Planet.MapParent , Verse.MapGeneratorDef , System.Collections.Generic.IEnumerable`1[T] , System.Action`1[T] , System.Boolean , System.Boolean ) [0x00000] in <e53399289d9b419d83f9f5b02c5cf609>:0 
  at MonoMod.Utils.DynamicMethodDefinition.Verse.Game.InitNewGame_Patch3 (Verse.Game ) [0x00000] in <e53399289d9b419d83f9f5b02c5cf609>:0 
  at Verse.Root_Play+<>c.<Start>b__1_2 () [0x00000] in <61e4173561894da49d210260257b5097>:0 
  at Verse.LongEventHandler.RunEventFromAnotherThread (System.Action action) [0x00000] in <61e4173561894da49d210260257b5097>:0 
  at Verse.LongEventHandler+<>c.<UpdateCurrentAsynchronousEvent>b__28_0 () [0x00000] in <61e4173561894da49d210260257b5097>:0 
  at System.Threading.ThreadHelper.ThreadStart_Context (System.Object state) [0x00000] in <51fded79cd284d4d911c5949aff4cb21>:0 
  at System.Threading.ExecutionContext.RunInternal (System.Threading.ExecutionContext executionContext, System.Threading.ContextCallback callback, System.Object state, System.Boolean preserveSyncCtx) [0x00000] in <51fded79cd284d4d911c5949aff4cb21>:0 
  at System.Threading.ExecutionContext.Run (System.Threading.ExecutionContext executionContext, System.Threading.ContextCallback callback, System.Object state, System.Boolean preserveSyncCtx) [0x00000] in <51fded79cd284d4d911c5949aff4cb21>:0 
  at System.Threading.ExecutionContext.Run (System.Threading.ExecutionContext executionContext, System.Threading.ContextCallback callback, System.Object state) [0x00000] in <51fded79cd284d4d911c5949aff4cb21>:0 
  at System.Threading.ThreadHelper.ThreadStart () [0x00000] in <51fded79cd284d4d911c5949aff4cb21>:0 
[CA][Regional][Jobs][SpawnPath] region rebuild entry RebuildAllRegionsAndRooms during regional generation of map 0; caller stack:
  at System.Environment.get_StackTrace () [0x00000] in <51fded79cd284d4d911c5949aff4cb21>:0 
  at ColonistAwareness.CARegionalSpawnPathPatches.TraceRebuild (System.String entryPoint) [0x00000] in <4a4810a07e034ce5b8045aac7a84c006>:0 
  at ColonistAwareness.CARegionalSpawnPathPatches.RebuildAllPrefix (System.Int64& __state) [0x00000] in <4a4810a07e034ce5b8045aac7a84c006>:0 
  at MonoMod.Utils.DynamicMethodDefinition.Verse.RegionAndRoomUpdater.RebuildAllRegionsAndRooms_Patch2 (Verse.RegionAndRoomUpdater ) [0x00000] in <e53399289d9b419d83f9f5b02c5cf609>:0 
  at MonoMod.Utils.DynamicMethodDefinition.Verse.RegionAndRoomUpdater.TryRebuildDirtyRegionsAndRooms_Patch4 (Verse.RegionAndRoomUpdater ) [0x00000] in <e53399289d9b419d83f9f5b02c5cf609>:0 
  at MonoMod.Utils.DynamicMethodDefinition.Verse.RegionGrid.GetValidRegionAt_Patch1 (Verse.RegionGrid , Verse.IntVec3 ) [0x00000] in <e53399289d9b419d83f9f5b02c5cf609>:0 
  at Verse.RegionAndRoomQuery.RegionAt (Verse.IntVec3 c, Verse.Map map, Verse.RegionType allowedRegionTypes) [0x00000] in <61e4173561894da49d210260257b5097>:0 
  at Verse.RegionAndRoomQuery.DistrictAt (Verse.IntVec3 c, Verse.Map map, Verse.RegionType allowedRegionTypes) [0x00000] in <61e4173561894da49d210260257b5097>:0 
  at MonoMod.Utils.DynamicMethodDefinition.Verse.RegionAndRoomQuery.RoomAt_Patch1 (Verse.IntVec3 , Verse.Map , Verse.RegionType ) [0x00000] in <e53399289d9b419d83f9f5b02c5cf609>:0 
  at MonoMod.Utils.DynamicMethodDefinition.Verse.GridsUtility.GetRoom_Patch1 (Verse.IntVec3 , Verse.Map ) [0x00000] in <e53399289d9b419d83f9f5b02c5cf609>:0 
  at ColonistAwareness.CAApertures.CutApertures (Verse.Map map, ColonistAwareness.CARegionalSettlementRecord record) [0x00000] in <4a4810a07e034ce5b8045aac7a84c006>:0 
  at ColonistAwareness.GenStep_CARegionalSettlements.Materialize (ColonistAwareness.CARegionalSettlementRecord record, Verse.CellRect rect, Verse.Map map, System.Int32 districts) [0x00000] in <4a4810a07e034ce5b8045aac7a84c006>:0 
  at MonoMod.Utils.DynamicMethodDefinition.ColonistAwareness.GenStep_CARegionalSettlements.Generate_Patch3 (ColonistAwareness.GenStep_CARegionalSettlements , Verse.Map , Verse.GenStepParams ) [0x00000] in <e53399289d9b419d83f9f5b02c5cf609>:0 
  at MonoMod.Utils.DynamicMethodDefinition.Verse.MapGenerator.GenerateContentsIntoMap_Patch5 (System.Collections.Generic.IEnumerable`1[T] , Verse.Map , System.Int32 , System.Boolean ) [0x00000] in <e53399289d9b419d83f9f5b02c5cf609>:0 
  at MonoMod.Utils.DynamicMethodDefinition.Verse.MapGenerator.GenerateMap_Patch6 (Verse.IntVec3 , RimWorld.Planet.MapParent , Verse.MapGeneratorDef , System.Collections.Generic.IEnumerable`1[T] , System.Action`1[T] , System.Boolean , System.Boolean ) [0x00000] in <e53399289d9b419d83f9f5b02c5cf609>:0 
  at MonoMod.Utils.DynamicMethodDefinition.Verse.Game.InitNewGame_Patch3 (Verse.Game ) [0x00000] in <e53399289d9b419d83f9f5b02c5cf609>:0 
  at Verse.Root_Play+<>c.<Start>b__1_2 () [0x00000] in <61e4173561894da49d210260257b5097>:0 
  at Verse.LongEventHandler.RunEventFromAnotherThread (System.Action action) [0x00000] in <61e4173561894da49d210260257b5097>:0 
  at Verse.LongEventHandler+<>c.<UpdateCurrentAsynchronousEvent>b__28_0 () [0x00000] in <61e4173561894da49d210260257b5097>:0 
  at System.Threading.ThreadHelper.ThreadStart_Context (System.Object state) [0x00000] in <51fded79cd284d4d911c5949aff4cb21>:0 
  at System.Threading.ExecutionContext.RunInternal (System.Threading.ExecutionContext executionContext, System.Threading.ContextCallback callback, System.Object state, System.Boolean preserveSyncCtx) [0x00000] in <51fded79cd284d4d911c5949aff4cb21>:0 
  at System.Threading.ExecutionContext.Run (System.Threading.ExecutionContext executionContext, System.Threading.ContextCallback callback, System.Object state, System.Boolean preserveSyncCtx) [0x00000] in <51fded79cd284d4d911c5949aff4cb21>:0 
  at System.Threading.ExecutionContext.Run (System.Threading.ExecutionContext executionContext, System.Threading.ContextCallback callback, System.Object state) [0x00000] in <51fded79cd284d4d911c5949aff4cb21>:0 
  at System.Threading.ThreadHelper.ThreadStart () [0x00000] in <51fded79cd284d4d911c5949aff4cb21>:0 
[CA][Regional][Timing] region/room rebuild for 1246x1080 map 0 took 1140 ms; dirty 1323433/1345680 (98.3 %); initialized=False
[CA][Regional][Timing] initial region classification snapshot classified 1345680 cells in 10 ms and served 1812757 exact indexed queries during a 1152 ms region build
[CA][Apertures] Crook Plain (tier 2, construction era 2, wealth 2, Industrial, 28C): 45 aperture(s) - 35 CA_WindowGlazed, 10 CA_ApertureShuttered
[CA][Population] Crook Plain: 12 residents across 2 population groups (Assembly of the Ford 80%, Charter Towns 20%)
[CA] Crook Plain settlement program: 3 entries, 53 placed assets
[CA][Regional] settlement CA-RS-CA-RG-C42D7CC3-0 materialized: Crook Plain of Assembly of the Ford at (612,831,676,895); native relation Neutral goodwill -100; tech knowledge tier 3; medicine 0, production 0, logistics 0, civic 0, research 0, security 0, commerce 0, communications 0; declared operational roles No operational roles; population 12, buildings 401
[CA] morphology Industrial [84 ms] grown over (528,826,592,890) for Assembly of the Ford: 850 cells materialized, 24 lots, 327 cells roofed, 1 district(s), seed -1682655904; ground: 758 paved, 0 wild plants purged, 0 garden(s), 69 gradient street cells, no pier
[CA][Regional][Timing] region/room rebuild for 1246x1080 map 0 took 25 ms; dirty 2736/1345680 (0.2 %); initialized=True
[CA][Regional][Timing] region/room rebuild for 1246x1080 map 0 took 36 ms; dirty 78/1345680 (0.0 %); initialized=True
[CA][Apertures] Shadow Valley (tier 2, construction era 2, wealth 2, Industrial, 28C): 49 aperture(s) - 37 CA_WindowGlazed, 12 CA_ApertureShuttered
[CA][Regional][ProgramSiting] ca.settlement.provision.communal cannot place Table1x2c in (528,826,592,890); rooms=1; indoor cells=12; source cells examined=12; native placements=0; reserved overlaps=12; previously reserved=6
[CA][Regional][Timing] region/room rebuild for 1246x1080 map 0 took 52 ms; dirty 334/1345680 (0.0 %); initialized=True
[CA][Regional][ProgramSiting] Shadow Valley: 1 deterministic program room added; last center (561, 0, 850)
[CA][Population] Shadow Valley: 12 residents across 1 population groups (Assembly of the Ford 100%)
[CA] Shadow Valley settlement program: 3 entries, 57 placed assets
[CA][Regional] settlement CA-RS-CA-RG-C42D7CC3-1 materialized: Shadow Valley of Assembly of the Ford at (528,826,592,890); native relation Hostile goodwill -100; tech knowledge tier 3; medicine 0, production 0, logistics 0, civic 0, research 0, security 0, commerce 0, communications 0; declared operational roles No operational roles; population 11, buildings 468
[CA] morphology Industrial [53 ms] grown over (618,408,682,472) for Assembly of the Ford: 746 cells materialized, 21 lots, 285 cells roofed, 1 district(s), seed -1682655903; ground: 739 paved, 0 wild plants purged, 0 garden(s), 53 gradient street cells, no pier
[CA][Apertures] Criminal's Pit (tier 2, construction era 2, wealth 2, Industrial, 28C): 43 aperture(s) - 31 CA_WindowGlazed, 12 CA_ApertureShuttered
[CA][Regional][ProgramSiting] ca.settlement.provision.communal cannot place Table2x2c in (618,408,682,472); rooms=1; indoor cells=12; source cells examined=12; native placements=0; reserved overlaps=12; previously reserved=6
[CA][Regional][Timing] region/room rebuild for 1246x1080 map 0 took 146 ms; dirty 221/1345680 (0.0 %); initialized=True
[CA][Regional][ProgramSiting] Criminal's Pit: 1 deterministic program room added; last center (659, 0, 450)
[CA][Population] Criminal's Pit: 14 residents across 1 population groups (Assembly of the Ford 100%)
[CA] Criminal's Pit settlement program: 3 entries, 51 placed assets
[CA][Regional] settlement CA-RS-CA-RG-C42D7CC3-2 materialized: Criminal's Pit of Assembly of the Ford at (618,408,682,472); native relation Hostile goodwill -100; tech knowledge tier 3; medicine 0, production 0, logistics 0, civic 0, research 0, security 0, commerce 0, communications 0; declared operational roles No operational roles; population 14, buildings 411
[CA] morphology Industrial [68 ms] grown over (938,241,1003,306) for Charter Towns: 864 cells materialized, 26 lots, 342 cells roofed, 1 district(s), seed -1682655902; ground: 757 paved, 0 wild plants purged, 0 garden(s), 42 gradient street cells, no pier
[CA][Apertures] Triumph Cove (tier 2, construction era 2, wealth 2, Industrial, 28C): 48 aperture(s) - 14 CA_ApertureShuttered, 34 CA_WindowGlazed
[CA][Regional][ProgramSiting] ca.settlement.provision.communal cannot place FueledStove in (938,241,1003,306); rooms=3; indoor cells=22; source cells examined=22; native placements=0; reserved overlaps=8; previously reserved=8
[CA][Regional][Timing] region/room rebuild for 1246x1080 map 0 took 53 ms; dirty 369/1345680 (0.0 %); initialized=True
[CA][Regional][ProgramSiting] Triumph Cove: 1 deterministic program room added; last center (970, 0, 290)
[CA][Population] Triumph Cove: 11 residents across 1 population groups (Charter Towns 100%)
[CA] Triumph Cove settlement program: 4 entries, 57 placed assets
[CA][Regional] settlement CA-RS-CA-RG-C42D7CC3-3 materialized: Triumph Cove of Charter Towns at (938,241,1003,306); native relation Neutral goodwill -100; tech knowledge tier 3; medicine 0, production 0, logistics 0, civic 0, research 0, security 0, commerce 0, communications 0; declared operational roles No operational roles; population 11, buildings 473
[CA][B14][GenerationReceipt] PASS region=CA-RG-C42D7CC3 gate=pass expected=4 materialized=4 slots=0,1,2,3 ownership=4/4 populations=4/4 relations=1-2:NativeInitial:Hostile unsupportedSourceProbe=rejected
[CA][Regional] materialized 4/4 authored settlements on regional 400-cell source scale 1246x1080 region CA-RG-C42D7CC3 (contested · regional center); bundle tiles 115253,115260,39480,115255,115261,66123; clear visual horizon 996.8 cells
[CA][Regional][Timing][GenStep] ColonistAwareness.GenStep_CARegionalSettlements [CA_RegionalSettlements] completed in 8254 ms for 1246x1080 map 0
[CA][Regional][Timing][IndexedRemoval] ColonistAwareness.GenStep_CARegionalSettlements [CA_RegionalSettlements] completed with plantDespawns=0 ownerRemovals=185 listerRemovals=643 indexedLists=1379 snapshotEntries=92154 indexWork=22 ms restore=7 ms comparisonsBypassed=5946018 shiftsBypassed=199130 canonicalOrder=False for 1246x1080 map 0
[CA][Regional][Jobs][SpawnPath] ColonistAwareness.GenStep_CARegionalSettlements [CA_RegionalSettlements] for map 0: spawn=1992/201ms; wipe=1992/2ms; despawn=185/90ms; ownerTryAdd=2357/7ms; ownerRemove=185/2ms; mapListerRemove=185/6ms; otherListerRemove=458/14ms; regionRebuildAll=1/123ms; regionRebuildDirty=53778/2947ms; spawnedThings=30546
[CA][Regional][Timing][GenStep] starting RimWorld.GenStep_Power [CA_RegionalSettlementPower] for 1246x1080 map 0
[CA][Regional][Timing][GenStep] RimWorld.GenStep_Power [CA_RegionalSettlementPower] completed in 4 ms for 1246x1080 map 0
[CA][Regional] selected-area Archean trees: no selected area carries ArcheanTrees
[CA][Regional][Timing][GenStep] starting RimWorld.GenStep_MutatorNonCriticalStructures [MutatorNonCriticalStructures] for 1246x1080 map 0
[CA][Regional][Timing][GenStep] RimWorld.GenStep_MutatorNonCriticalStructures [MutatorNonCriticalStructures] completed in 0 ms for 1246x1080 map 0
[CA][Regional][Timing][GenStep] starting Verse.GenStep_Scatterer [ScatterShrines] for 1246x1080 map 0
[CA][Regional][Jobs][SpawnPath] region rebuild entry TryRebuildDirtyRegionsAndRooms during regional generation of map 0; caller stack:
  at System.Environment.get_StackTrace () [0x00000] in <51fded79cd284d4d911c5949aff4cb21>:0 
  at ColonistAwareness.CARegionalSpawnPathPatches.TraceRebuild (System.String entryPoint) [0x00000] in <4a4810a07e034ce5b8045aac7a84c006>:0 
  at ColonistAwareness.CARegionalSpawnPathPatches.RebuildDirtyPrefix (System.Int64& __state) [0x00000] in <4a4810a07e034ce5b8045aac7a84c006>:0 
  at MonoMod.Utils.DynamicMethodDefinition.Verse.RegionAndRoomUpdater.TryRebuildDirtyRegionsAndRooms_Patch4 (Verse.RegionAndRoomUpdater ) [0x00000] in <e53399289d9b419d83f9f5b02c5cf609>:0 
  at MonoMod.Utils.DynamicMethodDefinition.Verse.RegionGrid.GetValidRegionAt_Patch1 (Verse.RegionGrid , Verse.IntVec3 ) [0x00000] in <e53399289d9b419d83f9f5b02c5cf609>:0 
  at Verse.RegionAndRoomQuery.RegionAt (Verse.IntVec3 c, Verse.Map map, Verse.RegionType allowedRegionTypes) [0x00000] in <61e4173561894da49d210260257b5097>:0 
  at Verse.RegionAndRoomQuery.DistrictAt (Verse.IntVec3 c, Verse.Map map, Verse.RegionType allowedRegionTypes) [0x00000] in <61e4173561894da49d210260257b5097>:0 
  at Verse.RegionAndRoomQuery.GetDistrict (Verse.Thing thing, Verse.RegionType allowedRegionTypes) [0x00000] in <61e4173561894da49d210260257b5097>:0 
  at Verse.RegionAndRoomQuery.GetRoom (Verse.Thing thing, Verse.RegionType allowedRegionTypes) [0x00000] in <61e4173561894da49d210260257b5097>:0 
  at RimWorld.CompSpawnerHives.CalculateNextHiveSpawnTick () [0x00000] in <61e4173561894da49d210260257b5097>:0 
  at RimWorld.CompSpawnerHives.PostSpawnSetup (System.Boolean respawningAfterLoad) [0x00000] in <61e4173561894da49d210260257b5097>:0 
  at Verse.ThingWithComps.SpawnSetup (Verse.Map map, System.Boolean respawningAfterLoad) [0x00000] in <61e4173561894da49d210260257b5097>:0 
  at MonoMod.Utils.DynamicMethodDefinition.Verse.Building.SpawnSetup_Patch2 (Verse.Building , Verse.Map , System.Boolean ) [0x00000] in <e53399289d9b419d83f9f5b02c5cf609>:0 
  at RimWorld.Hive.SpawnSetup (Verse.Map map, System.Boolean respawningAfterLoad) [0x00000] in <61e4173561894da49d210260257b5097>:0 
  at MonoMod.Utils.DynamicMethodDefinition.Verse.GenSpawn.Spawn_Patch3 (Verse.Thing , Verse.IntVec3 , Verse.Map , Verse.Rot4 , Verse.WipeMode , System.Boolean , System.Boolean ) [0x00000] in <e53399289d9b419d83f9f5b02c5cf609>:0 
  at Verse.GenSpawn.Spawn (Verse.Thing newThing, Verse.IntVec3 loc, Verse.Map map, Verse.WipeMode wipeMode) [0x00000] in <61e4173561894da49d210260257b5097>:0 
  at RimWorld.HiveUtility.SpawnHive (Verse.IntVec3 spawnCell, Verse.Map map, Verse.WipeMode wipeMode, System.Boolean spawnInsectsImmediately, System.Boolean canSpawnHives, System.Boolean canSpawnInsects, System.Boolean dormant, System.Boolean aggressive, System.Boolean spawnJellyImmediately, System.Boolean spawnSludge) [0x00000] in <61e4173561894da49d210260257b5097>:0 
  at RimWorld.HiveUtility.SpawnHives (Verse.IntVec3 spawnCell, Verse.Map map, System.Int32 count, System.Single radius, Verse.WipeMode wipeMode, System.Boolean spawnInsectsImmediately, System.Boolean canSpawnHives, System.Boolean canSpawnInsects, System.Boolean dormant, System.Boolean aggressive, System.Boolean spawnSludge) [0x00000] in <61e4173561894da49d210260257b5097>:0 
  at RimWorld.BaseGen.SymbolResolver_Hives.Resolve (RimWorld.BaseGen.ResolveParams rp) [0x00000] in <61e4173561894da49d210260257b5097>:0 
  at RimWorld.BaseGen.BaseGen.Resolve (RimWorld.BaseGen.SymbolStack+Element toResolve) [0x00000] in <61e4173561894da49d210260257b5097>:0 
  at RimWorld.BaseGen.BaseGen.Generate () [0x00000] in <61e4173561894da49d210260257b5097>:0 
  at RimWorld.GenStep_ScatterShrines.ScatterAt (Verse.IntVec3 loc, Verse.Map map, Verse.GenStepParams parms, System.Int32 stackCount) [0x00000] in <61e4173561894da49d210260257b5097>:0 
  at MonoMod.Utils.DynamicMethodDefinition.Verse.GenStep_Scatterer.Generate_Patch1 (Verse.GenStep_Scatterer , Verse.Map , Verse.GenStepParams ) [0x00000] in <e53399289d9b419d83f9f5b02c5cf609>:0 
  at MonoMod.Utils.DynamicMethodDefinition.Verse.MapGenerator.GenerateContentsIntoMap_Patch5 (System.Collections.Generic.IEnumerable`1[T] , Verse.Map , System.Int32 , System.Boolean ) [0x00000] in <e53399289d9b419d83f9f5b02c5cf609>:0 
  at MonoMod.Utils.DynamicMethodDefinition.Verse.MapGenerator.GenerateMap_Patch6 (Verse.IntVec3 , RimWorld.Planet.MapParent , Verse.MapGeneratorDef , System.Collections.Generic.IEnumerable`1[T] , System.Action`1[T] , System.Boolean , System.Boolean ) [0x00000] in <e53399289d9b419d83f9f5b02c5cf609>:0 
  at MonoMod.Utils.DynamicMethodDefinition.Verse.Game.InitNewGame_Patch3 (Verse.Game ) [0x00000] in <e53399289d9b419d83f9f5b02c5cf609>:0 
  at Verse.Root_Play+<>c.<Start>b__1_2 () [0x00000] in <61e4173561894da49d210260257b5097>:0 
  at Verse.LongEventHandler.RunEventFromAnotherThread (System.Action action) [0x00000] in <61e4173561894da49d210260257b5097>:0 
  at Verse.LongEventHandler+<>c.<UpdateCurrentAsynchronousEvent>b__28_0 () [0x00000] in <61e4173561894da49d210260257b5097>:0 
  at System.Threading.ThreadHelper.ThreadStart_Context (System.Object state) [0x00000] in <51fded79cd284d4d911c5949aff4cb21>:0 
  at System.Threading.ExecutionContext.RunInternal (System.Threading.ExecutionContext executionContext, System.Threading.ContextCallback callback, System.Object state, System.Boolean preserveSyncCtx) [0x00000] in <51fded79cd284d4d911c5949aff4cb21>:0 
  at System.Threading.ExecutionContext.Run (System.Threading.ExecutionContext executionContext, System.Threading.ContextCallback callback, System.Object state, System.Boolean preserveSyncCtx) [0x00000] in <51fded79cd284d4d911c5949aff4cb21>:0 
  at System.Threading.ExecutionContext.Run (System.Threading.ExecutionContext executionContext, System.Threading.ContextCallback callback, System.Object state) [0x00000] in <51fded79cd284d4d911c5949aff4cb21>:0 
  at System.Threading.ThreadHelper.ThreadStart () [0x00000] in <51fded79cd284d4d911c5949aff4cb21>:0 
[CA][Regional][Jobs][SpawnPath] region rebuild entry TryRebuildDirtyRegionsAndRooms during regional generation of map 0; caller stack:
  at System.Environment.get_StackTrace () [0x00000] in <51fded79cd284d4d911c5949aff4cb21>:0 
  at ColonistAwareness.CARegionalSpawnPathPatches.TraceRebuild (System.String entryPoint) [0x00000] in <4a4810a07e034ce5b8045aac7a84c006>:0 
  at ColonistAwareness.CARegionalSpawnPathPatches.RebuildDirtyPrefix (System.Int64& __state) [0x00000] in <4a4810a07e034ce5b8045aac7a84c006>:0 
  at MonoMod.Utils.DynamicMethodDefinition.Verse.RegionAndRoomUpdater.TryRebuildDirtyRegionsAndRooms_Patch4 (Verse.RegionAndRoomUpdater ) [0x00000] in <e53399289d9b419d83f9f5b02c5cf609>:0 
  at MonoMod.Utils.DynamicMethodDefinition.Verse.RegionGrid.GetValidRegionAt_Patch1 (Verse.RegionGrid , Verse.IntVec3 ) [0x00000] in <e53399289d9b419d83f9f5b02c5cf609>:0 
  at Verse.RegionAndRoomQuery.RegionAt (Verse.IntVec3 c, Verse.Map map, Verse.RegionType allowedRegionTypes) [0x00000] in <61e4173561894da49d210260257b5097>:0 
  at Verse.RegionAndRoomQuery.DistrictAt (Verse.IntVec3 c, Verse.Map map, Verse.RegionType allowedRegionTypes) [0x00000] in <61e4173561894da49d210260257b5097>:0 
  at MonoMod.Utils.DynamicMethodDefinition.Verse.RegionAndRoomQuery.RoomAt_Patch1 (Verse.IntVec3 , Verse.Map , Verse.RegionType ) [0x00000] in <e53399289d9b419d83f9f5b02c5cf609>:0 
  at MonoMod.Utils.DynamicMethodDefinition.Verse.GridsUtility.GetRoom_Patch1 (Verse.IntVec3 , Verse.Map ) [0x00000] in <e53399289d9b419d83f9f5b02c5cf609>:0 
  at RimWorld.CompSpawnerHives.CalculateNextHiveSpawnTick () [0x00000] in <61e4173561894da49d210260257b5097>:0 
  at RimWorld.CompSpawnerHives.PostSpawnSetup (System.Boolean respawningAfterLoad) [0x00000] in <61e4173561894da49d210260257b5097>:0 
  at Verse.ThingWithComps.SpawnSetup (Verse.Map map, System.Boolean respawningAfterLoad) [0x00000] in <61e4173561894da49d210260257b5097>:0 
  at MonoMod.Utils.DynamicMethodDefinition.Verse.Building.SpawnSetup_Patch2 (Verse.Building , Verse.Map , System.Boolean ) [0x00000] in <e53399289d9b419d83f9f5b02c5cf609>:0 
  at RimWorld.Hive.SpawnSetup (Verse.Map map, System.Boolean respawningAfterLoad) [0x00000] in <61e4173561894da49d210260257b5097>:0 
  at MonoMod.Utils.DynamicMethodDefinition.Verse.GenSpawn.Spawn_Patch3 (Verse.Thing , Verse.IntVec3 , Verse.Map , Verse.Rot4 , Verse.WipeMode , System.Boolean , System.Boolean ) [0x00000] in <e53399289d9b419d83f9f5b02c5cf609>:0 
  at Verse.GenSpawn.Spawn (Verse.Thing newThing, Verse.IntVec3 loc, Verse.Map map, Verse.WipeMode wipeMode) [0x00000] in <61e4173561894da49d210260257b5097>:0 
  at RimWorld.HiveUtility.SpawnHive (Verse.IntVec3 spawnCell, Verse.Map map, Verse.WipeMode wipeMode, System.Boolean spawnInsectsImmediately, System.Boolean canSpawnHives, System.Boolean canSpawnInsects, System.Boolean dormant, System.Boolean aggressive, System.Boolean spawnJellyImmediately, System.Boolean spawnSludge) [0x00000] in <61e4173561894da49d210260257b5097>:0 
  at RimWorld.HiveUtility.SpawnHives (Verse.IntVec3 spawnCell, Verse.Map map, System.Int32 count, System.Single radius, Verse.WipeMode wipeMode, System.Boolean spawnInsectsImmediately, System.Boolean canSpawnHives, System.Boolean canSpawnInsects, System.Boolean dormant, System.Boolean aggressive, System.Boolean spawnSludge) [0x00000] in <61e4173561894da49d210260257b5097>:0 
  at RimWorld.BaseGen.SymbolResolver_Hives.Resolve (RimWorld.BaseGen.ResolveParams rp) [0x00000] in <61e4173561894da49d210260257b5097>:0 
  at RimWorld.BaseGen.BaseGen.Resolve (RimWorld.BaseGen.SymbolStack+Element toResolve) [0x00000] in <61e4173561894da49d210260257b5097>:0 
  at RimWorld.BaseGen.BaseGen.Generate () [0x00000] in <61e4173561894da49d210260257b5097>:0 
  at RimWorld.GenStep_ScatterShrines.ScatterAt (Verse.IntVec3 loc, Verse.Map map, Verse.GenStepParams parms, System.Int32 stackCount) [0x00000] in <61e4173561894da49d210260257b5097>:0 
  at MonoMod.Utils.DynamicMethodDefinition.Verse.GenStep_Scatterer.Generate_Patch1 (Verse.GenStep_Scatterer , Verse.Map , Verse.GenStepParams ) [0x00000] in <e53399289d9b419d83f9f5b02c5cf609>:0 
  at MonoMod.Utils.DynamicMethodDefinition.Verse.MapGenerator.GenerateContentsIntoMap_Patch5 (System.Collections.Generic.IEnumerable`1[T] , Verse.Map , System.Int32 , System.Boolean ) [0x00000] in <e53399289d9b419d83f9f5b02c5cf609>:0 
  at MonoMod.Utils.DynamicMethodDefinition.Verse.MapGenerator.GenerateMap_Patch6 (Verse.IntVec3 , RimWorld.Planet.MapParent , Verse.MapGeneratorDef , System.Collections.Generic.IEnumerable`1[T] , System.Action`1[T] , System.Boolean , System.Boolean ) [0x00000] in <e53399289d9b419d83f9f5b02c5cf609>:0 
  at MonoMod.Utils.DynamicMethodDefinition.Verse.Game.InitNewGame_Patch3 (Verse.Game ) [0x00000] in <e53399289d9b419d83f9f5b02c5cf609>:0 
  at Verse.Root_Play+<>c.<Start>b__1_2 () [0x00000] in <61e4173561894da49d210260257b5097>:0 
  at Verse.LongEventHandler.RunEventFromAnotherThread (System.Action action) [0x00000] in <61e4173561894da49d210260257b5097>:0 
  at Verse.LongEventHandler+<>c.<UpdateCurrentAsynchronousEvent>b__28_0 () [0x00000] in <61e4173561894da49d210260257b5097>:0 
  at System.Threading.ThreadHelper.ThreadStart_Context (System.Object state) [0x00000] in <51fded79cd284d4d911c5949aff4cb21>:0 
  at System.Threading.ExecutionContext.RunInternal (System.Threading.ExecutionContext executionContext, System.Threading.ContextCallback callback, System.Object state, System.Boolean preserveSyncCtx) [0x00000] in <51fded79cd284d4d911c5949aff4cb21>:0 
  at System.Threading.ExecutionContext.Run (System.Threading.ExecutionContext executionContext, System.Threading.ContextCallback callback, System.Object state, System.Boolean preserveSyncCtx) [0x00000] in <51fded79cd284d4d911c5949aff4cb21>:0 
  at System.Threading.ExecutionContext.Run (System.Threading.ExecutionContext executionContext, System.Threading.ContextCallback callback, System.Object state) [0x00000] in <51fded79cd284d4d911c5949aff4cb21>:0 
  at System.Threading.ThreadHelper.ThreadStart () [0x00000] in <51fded79cd284d4d911c5949aff4cb21>:0 
[CA][Regional][Timing] region/room rebuild for 1246x1080 map 0 took 62 ms; dirty 2041/1345680 (0.2 %); initialized=True
[CA][Regional][Timing] region/room rebuild for 1246x1080 map 0 took 249 ms; dirty 5426/1345680 (0.4 %); initialized=True
[CA][Regional][Timing] region/room rebuild for 1246x1080 map 0 took 71 ms; dirty 1818/1345680 (0.1 %); initialized=True
[CA][Regional][Timing] region/room rebuild for 1246x1080 map 0 took 69 ms; dirty 2945/1345680 (0.2 %); initialized=True
[CA][Regional][Timing] region/room rebuild for 1246x1080 map 0 took 177 ms; dirty 959/1345680 (0.1 %); initialized=True
[CA][Regional][Timing] region/room rebuild for 1246x1080 map 0 took 85 ms; dirty 900/1345680 (0.1 %); initialized=True
[CA][Regional][Timing] region/room rebuild for 1246x1080 map 0 took 34 ms; dirty 1365/1345680 (0.1 %); initialized=True
[CA][Regional][Timing] region/room rebuild for 1246x1080 map 0 took 227 ms; dirty 2354/1345680 (0.2 %); initialized=True
[CA][Regional][Timing][GenStep] Verse.GenStep_Scatterer [ScatterShrines] completed in 4061 ms for 1246x1080 map 0
[CA][Regional][Timing][GenStep] starting Verse.GenStep_Scatterer [ScatterRuinsSimple] for 1246x1080 map 0
[CA][Regional][Timing][GenStep] Verse.GenStep_Scatterer [ScatterRuinsSimple] completed in 3122 ms for 1246x1080 map 0
[CA][Regional][Timing][GenStep] starting RimWorld.GenStep_ScatterAncientUtilityBuilding [AncientUtilityBuilding] for 1246x1080 map 0
[CA][Regional][Timing][GenStep] starting Verse.GenStep_Scatterer [AncientUtilityBuilding] for 1246x1080 map 0
[CA][Regional][Timing][GenStep] Verse.GenStep_Scatterer [AncientUtilityBuilding] completed in 17 ms for 1246x1080 map 0
[CA][Regional][Timing][GenStep] RimWorld.GenStep_ScatterAncientUtilityBuilding [AncientUtilityBuilding] completed in 20 ms for 1246x1080 map 0
[CA][Regional][Jobs][SpawnPath] RimWorld.GenStep_ScatterAncientUtilityBuilding [AncientUtilityBuilding] for map 0: spawn=32/1ms; wipe=32/0ms; ownerTryAdd=32/0ms; spawnedThings=38806
[CA][Regional][Timing][GenStep] starting ColonistAwareness.GenStep_CARegionalPlayerStart [CA_RegionalPlayerStart] for 1246x1080 map 0
[CA][Regional] landing anchor tile 115253 projected to cell (979, 0, 668)
[CA][Regional][Timing][GenStep] ColonistAwareness.GenStep_CARegionalPlayerStart [CA_RegionalPlayerStart] completed in 20 ms for 1246x1080 map 0
[CA][Regional][Timing][GenStep] starting RimWorld.GenStep_ScenParts [ScenParts] for 1246x1080 map 0
[CA][tick=0] operational access: starting cargo arrives allowed
[CA][Regional] starting cargo uses bounded local drop validation without reading or rebuilding the global region graph
[CA][Regional] starting cargo entered the exact near-placement scope; room identity is deferred only for this bounded placement call
[CA][Regional][Timing] starting cargo drop placement for 1246x1080 map 0 took 19 ms
[CA][Regional][Timing][GenStep] starting Verse.GenStep_ScatterThings for 1246x1080 map 0
[CA][Regional][Jobs][SpawnPath] region rebuild entry TryRebuildDirtyRegionsAndRooms during regional generation of map 0; caller stack:
  at System.Environment.get_StackTrace () [0x00000] in <51fded79cd284d4d911c5949aff4cb21>:0 
  at ColonistAwareness.CARegionalSpawnPathPatches.TraceRebuild (System.String entryPoint) [0x00000] in <4a4810a07e034ce5b8045aac7a84c006>:0 
  at ColonistAwareness.CARegionalSpawnPathPatches.RebuildDirtyPrefix (System.Int64& __state) [0x00000] in <4a4810a07e034ce5b8045aac7a84c006>:0 
  at MonoMod.Utils.DynamicMethodDefinition.Verse.RegionAndRoomUpdater.TryRebuildDirtyRegionsAndRooms_Patch4 (Verse.RegionAndRoomUpdater ) [0x00000] in <e53399289d9b419d83f9f5b02c5cf609>:0 
  at MonoMod.Utils.DynamicMethodDefinition.Verse.RegionGrid.GetValidRegionAt_Patch1 (Verse.RegionGrid , Verse.IntVec3 ) [0x00000] in <e53399289d9b419d83f9f5b02c5cf609>:0 
  at Verse.RegionAndRoomQuery.RegionAt (Verse.IntVec3 c, Verse.Map map, Verse.RegionType allowedRegionTypes) [0x00000] in <61e4173561894da49d210260257b5097>:0 
  at Verse.GridsUtility.GetRegion (Verse.IntVec3 loc, Verse.Map map, Verse.RegionType allowedRegionTypes) [0x00000] in <61e4173561894da49d210260257b5097>:0 
  at Verse.CellFinder.TryFindRandomReachableNearbyCell (Verse.IntVec3 root, Verse.Map map, System.Single radius, Verse.TraverseParms traverseParms, System.Predicate`1[T] cellValidator, System.Predicate`1[T] regionValidator, Verse.IntVec3& result, System.Int32 maxRegions) [0x00000] in <61e4173561894da49d210260257b5097>:0 
  at Verse.CellFinder.TryRandomClosewalkCellNear (Verse.IntVec3 root, Verse.Map map, System.Int32 radius, Verse.IntVec3& result, System.Predicate`1[T] extraValidator) [0x00000] in <61e4173561894da49d210260257b5097>:0 
  at Verse.CellFinder.RandomClosewalkCellNear (Verse.IntVec3 root, Verse.Map map, System.Int32 radius, System.Predicate`1[T] extraValidator) [0x00000] in <61e4173561894da49d210260257b5097>:0 
  at MonoMod.Utils.DynamicMethodDefinition.Verse.GenStep_Scatterer.TryFindScatterCell_Patch1 (Verse.GenStep_Scatterer , Verse.Map , Verse.IntVec3& ) [0x00000] in <e53399289d9b419d83f9f5b02c5cf609>:0 
  at Verse.GenStep_ScatterThings.TryFindScatterCell (Verse.Map map, Verse.IntVec3& result) [0x00000] in <61e4173561894da49d210260257b5097>:0 
  at MonoMod.Utils.DynamicMethodDefinition.Verse.GenStep_ScatterThings.Generate_Patch3 (Verse.GenStep_ScatterThings , Verse.Map , Verse.GenStepParams ) [0x00000] in <e53399289d9b419d83f9f5b02c5cf609>:0 
  at RimWorld.ScenPart_ScatterThings.GenerateIntoMap (Verse.Map map) [0x00000] in <61e4173561894da49d210260257b5097>:0 
  at RimWorld.Scenario.GenerateIntoMap (Verse.Map map) [0x00000] in <61e4173561894da49d210260257b5097>:0 
  at MonoMod.Utils.DynamicMethodDefinition.RimWorld.GenStep_ScenParts.Generate_Patch3 (RimWorld.GenStep_ScenParts , Verse.Map , Verse.GenStepParams ) [0x00000] in <e53399289d9b419d83f9f5b02c5cf609>:0 
  at MonoMod.Utils.DynamicMethodDefinition.Verse.MapGenerator.GenerateContentsIntoMap_Patch5 (System.Collections.Generic.IEnumerable`1[T] , Verse.Map , System.Int32 , System.Boolean ) [0x00000] in <e53399289d9b419d83f9f5b02c5cf609>:0 
  at MonoMod.Utils.DynamicMethodDefinition.Verse.MapGenerator.GenerateMap_Patch6 (Verse.IntVec3 , RimWorld.Planet.MapParent , Verse.MapGeneratorDef , System.Collections.Generic.IEnumerable`1[T] , System.Action`1[T] , System.Boolean , System.Boolean ) [0x00000] in <e53399289d9b419d83f9f5b02c5cf609>:0 
  at MonoMod.Utils.DynamicMethodDefinition.Verse.Game.InitNewGame_Patch3 (Verse.Game ) [0x00000] in <e53399289d9b419d83f9f5b02c5cf609>:0 
  at Verse.Root_Play+<>c.<Start>b__1_2 () [0x00000] in <61e4173561894da49d210260257b5097>:0 
  at Verse.LongEventHandler.RunEventFromAnotherThread (System.Action action) [0x00000] in <61e4173561894da49d210260257b5097>:0 
  at Verse.LongEventHandler+<>c.<UpdateCurrentAsynchronousEvent>b__28_0 () [0x00000] in <61e4173561894da49d210260257b5097>:0 
  at System.Threading.ThreadHelper.ThreadStart_Context (System.Object state) [0x00000] in <51fded79cd284d4d911c5949aff4cb21>:0 
  at System.Threading.ExecutionContext.RunInternal (System.Threading.ExecutionContext executionContext, System.Threading.ContextCallback callback, System.Object state, System.Boolean preserveSyncCtx) [0x00000] in <51fded79cd284d4d911c5949aff4cb21>:0 
  at System.Threading.ExecutionContext.Run (System.Threading.ExecutionContext executionContext, System.Threading.ContextCallback callback, System.Object state, System.Boolean preserveSyncCtx) [0x00000] in <51fded79cd284d4d911c5949aff4cb21>:0 
  at System.Threading.ExecutionContext.Run (System.Threading.ExecutionContext executionContext, System.Threading.ContextCallback callback, System.Object state) [0x00000] in <51fded79cd284d4d911c5949aff4cb21>:0 
  at System.Threading.ThreadHelper.ThreadStart () [0x00000] in <51fded79cd284d4d911c5949aff4cb21>:0 
[CA][Regional][Timing] region/room rebuild for 1246x1080 map 0 took 8474 ms; dirty 146971/1345680 (10.9 %); initialized=True
[CA][Regional][Jobs][SpawnPath] region rebuild entry TryRebuildDirtyRegionsAndRooms during regional generation of map 0; caller stack:
  at System.Environment.get_StackTrace () [0x00000] in <51fded79cd284d4d911c5949aff4cb21>:0 
  at ColonistAwareness.CARegionalSpawnPathPatches.TraceRebuild (System.String entryPoint) [0x00000] in <4a4810a07e034ce5b8045aac7a84c006>:0 
  at ColonistAwareness.CARegionalSpawnPathPatches.RebuildDirtyPrefix (System.Int64& __state) [0x00000] in <4a4810a07e034ce5b8045aac7a84c006>:0 
  at MonoMod.Utils.DynamicMethodDefinition.Verse.RegionAndRoomUpdater.TryRebuildDirtyRegionsAndRooms_Patch4 (Verse.RegionAndRoomUpdater ) [0x00000] in <e53399289d9b419d83f9f5b02c5cf609>:0 
  at Verse.RegionGrid.get_DirectGrid () [0x00000] in <61e4173561894da49d210260257b5097>:0 
  at Verse.Region.get_RandomCell () [0x00000] in <61e4173561894da49d210260257b5097>:0 
  at Verse.CellFinder.TryFindRandomCellInRegion (Verse.Region reg, System.Predicate`1[T] validator, Verse.IntVec3& result) [0x00000] in <61e4173561894da49d210260257b5097>:0 
  at Verse.CellFinder.TryFindRandomReachableNearbyCell (Verse.IntVec3 root, Verse.Map map, System.Single radius, Verse.TraverseParms traverseParms, System.Predicate`1[T] cellValidator, System.Predicate`1[T] regionValidator, Verse.IntVec3& result, System.Int32 maxRegions) [0x00000] in <61e4173561894da49d210260257b5097>:0 
  at Verse.CellFinder.TryRandomClosewalkCellNear (Verse.IntVec3 root, Verse.Map map, System.Int32 radius, Verse.IntVec3& result, System.Predicate`1[T] extraValidator) [0x00000] in <61e4173561894da49d210260257b5097>:0 
  at Verse.CellFinder.RandomClosewalkCellNear (Verse.IntVec3 root, Verse.Map map, System.Int32 radius, System.Predicate`1[T] extraValidator) [0x00000] in <61e4173561894da49d210260257b5097>:0 
  at MonoMod.Utils.DynamicMethodDefinition.Verse.GenStep_Scatterer.TryFindScatterCell_Patch1 (Verse.GenStep_Scatterer , Verse.Map , Verse.IntVec3& ) [0x00000] in <e53399289d9b419d83f9f5b02c5cf609>:0 
  at Verse.GenStep_ScatterThings.TryFindScatterCell (Verse.Map map, Verse.IntVec3& result) [0x00000] in <61e4173561894da49d210260257b5097>:0 
  at MonoMod.Utils.DynamicMethodDefinition.Verse.GenStep_ScatterThings.Generate_Patch3 (Verse.GenStep_ScatterThings , Verse.Map , Verse.GenStepParams ) [0x00000] in <e53399289d9b419d83f9f5b02c5cf609>:0 
  at RimWorld.ScenPart_ScatterThings.GenerateIntoMap (Verse.Map map) [0x00000] in <61e4173561894da49d210260257b5097>:0 
  at RimWorld.Scenario.GenerateIntoMap (Verse.Map map) [0x00000] in <61e4173561894da49d210260257b5097>:0 
  at MonoMod.Utils.DynamicMethodDefinition.RimWorld.GenStep_ScenParts.Generate_Patch3 (RimWorld.GenStep_ScenParts , Verse.Map , Verse.GenStepParams ) [0x00000] in <e53399289d9b419d83f9f5b02c5cf609>:0 
  at MonoMod.Utils.DynamicMethodDefinition.Verse.MapGenerator.GenerateContentsIntoMap_Patch5 (System.Collections.Generic.IEnumerable`1[T] , Verse.Map , System.Int32 , System.Boolean ) [0x00000] in <e53399289d9b419d83f9f5b02c5cf609>:0 
  at MonoMod.Utils.DynamicMethodDefinition.Verse.MapGenerator.GenerateMap_Patch6 (Verse.IntVec3 , RimWorld.Planet.MapParent , Verse.MapGeneratorDef , System.Collections.Generic.IEnumerable`1[T] , System.Action`1[T] , System.Boolean , System.Boolean ) [0x00000] in <e53399289d9b419d83f9f5b02c5cf609>:0 
  at MonoMod.Utils.DynamicMethodDefinition.Verse.Game.InitNewGame_Patch3 (Verse.Game ) [0x00000] in <e53399289d9b419d83f9f5b02c5cf609>:0 
  at Verse.Root_Play+<>c.<Start>b__1_2 () [0x00000] in <61e4173561894da49d210260257b5097>:0 
  at Verse.LongEventHandler.RunEventFromAnotherThread (System.Action action) [0x00000] in <61e4173561894da49d210260257b5097>:0 
  at Verse.LongEventHandler+<>c.<UpdateCurrentAsynchronousEvent>b__28_0 () [0x00000] in <61e4173561894da49d210260257b5097>:0 
  at System.Threading.ThreadHelper.ThreadStart_Context (System.Object state) [0x00000] in <51fded79cd284d4d911c5949aff4cb21>:0 
  at System.Threading.ExecutionContext.RunInternal (System.Threading.ExecutionContext executionContext, System.Threading.ContextCallback callback, System.Object state, System.Boolean preserveSyncCtx) [0x00000] in <51fded79cd284d4d911c5949aff4cb21>:0 
  at System.Threading.ExecutionContext.Run (System.Threading.ExecutionContext executionContext, System.Threading.ContextCallback callback, System.Object state, System.Boolean preserveSyncCtx) [0x00000] in <51fded79cd284d4d911c5949aff4cb21>:0 
  at System.Threading.ExecutionContext.Run (System.Threading.ExecutionContext executionContext, System.Threading.ContextCallback callback, System.Object state) [0x00000] in <51fded79cd284d4d911c5949aff4cb21>:0 
  at System.Threading.ThreadHelper.ThreadStart () [0x00000] in <51fded79cd284d4d911c5949aff4cb21>:0 
[CA][Regional][Timing][GenStep] Verse.GenStep_ScatterThings completed in 8481 ms for 1246x1080 map 0
[CA][Regional][Timing][GenStep] starting Verse.GenStep_ScatterThings for 1246x1080 map 0
[CA][Regional][Timing][GenStep] Verse.GenStep_ScatterThings completed in 0 ms for 1246x1080 map 0
[CA][Regional][Timing][GenStep] starting Verse.GenStep_ScatterThings for 1246x1080 map 0
[CA][Regional][Timing][GenStep] Verse.GenStep_ScatterThings completed in 0 ms for 1246x1080 map 0
[CA][Regional][Timing][GenStep] starting Verse.GenStep_ScatterThings for 1246x1080 map 0
[CA][Regional][Timing][GenStep] Verse.GenStep_ScatterThings completed in 2 ms for 1246x1080 map 0
[CA][Regional][Timing][GenStep] starting Verse.GenStep_ScatterThings for 1246x1080 map 0
[CA][Regional][Timing][GenStep] Verse.GenStep_ScatterThings completed in 1 ms for 1246x1080 map 0
[CA][Regional][Timing][GenStep] RimWorld.GenStep_ScenParts [ScenParts] completed in 8534 ms for 1246x1080 map 0
[CA][Regional][Jobs][SpawnPath] RimWorld.GenStep_ScenParts [ScenParts] for map 0: spawn=57/14ms; wipe=57/0ms; ownerTryAdd=57/0ms; regionRebuildDirty=331/8475ms; spawnedThings=38863
[CA][Regional][Timing][GenStep] starting RimWorld.GenStep_Pollution [Pollution] for 1246x1080 map 0
[CA][Regional][Timing][GenStep] RimWorld.GenStep_Pollution [Pollution] completed in 60 ms for 1246x1080 map 0
[CA][Regional][Timing][Plants] initialized bounded ecology spatial summaries in 216 ms for 1246x1080 map 0; desired plants 613825.0
[CA][Regional][Jobs][PlantMask] scope opened for 1246x1080 map 0; SERVE mode (proven rejects skip the original; postfix chain still runs and re-verifies); frozen-term surface gate allowing exactly 4 proven method/kind/owner entries; extraction after 4096 in-scope calls under a 96 MB checked cap; env CA_REGIONAL_PLANTMASK=0 disables at load, CA_REGIONAL_PLANTMASK_SERVE=0 restores full native audit mode
[CA][Regional][Timing][GenStep] starting RimWorld.GenStep_Plants [Plants] for 1246x1080 map 0
[CA][Regional][Jobs][PlantMask] frozen-term surface verified for map 0: 5 surface patches, every (method, kind, owner) explicitly proven
[CA][Regional][Jobs][PlantMask] frozen terms extracted for map 0 in 73 ms (1345680 cells, 5550936 bytes, native fertility/pollution reads, after 4097-call warmup)
[CA][Regional] plant density receipt for map 0: 4096 calls, 3357 resolved to a non-root constituent, 0 of 4096 sampled differed from the root-tile value
[CA][Regional][Timing][Plants] bounded initial native seed examined 160000 of 1345680 cells and spawned 107235 plants in 13711 ms for 1246x1080 map 0; full ecological target 613825.0.
[CA][Regional][Timing][GenStep] RimWorld.GenStep_Plants [Plants] completed in 13712 ms for 1246x1080 map 0
[CA][Regional][Timing][Plants] bounded ecology index served 107235 cluster, 155158 saturation, 707092 succession, and 214470 distribution queries; bypassed 85466295 ThingGrid cell visits; inspected 1064459 cluster block summaries and 15625468 local density blocks for 1246x1080 map 0
[CA][Regional][Jobs][SpawnPath] RimWorld.GenStep_Plants [Plants] for map 0: spawn=107235/1671ms; wipe=107235/97ms; ownerTryAdd=107235/41ms; plantCheck=159840/12600ms; plantSaturated=155158/8ms; plantCanGrow=155155/5670ms; plantClusters=107235/5ms; plantSuccession=707092/33ms; plantDistribution=214470/13ms; spawnedThings=146098
[CA][Regional][Jobs][PlantMask] scope closed for map 0: 2077198 in-scope evaluations = 4096 warmup native + 0 native (of which 0 audited predictions: 0 confirmed, 0 mismatches) + 0 full base audits (0 confirmed, 0 mismatches) + 1090177 served accepts + 982925 served rejects (0 serve anomalies) + 0 degraded native; 25 defs cached (0 whole-def temperature rejections); extraction 73 ms, 5550936 bytes
[CA][Regional][Timing][GenStep] starting Verse.GenStep_ScatterThings [SteamGeysers] for 1246x1080 map 0
[CA][Regional] geysers recomputed per constituent from native inputs: total 91 [4359:1, 12548:8, 21407:7, 39480:15, 39481:4, 66122:9, 66123:13, 66124:2, 115259:1, 115260:13, 115261:13, 115262:4, 115263:1]
[CA][Regional][Timing][GenStep] Verse.GenStep_ScatterThings [SteamGeysers] completed in 398 ms for 1246x1080 map 0
[CA][Regional][Timing][IndexedRemoval] Verse.GenStep_ScatterThings [SteamGeysers] completed with plantDespawns=23 ownerRemovals=23 listerRemovals=52 indexedLists=143 snapshotEntries=679448 indexWork=280 ms restore=161 ms comparisonsBypassed=7023019 shiftsBypassed=7783998 canonicalOrder=True for 1246x1080 map 0
[CA][Regional][Jobs][SpawnPath] RimWorld.GenStep_ScatterGeysers [SteamGeysers] for map 0: spawn=91/295ms; wipe=91/283ms; despawn=23/280ms; ownerTryAdd=91/0ms; ownerRemove=23/28ms; mapListerRemove=23/249ms; otherListerRemove=29/2ms; spawnedThings=146166
[CA][Regional][Timing][GenStep] starting RimWorld.GenStep_ScatterRoadDebris [ScatterRoadDebris] for 1246x1080 map 0
[CA][Regional][Timing][GenStep] starting Verse.GenStep_Scatterer [ScatterRoadDebris] for 1246x1080 map 0
[CA][Regional][Jobs][SpawnPath] region rebuild entry TryRebuildDirtyRegionsAndRooms during regional generation of map 0; caller stack:
  at System.Environment.get_StackTrace () [0x00000] in <51fded79cd284d4d911c5949aff4cb21>:0 
  at ColonistAwareness.CARegionalSpawnPathPatches.TraceRebuild (System.String entryPoint) [0x00000] in <4a4810a07e034ce5b8045aac7a84c006>:0 
  at ColonistAwareness.CARegionalSpawnPathPatches.RebuildDirtyPrefix (System.Int64& __state) [0x00000] in <4a4810a07e034ce5b8045aac7a84c006>:0 
  at MonoMod.Utils.DynamicMethodDefinition.Verse.RegionAndRoomUpdater.TryRebuildDirtyRegionsAndRooms_Patch4 (Verse.RegionAndRoomUpdater ) [0x00000] in <e53399289d9b419d83f9f5b02c5cf609>:0 
  at MonoMod.Utils.DynamicMethodDefinition.Verse.RegionGrid.GetValidRegionAt_Patch1 (Verse.RegionGrid , Verse.IntVec3 ) [0x00000] in <e53399289d9b419d83f9f5b02c5cf609>:0 
  at Verse.RegionAndRoomQuery.RegionAt (Verse.IntVec3 c, Verse.Map map, Verse.RegionType allowedRegionTypes) [0x00000] in <61e4173561894da49d210260257b5097>:0 
  at Verse.GridsUtility.GetRegion (Verse.IntVec3 loc, Verse.Map map, Verse.RegionType allowedRegionTypes) [0x00000] in <61e4173561894da49d210260257b5097>:0 
  at MonoMod.Utils.DynamicMethodDefinition.Verse.Reachability.CanReachMapEdge_Patch1 (Verse.Reachability , Verse.IntVec3 , Verse.TraverseParms ) [0x00000] in <e53399289d9b419d83f9f5b02c5cf609>:0 
  at RimWorld.ScatterDebrisUtility.CanPlaceThingAt (Verse.IntVec3 c, Verse.Rot4 rot, Verse.Map map, Verse.ThingDef thingDef) [0x00000] in <61e4173561894da49d210260257b5097>:0 
  at RimWorld.GenStep_ScatterRoadDebris.CanPlaceThingAt (Verse.IntVec3 c, Verse.Rot4 rot, Verse.Map map, Verse.ThingDef thingDef) [0x00000] in <61e4173561894da49d210260257b5097>:0 
  at RimWorld.GenStep_ScatterRoadDebris.CanScatterAt (Verse.IntVec3 c, Verse.Map map) [0x00000] in <61e4173561894da49d210260257b5097>:0 
  at Verse.GenStep_Scatterer+<>c__DisplayClass28_0.<TryFindScatterCell>b__2 (Verse.IntVec3 x) [0x00000] in <61e4173561894da49d210260257b5097>:0 
  at Verse.CellFinderLoose.TryFindRandomNotEdgeCellWith (System.Int32 minEdgeDistance, System.Predicate`1[T] validator, Verse.Map map, Verse.IntVec3& result) [0x00000] in <61e4173561894da49d210260257b5097>:0 
  at MonoMod.Utils.DynamicMethodDefinition.Verse.GenStep_Scatterer.TryFindScatterCell_Patch1 (Verse.GenStep_Scatterer , Verse.Map , Verse.IntVec3& ) [0x00000] in <e53399289d9b419d83f9f5b02c5cf609>:0 
  at MonoMod.Utils.DynamicMethodDefinition.Verse.GenStep_Scatterer.Generate_Patch1 (Verse.GenStep_Scatterer , Verse.Map , Verse.GenStepParams ) [0x00000] in <e53399289d9b419d83f9f5b02c5cf609>:0 
  at MonoMod.Utils.DynamicMethodDefinition.RimWorld.GenStep_ScatterRoadDebris.Generate_Patch3 (RimWorld.GenStep_ScatterRoadDebris , Verse.Map , Verse.GenStepParams ) [0x00000] in <e53399289d9b419d83f9f5b02c5cf609>:0 
  at MonoMod.Utils.DynamicMethodDefinition.Verse.MapGenerator.GenerateContentsIntoMap_Patch5 (System.Collections.Generic.IEnumerable`1[T] , Verse.Map , System.Int32 , System.Boolean ) [0x00000] in <e53399289d9b419d83f9f5b02c5cf609>:0 
  at MonoMod.Utils.DynamicMethodDefinition.Verse.MapGenerator.GenerateMap_Patch6 (Verse.IntVec3 , RimWorld.Planet.MapParent , Verse.MapGeneratorDef , System.Collections.Generic.IEnumerable`1[T] , System.Action`1[T] , System.Boolean , System.Boolean ) [0x00000] in <e53399289d9b419d83f9f5b02c5cf609>:0 
  at MonoMod.Utils.DynamicMethodDefinition.Verse.Game.InitNewGame_Patch3 (Verse.Game ) [0x00000] in <e53399289d9b419d83f9f5b02c5cf609>:0 
  at Verse.Root_Play+<>c.<Start>b__1_2 () [0x00000] in <61e4173561894da49d210260257b5097>:0 
  at Verse.LongEventHandler.RunEventFromAnotherThread (System.Action action) [0x00000] in <61e4173561894da49d210260257b5097>:0 
  at Verse.LongEventHandler+<>c.<UpdateCurrentAsynchronousEvent>b__28_0 () [0x00000] in <61e4173561894da49d210260257b5097>:0 
  at System.Threading.ThreadHelper.ThreadStart_Context (System.Object state) [0x00000] in <51fded79cd284d4d911c5949aff4cb21>:0 
  at System.Threading.ExecutionContext.RunInternal (System.Threading.ExecutionContext executionContext, System.Threading.ContextCallback callback, System.Object state, System.Boolean preserveSyncCtx) [0x00000] in <51fded79cd284d4d911c5949aff4cb21>:0 
  at System.Threading.ExecutionContext.Run (System.Threading.ExecutionContext executionContext, System.Threading.ContextCallback callback, System.Object state, System.Boolean preserveSyncCtx) [0x00000] in <51fded79cd284d4d911c5949aff4cb21>:0 
  at System.Threading.ExecutionContext.Run (System.Threading.ExecutionContext executionContext, System.Threading.ContextCallback callback, System.Object state) [0x00000] in <51fded79cd284d4d911c5949aff4cb21>:0 
  at System.Threading.ThreadHelper.ThreadStart () [0x00000] in <51fded79cd284d4d911c5949aff4cb21>:0 
[CA][Regional][Jobs][SpawnPath] region rebuild entry TryRebuildDirtyRegionsAndRooms during regional generation of map 0; caller stack:
  at System.Environment.get_StackTrace () [0x00000] in <51fded79cd284d4d911c5949aff4cb21>:0 
  at ColonistAwareness.CARegionalSpawnPathPatches.TraceRebuild (System.String entryPoint) [0x00000] in <4a4810a07e034ce5b8045aac7a84c006>:0 
  at ColonistAwareness.CARegionalSpawnPathPatches.RebuildDirtyPrefix (System.Int64& __state) [0x00000] in <4a4810a07e034ce5b8045aac7a84c006>:0 
  at MonoMod.Utils.DynamicMethodDefinition.Verse.RegionAndRoomUpdater.TryRebuildDirtyRegionsAndRooms_Patch4 (Verse.RegionAndRoomUpdater ) [0x00000] in <e53399289d9b419d83f9f5b02c5cf609>:0 
  at MonoMod.Utils.DynamicMethodDefinition.Verse.RegionGrid.GetValidRegionAt_Patch1 (Verse.RegionGrid , Verse.IntVec3 ) [0x00000] in <e53399289d9b419d83f9f5b02c5cf609>:0 
  at Verse.RegionAndRoomQuery.RegionAt (Verse.IntVec3 c, Verse.Map map, Verse.RegionType allowedRegionTypes) [0x00000] in <61e4173561894da49d210260257b5097>:0 
  at Verse.GridsUtility.GetRegion (Verse.IntVec3 loc, Verse.Map map, Verse.RegionType allowedRegionTypes) [0x00000] in <61e4173561894da49d210260257b5097>:0 
  at MonoMod.Utils.DynamicMethodDefinition.Verse.Reachability.CanReachMapEdge_Patch1 (Verse.Reachability , Verse.IntVec3 , Verse.TraverseParms ) [0x00000] in <e53399289d9b419d83f9f5b02c5cf609>:0 
  at RimWorld.ScatterDebrisUtility.CanPlaceThingAt (Verse.IntVec3 c, Verse.Rot4 rot, Verse.Map map, Verse.ThingDef thingDef) [0x00000] in <61e4173561894da49d210260257b5097>:0 
  at RimWorld.GenStep_ScatterRoadDebris.CanPlaceThingAt (Verse.IntVec3 c, Verse.Rot4 rot, Verse.Map map, Verse.ThingDef thingDef) [0x00000] in <61e4173561894da49d210260257b5097>:0 
  at RimWorld.GenStep_ScatterRoadDebris.CanScatterAt (Verse.IntVec3 c, Verse.Map map) [0x00000] in <61e4173561894da49d210260257b5097>:0 
  at Verse.GenStep_Scatterer+<>c__DisplayClass28_0.<TryFindScatterCell>b__2 (Verse.IntVec3 x) [0x00000] in <61e4173561894da49d210260257b5097>:0 
  at Verse.CellFinderLoose.TryFindRandomNotEdgeCellWith (System.Int32 minEdgeDistance, System.Predicate`1[T] validator, Verse.Map map, Verse.IntVec3& result) [0x00000] in <61e4173561894da49d210260257b5097>:0 
  at MonoMod.Utils.DynamicMethodDefinition.Verse.GenStep_Scatterer.TryFindScatterCell_Patch1 (Verse.GenStep_Scatterer , Verse.Map , Verse.IntVec3& ) [0x00000] in <e53399289d9b419d83f9f5b02c5cf609>:0 
  at MonoMod.Utils.DynamicMethodDefinition.Verse.GenStep_Scatterer.Generate_Patch1 (Verse.GenStep_Scatterer , Verse.Map , Verse.GenStepParams ) [0x00000] in <e53399289d9b419d83f9f5b02c5cf609>:0 
  at MonoMod.Utils.DynamicMethodDefinition.RimWorld.GenStep_ScatterRoadDebris.Generate_Patch3 (RimWorld.GenStep_ScatterRoadDebris , Verse.Map , Verse.GenStepParams ) [0x00000] in <e53399289d9b419d83f9f5b02c5cf609>:0 
  at MonoMod.Utils.DynamicMethodDefinition.Verse.MapGenerator.GenerateContentsIntoMap_Patch5 (System.Collections.Generic.IEnumerable`1[T] , Verse.Map , System.Int32 , System.Boolean ) [0x00000] in <e53399289d9b419d83f9f5b02c5cf609>:0 
  at MonoMod.Utils.DynamicMethodDefinition.Verse.MapGenerator.GenerateMap_Patch6 (Verse.IntVec3 , RimWorld.Planet.MapParent , Verse.MapGeneratorDef , System.Collections.Generic.IEnumerable`1[T] , System.Action`1[T] , System.Boolean , System.Boolean ) [0x00000] in <e53399289d9b419d83f9f5b02c5cf609>:0 
  at MonoMod.Utils.DynamicMethodDefinition.Verse.Game.InitNewGame_Patch3 (Verse.Game ) [0x00000] in <e53399289d9b419d83f9f5b02c5cf609>:0 
  at Verse.Root_Play+<>c.<Start>b__1_2 () [0x00000] in <61e4173561894da49d210260257b5097>:0 
  at Verse.LongEventHandler.RunEventFromAnotherThread (System.Action action) [0x00000] in <61e4173561894da49d210260257b5097>:0 
  at Verse.LongEventHandler+<>c.<UpdateCurrentAsynchronousEvent>b__28_0 () [0x00000] in <61e4173561894da49d210260257b5097>:0 
  at System.Threading.ThreadHelper.ThreadStart_Context (System.Object state) [0x00000] in <51fded79cd284d4d911c5949aff4cb21>:0 
  at System.Threading.ExecutionContext.RunInternal (System.Threading.ExecutionContext executionContext, System.Threading.ContextCallback callback, System.Object state, System.Boolean preserveSyncCtx) [0x00000] in <51fded79cd284d4d911c5949aff4cb21>:0 
  at System.Threading.ExecutionContext.Run (System.Threading.ExecutionContext executionContext, System.Threading.ContextCallback callback, System.Object state, System.Boolean preserveSyncCtx) [0x00000] in <51fded79cd284d4d911c5949aff4cb21>:0 
  at System.Threading.ExecutionContext.Run (System.Threading.ExecutionContext executionContext, System.Threading.ContextCallback callback, System.Object state) [0x00000] in <51fded79cd284d4d911c5949aff4cb21>:0 
  at System.Threading.ThreadHelper.ThreadStart () [0x00000] in <51fded79cd284d4d911c5949aff4cb21>:0 
[CA][Regional][Timing][GenStep] Verse.GenStep_Scatterer [ScatterRoadDebris] completed in 9 ms for 1246x1080 map 0
[CA][Regional][Timing][GenStep] RimWorld.GenStep_ScatterRoadDebris [ScatterRoadDebris] completed in 21 ms for 1246x1080 map 0
[CA][Regional][Jobs][SpawnPath] RimWorld.GenStep_ScatterRoadDebris [ScatterRoadDebris] for map 0: spawn=42/1ms; wipe=42/0ms; ownerTryAdd=42/0ms; filth=41/0ms; regionRebuildDirty=31/2ms; spawnedThings=146208
[CA][Regional][Timing][GenStep] starting RimWorld.GenStep_ScatterCaveDebris [ScatterCaveDebris] for 1246x1080 map 0
[CA][Regional][Timing][GenStep] RimWorld.GenStep_ScatterCaveDebris [ScatterCaveDebris] completed in 0 ms for 1246x1080 map 0
[CA][Regional][Timing][GenStep] starting Verse.GenStep_ScatterGroup [MechanoidRemains] for 1246x1080 map 0
[CA][Regional][Timing][GenStep] starting Verse.GenStep_Scatterer [MechanoidRemains] for 1246x1080 map 0
[CA][Regional][Timing][GenStep] Verse.GenStep_Scatterer [MechanoidRemains] completed in 113 ms for 1246x1080 map 0
[CA][Regional][Timing][GenStep] Verse.GenStep_ScatterGroup [MechanoidRemains] completed in 124 ms for 1246x1080 map 0
[CA][Regional][Timing][IndexedRemoval] Verse.GenStep_ScatterGroup [MechanoidRemains] completed with plantDespawns=0 ownerRemovals=2 listerRemovals=6 indexedLists=16 snapshotEntries=293124 indexWork=92 ms restore=47 ms comparisonsBypassed=293405 shiftsBypassed=172 canonicalOrder=True for 1246x1080 map 0
[CA][Regional][Jobs][SpawnPath] Verse.GenStep_ScatterGroup [MechanoidRemains] for map 0: spawn=80/94ms; wipe=80/92ms; despawn=2/92ms; ownerTryAdd=80/0ms; ownerRemove=2/50ms; mapListerRemove=2/41ms; otherListerRemove=4/0ms; filth=66/0ms; scatterCalc=2/15ms; scatterFind=1/10ms; spawnedThings=146286
[CA][Regional][Timing][GenStep] starting RimWorld.GenStep_ScatterAncientTurret [AncientTurret] for 1246x1080 map 0
[CA][Regional][Timing][GenStep] RimWorld.GenStep_ScatterAncientTurret [AncientTurret] completed in 0 ms for 1246x1080 map 0
[CA][Regional][Timing][GenStep] starting RimWorld.GenStep_ScatterAncientMechs [AncientMechs] for 1246x1080 map 0
[CA][Regional][Timing][GenStep] starting Verse.GenStep_Scatterer [AncientMechs] for 1246x1080 map 0
[CA][Regional][Jobs][SpawnPath] region rebuild entry TryRebuildDirtyRegionsAndRooms during regional generation of map 0; caller stack:
  at System.Environment.get_StackTrace () [0x00000] in <51fded79cd284d4d911c5949aff4cb21>:0 
  at ColonistAwareness.CARegionalSpawnPathPatches.TraceRebuild (System.String entryPoint) [0x00000] in <4a4810a07e034ce5b8045aac7a84c006>:0 
  at ColonistAwareness.CARegionalSpawnPathPatches.RebuildDirtyPrefix (System.Int64& __state) [0x00000] in <4a4810a07e034ce5b8045aac7a84c006>:0 
  at MonoMod.Utils.DynamicMethodDefinition.Verse.RegionAndRoomUpdater.TryRebuildDirtyRegionsAndRooms_Patch4 (Verse.RegionAndRoomUpdater ) [0x00000] in <e53399289d9b419d83f9f5b02c5cf609>:0 
  at MonoMod.Utils.DynamicMethodDefinition.Verse.RegionGrid.GetValidRegionAt_Patch1 (Verse.RegionGrid , Verse.IntVec3 ) [0x00000] in <e53399289d9b419d83f9f5b02c5cf609>:0 
  at Verse.RegionAndRoomQuery.RegionAt (Verse.IntVec3 c, Verse.Map map, Verse.RegionType allowedRegionTypes) [0x00000] in <61e4173561894da49d210260257b5097>:0 
  at Verse.GridsUtility.GetRegion (Verse.IntVec3 loc, Verse.Map map, Verse.RegionType allowedRegionTypes) [0x00000] in <61e4173561894da49d210260257b5097>:0 
  at MonoMod.Utils.DynamicMethodDefinition.Verse.Reachability.CanReachMapEdge_Patch1 (Verse.Reachability , Verse.IntVec3 , Verse.TraverseParms ) [0x00000] in <e53399289d9b419d83f9f5b02c5cf609>:0 
  at RimWorld.ScatterDebrisUtility.CanPlaceThingAt (Verse.IntVec3 c, Verse.Rot4 rot, Verse.Map map, Verse.ThingDef thingDef) [0x00000] in <61e4173561894da49d210260257b5097>:0 
  at RimWorld.GenStep_ScatterAncientMechs.CanPlaceThingAt (Verse.IntVec3 c, Verse.Rot4 rot, Verse.Map map, Verse.ThingDef thingDef) [0x00000] in <61e4173561894da49d210260257b5097>:0 
  at RimWorld.GenStep_ScatterAncientMechs.CanScatterAt (Verse.IntVec3 c, Verse.Map map) [0x00000] in <61e4173561894da49d210260257b5097>:0 
  at Verse.GenStep_Scatterer+<>c__DisplayClass28_0.<TryFindScatterCell>b__2 (Verse.IntVec3 x) [0x00000] in <61e4173561894da49d210260257b5097>:0 
  at Verse.CellFinderLoose.TryFindRandomNotEdgeCellWith (System.Int32 minEdgeDistance, System.Predicate`1[T] validator, Verse.Map map, Verse.IntVec3& result) [0x00000] in <61e4173561894da49d210260257b5097>:0 
  at MonoMod.Utils.DynamicMethodDefinition.Verse.GenStep_Scatterer.TryFindScatterCell_Patch1 (Verse.GenStep_Scatterer , Verse.Map , Verse.IntVec3& ) [0x00000] in <e53399289d9b419d83f9f5b02c5cf609>:0 
  at MonoMod.Utils.DynamicMethodDefinition.Verse.GenStep_Scatterer.Generate_Patch1 (Verse.GenStep_Scatterer , Verse.Map , Verse.GenStepParams ) [0x00000] in <e53399289d9b419d83f9f5b02c5cf609>:0 
  at MonoMod.Utils.DynamicMethodDefinition.RimWorld.GenStep_ScatterAncientMechs.Generate_Patch3 (RimWorld.GenStep_ScatterAncientMechs , Verse.Map , Verse.GenStepParams ) [0x00000] in <e53399289d9b419d83f9f5b02c5cf609>:0 
  at MonoMod.Utils.DynamicMethodDefinition.Verse.MapGenerator.GenerateContentsIntoMap_Patch5 (System.Collections.Generic.IEnumerable`1[T] , Verse.Map , System.Int32 , System.Boolean ) [0x00000] in <e53399289d9b419d83f9f5b02c5cf609>:0 
  at MonoMod.Utils.DynamicMethodDefinition.Verse.MapGenerator.GenerateMap_Patch6 (Verse.IntVec3 , RimWorld.Planet.MapParent , Verse.MapGeneratorDef , System.Collections.Generic.IEnumerable`1[T] , System.Action`1[T] , System.Boolean , System.Boolean ) [0x00000] in <e53399289d9b419d83f9f5b02c5cf609>:0 
  at MonoMod.Utils.DynamicMethodDefinition.Verse.Game.InitNewGame_Patch3 (Verse.Game ) [0x00000] in <e53399289d9b419d83f9f5b02c5cf609>:0 
  at Verse.Root_Play+<>c.<Start>b__1_2 () [0x00000] in <61e4173561894da49d210260257b5097>:0 
  at Verse.LongEventHandler.RunEventFromAnotherThread (System.Action action) [0x00000] in <61e4173561894da49d210260257b5097>:0 
  at Verse.LongEventHandler+<>c.<UpdateCurrentAsynchronousEvent>b__28_0 () [0x00000] in <61e4173561894da49d210260257b5097>:0 
  at System.Threading.ThreadHelper.ThreadStart_Context (System.Object state) [0x00000] in <51fded79cd284d4d911c5949aff4cb21>:0 
  at System.Threading.ExecutionContext.RunInternal (System.Threading.ExecutionContext executionContext, System.Threading.ContextCallback callback, System.Object state, System.Boolean preserveSyncCtx) [0x00000] in <51fded79cd284d4d911c5949aff4cb21>:0 
  at System.Threading.ExecutionContext.Run (System.Threading.ExecutionContext executionContext, System.Threading.ContextCallback callback, System.Object state, System.Boolean preserveSyncCtx) [0x00000] in <51fded79cd284d4d911c5949aff4cb21>:0 
  at System.Threading.ExecutionContext.Run (System.Threading.ExecutionContext executionContext, System.Threading.ContextCallback callback, System.Object state) [0x00000] in <51fded79cd284d4d911c5949aff4cb21>:0 
  at System.Threading.ThreadHelper.ThreadStart () [0x00000] in <51fded79cd284d4d911c5949aff4cb21>:0 
[CA][Regional][Jobs][SpawnPath] region rebuild entry TryRebuildDirtyRegionsAndRooms during regional generation of map 0; caller stack:
  at System.Environment.get_StackTrace () [0x00000] in <51fded79cd284d4d911c5949aff4cb21>:0 
  at ColonistAwareness.CARegionalSpawnPathPatches.TraceRebuild (System.String entryPoint) [0x00000] in <4a4810a07e034ce5b8045aac7a84c006>:0 
  at ColonistAwareness.CARegionalSpawnPathPatches.RebuildDirtyPrefix (System.Int64& __state) [0x00000] in <4a4810a07e034ce5b8045aac7a84c006>:0 
  at MonoMod.Utils.DynamicMethodDefinition.Verse.RegionAndRoomUpdater.TryRebuildDirtyRegionsAndRooms_Patch4 (Verse.RegionAndRoomUpdater ) [0x00000] in <e53399289d9b419d83f9f5b02c5cf609>:0 
  at MonoMod.Utils.DynamicMethodDefinition.Verse.RegionGrid.GetValidRegionAt_Patch1 (Verse.RegionGrid , Verse.IntVec3 ) [0x00000] in <e53399289d9b419d83f9f5b02c5cf609>:0 
  at Verse.RegionAndRoomQuery.RegionAt (Verse.IntVec3 c, Verse.Map map, Verse.RegionType allowedRegionTypes) [0x00000] in <61e4173561894da49d210260257b5097>:0 
  at Verse.GridsUtility.GetRegion (Verse.IntVec3 loc, Verse.Map map, Verse.RegionType allowedRegionTypes) [0x00000] in <61e4173561894da49d210260257b5097>:0 
  at MonoMod.Utils.DynamicMethodDefinition.Verse.Reachability.CanReachMapEdge_Patch1 (Verse.Reachability , Verse.IntVec3 , Verse.TraverseParms ) [0x00000] in <e53399289d9b419d83f9f5b02c5cf609>:0 
  at RimWorld.ScatterDebrisUtility.CanPlaceThingAt (Verse.IntVec3 c, Verse.Rot4 rot, Verse.Map map, Verse.ThingDef thingDef) [0x00000] in <61e4173561894da49d210260257b5097>:0 
  at RimWorld.GenStep_ScatterAncientMechs.CanPlaceThingAt (Verse.IntVec3 c, Verse.Rot4 rot, Verse.Map map, Verse.ThingDef thingDef) [0x00000] in <61e4173561894da49d210260257b5097>:0 
  at RimWorld.GenStep_ScatterAncientMechs.CanScatterAt (Verse.IntVec3 c, Verse.Map map) [0x00000] in <61e4173561894da49d210260257b5097>:0 
  at Verse.GenStep_Scatterer+<>c__DisplayClass28_0.<TryFindScatterCell>b__2 (Verse.IntVec3 x) [0x00000] in <61e4173561894da49d210260257b5097>:0 
  at Verse.CellFinderLoose.TryFindRandomNotEdgeCellWith (System.Int32 minEdgeDistance, System.Predicate`1[T] validator, Verse.Map map, Verse.IntVec3& result) [0x00000] in <61e4173561894da49d210260257b5097>:0 
  at MonoMod.Utils.DynamicMethodDefinition.Verse.GenStep_Scatterer.TryFindScatterCell_Patch1 (Verse.GenStep_Scatterer , Verse.Map , Verse.IntVec3& ) [0x00000] in <e53399289d9b419d83f9f5b02c5cf609>:0 
  at MonoMod.Utils.DynamicMethodDefinition.Verse.GenStep_Scatterer.Generate_Patch1 (Verse.GenStep_Scatterer , Verse.Map , Verse.GenStepParams ) [0x00000] in <e53399289d9b419d83f9f5b02c5cf609>:0 
  at MonoMod.Utils.DynamicMethodDefinition.RimWorld.GenStep_ScatterAncientMechs.Generate_Patch3 (RimWorld.GenStep_ScatterAncientMechs , Verse.Map , Verse.GenStepParams ) [0x00000] in <e53399289d9b419d83f9f5b02c5cf609>:0 
  at MonoMod.Utils.DynamicMethodDefinition.Verse.MapGenerator.GenerateContentsIntoMap_Patch5 (System.Collections.Generic.IEnumerable`1[T] , Verse.Map , System.Int32 , System.Boolean ) [0x00000] in <e53399289d9b419d83f9f5b02c5cf609>:0 
  at MonoMod.Utils.DynamicMethodDefinition.Verse.MapGenerator.GenerateMap_Patch6 (Verse.IntVec3 , RimWorld.Planet.MapParent , Verse.MapGeneratorDef , System.Collections.Generic.IEnumerable`1[T] , System.Action`1[T] , System.Boolean , System.Boolean ) [0x00000] in <e53399289d9b419d83f9f5b02c5cf609>:0 
  at MonoMod.Utils.DynamicMethodDefinition.Verse.Game.InitNewGame_Patch3 (Verse.Game ) [0x00000] in <e53399289d9b419d83f9f5b02c5cf609>:0 
  at Verse.Root_Play+<>c.<Start>b__1_2 () [0x00000] in <61e4173561894da49d210260257b5097>:0 
  at Verse.LongEventHandler.RunEventFromAnotherThread (System.Action action) [0x00000] in <61e4173561894da49d210260257b5097>:0 
  at Verse.LongEventHandler+<>c.<UpdateCurrentAsynchronousEvent>b__28_0 () [0x00000] in <61e4173561894da49d210260257b5097>:0 
  at System.Threading.ThreadHelper.ThreadStart_Context (System.Object state) [0x00000] in <51fded79cd284d4d911c5949aff4cb21>:0 
  at System.Threading.ExecutionContext.RunInternal (System.Threading.ExecutionContext executionContext, System.Threading.ContextCallback callback, System.Object state, System.Boolean preserveSyncCtx) [0x00000] in <51fded79cd284d4d911c5949aff4cb21>:0 
  at System.Threading.ExecutionContext.Run (System.Threading.ExecutionContext executionContext, System.Threading.ContextCallback callback, System.Object state, System.Boolean preserveSyncCtx) [0x00000] in <51fded79cd284d4d911c5949aff4cb21>:0 
  at System.Threading.ExecutionContext.Run (System.Threading.ExecutionContext executionContext, System.Threading.ContextCallback callback, System.Object state) [0x00000] in <51fded79cd284d4d911c5949aff4cb21>:0 
  at System.Threading.ThreadHelper.ThreadStart () [0x00000] in <51fded79cd284d4d911c5949aff4cb21>:0 
[CA][Regional][Timing][GenStep] Verse.GenStep_Scatterer [AncientMechs] completed in 3 ms for 1246x1080 map 0
[CA][Regional][Timing][GenStep] RimWorld.GenStep_ScatterAncientMechs [AncientMechs] completed in 13 ms for 1246x1080 map 0
[CA][Regional][Jobs][SpawnPath] RimWorld.GenStep_ScatterAncientMechs [AncientMechs] for map 0: spawn=11/0ms; wipe=11/0ms; ownerTryAdd=11/0ms; filth=10/0ms; regionRebuildDirty=4/1ms; spawnedThings=146297
[CA][Regional][Timing][GenStep] starting RimWorld.GenStep_ScatterAncientLandingPad [AncientLandingPad] for 1246x1080 map 0
[CA][Regional][Timing][GenStep] starting Verse.GenStep_Scatterer [AncientLandingPad] for 1246x1080 map 0
[CA][Regional][Timing][GenStep] Verse.GenStep_Scatterer [AncientLandingPad] completed in 206 ms for 1246x1080 map 0
[CA][Regional][Timing][GenStep] RimWorld.GenStep_ScatterAncientLandingPad [AncientLandingPad] completed in 215 ms for 1246x1080 map 0
[CA][Regional][Timing][IndexedRemoval] RimWorld.GenStep_ScatterAncientLandingPad [AncientLandingPad] completed with plantDespawns=16 ownerRemovals=16 listerRemovals=40 indexedLists=34 snapshotEntries=657951 indexWork=198 ms restore=92 ms comparisonsBypassed=5326118 shiftsBypassed=4103735 canonicalOrder=True for 1246x1080 map 0
[CA][Regional][Jobs][SpawnPath] RimWorld.GenStep_ScatterAncientLandingPad [AncientLandingPad] for map 0: spawn=8/0ms; wipe=8/0ms; despawn=16/198ms; ownerTryAdd=8/0ms; ownerRemove=16/30ms; mapListerRemove=16/167ms; otherListerRemove=24/0ms; filth=5/0ms; spawnedThings=146289
[CA][Regional][Timing][GenStep] starting RimWorld.GenStep_ScatterAncientFences [AncientFences] for 1246x1080 map 0
[CA][Regional][Timing][GenStep] starting Verse.GenStep_Scatterer [AncientFences] for 1246x1080 map 0
[CA][Regional][Timing][GenStep] Verse.GenStep_Scatterer [AncientFences] completed in 1 ms for 1246x1080 map 0
[CA][Regional][Timing][GenStep] RimWorld.GenStep_ScatterAncientFences [AncientFences] completed in 10 ms for 1246x1080 map 0
[CA][Regional][Jobs][SpawnPath] RimWorld.GenStep_ScatterAncientFences [AncientFences] for map 0: spawn=5/0ms; wipe=5/0ms; ownerTryAdd=5/0ms; spawnedThings=146294
[CA][Regional][Timing][GenStep] starting Verse.GenStep_ScatterThings [AncientPipelineSection] for 1246x1080 map 0
[CA][Regional] junk(GenStep_ScatterThings) recomputed per constituent from native inputs: total 41 [12547:1, 12548:3, 21407:2, 39479:1, 39480:5, 39481:1, 66122:3, 66123:4, 66124:1, 115252:1, 115253:5, 115254:1, 115255:4, 115260:4, 115261:4, 115262:1]
[CA][Regional][Timing][GenStep] Verse.GenStep_ScatterThings [AncientPipelineSection] completed in 67 ms for 1246x1080 map 0
[CA][Regional][Timing][IndexedRemoval] Verse.GenStep_ScatterThings [AncientPipelineSection] completed with plantDespawns=8 ownerRemovals=8 listerRemovals=18 indexedLists=58 snapshotEntries=700046 indexWork=58 ms restore=76 ms comparisonsBypassed=3021256 shiftsBypassed=1542523 canonicalOrder=True for 1246x1080 map 0
[CA][Regional][Jobs][SpawnPath] Verse.GenStep_ScatterThings [AncientPipelineSection] for map 0: spawn=223/63ms; wipe=223/59ms; despawn=8/58ms; ownerTryAdd=223/0ms; ownerRemove=8/14ms; mapListerRemove=8/44ms; otherListerRemove=10/0ms; filth=182/2ms; spawnedThings=146509
[CA][Regional][Timing][GenStep] starting Verse.GenStep_ScatterGroup [AncientJunkClusters] for 1246x1080 map 0
[CA][Regional][Timing][GenStep] starting Verse.GenStep_Scatterer [AncientJunkClusters] for 1246x1080 map 0
[CA][Regional] junk(GenStep_ScatterGroup) recomputed per constituent from native inputs: total 42 [12547:1, 12548:3, 21407:2, 39479:1, 39480:5, 39481:1, 66122:3, 66123:4, 66124:1, 115252:1, 115253:5, 115254:1, 115255:5, 115260:4, 115261:4, 115262:1]
[CA][Regional][Jobs][SpawnPath] region rebuild entry TryRebuildDirtyRegionsAndRooms during regional generation of map 0; caller stack:
  at System.Environment.get_StackTrace () [0x00000] in <51fded79cd284d4d911c5949aff4cb21>:0 
  at ColonistAwareness.CARegionalSpawnPathPatches.TraceRebuild (System.String entryPoint) [0x00000] in <4a4810a07e034ce5b8045aac7a84c006>:0 
  at ColonistAwareness.CARegionalSpawnPathPatches.RebuildDirtyPrefix (System.Int64& __state) [0x00000] in <4a4810a07e034ce5b8045aac7a84c006>:0 
  at MonoMod.Utils.DynamicMethodDefinition.Verse.RegionAndRoomUpdater.TryRebuildDirtyRegionsAndRooms_Patch4 (Verse.RegionAndRoomUpdater ) [0x00000] in <e53399289d9b419d83f9f5b02c5cf609>:0 
  at MonoMod.Utils.DynamicMethodDefinition.Verse.RegionGrid.GetValidRegionAt_Patch1 (Verse.RegionGrid , Verse.IntVec3 ) [0x00000] in <e53399289d9b419d83f9f5b02c5cf609>:0 
  at Verse.RegionAndRoomQuery.RegionAt (Verse.IntVec3 c, Verse.Map map, Verse.RegionType allowedRegionTypes) [0x00000] in <61e4173561894da49d210260257b5097>:0 
  at Verse.RegionAndRoomQuery.DistrictAt (Verse.IntVec3 c, Verse.Map map, Verse.RegionType allowedRegionTypes) [0x00000] in <61e4173561894da49d210260257b5097>:0 
  at Verse.RegionAndRoomQuery.GetDistrict (Verse.Thing thing, Verse.RegionType allowedRegionTypes) [0x00000] in <61e4173561894da49d210260257b5097>:0 
  at RimWorld.Building_Bed.SpawnSetup (Verse.Map map, System.Boolean respawningAfterLoad) [0x00000] in <61e4173561894da49d210260257b5097>:0 
  at MonoMod.Utils.DynamicMethodDefinition.Verse.GenSpawn.Spawn_Patch3 (Verse.Thing , Verse.IntVec3 , Verse.Map , Verse.Rot4 , Verse.WipeMode , System.Boolean , System.Boolean ) [0x00000] in <e53399289d9b419d83f9f5b02c5cf609>:0 
  at Verse.GenStep_ScatterGroup.ScatterAt (Verse.IntVec3 loc, Verse.Map map, Verse.GenStepParams parms, System.Int32 count) [0x00000] in <61e4173561894da49d210260257b5097>:0 
  at MonoMod.Utils.DynamicMethodDefinition.Verse.GenStep_Scatterer.Generate_Patch1 (Verse.GenStep_Scatterer , Verse.Map , Verse.GenStepParams ) [0x00000] in <e53399289d9b419d83f9f5b02c5cf609>:0 
  at MonoMod.Utils.DynamicMethodDefinition.Verse.GenStep_ScatterGroup.Generate_Patch4 (Verse.GenStep_ScatterGroup , Verse.Map , Verse.GenStepParams ) [0x00000] in <e53399289d9b419d83f9f5b02c5cf609>:0 
  at MonoMod.Utils.DynamicMethodDefinition.Verse.MapGenerator.GenerateContentsIntoMap_Patch5 (System.Collections.Generic.IEnumerable`1[T] , Verse.Map , System.Int32 , System.Boolean ) [0x00000] in <e53399289d9b419d83f9f5b02c5cf609>:0 
  at MonoMod.Utils.DynamicMethodDefinition.Verse.MapGenerator.GenerateMap_Patch6 (Verse.IntVec3 , RimWorld.Planet.MapParent , Verse.MapGeneratorDef , System.Collections.Generic.IEnumerable`1[T] , System.Action`1[T] , System.Boolean , System.Boolean ) [0x00000] in <e53399289d9b419d83f9f5b02c5cf609>:0 
  at MonoMod.Utils.DynamicMethodDefinition.Verse.Game.InitNewGame_Patch3 (Verse.Game ) [0x00000] in <e53399289d9b419d83f9f5b02c5cf609>:0 
  at Verse.Root_Play+<>c.<Start>b__1_2 () [0x00000] in <61e4173561894da49d210260257b5097>:0 
  at Verse.LongEventHandler.RunEventFromAnotherThread (System.Action action) [0x00000] in <61e4173561894da49d210260257b5097>:0 
  at Verse.LongEventHandler+<>c.<UpdateCurrentAsynchronousEvent>b__28_0 () [0x00000] in <61e4173561894da49d210260257b5097>:0 
  at System.Threading.ThreadHelper.ThreadStart_Context (System.Object state) [0x00000] in <51fded79cd284d4d911c5949aff4cb21>:0 
  at System.Threading.ExecutionContext.RunInternal (System.Threading.ExecutionContext executionContext, System.Threading.ContextCallback callback, System.Object state, System.Boolean preserveSyncCtx) [0x00000] in <51fded79cd284d4d911c5949aff4cb21>:0 
  at System.Threading.ExecutionContext.Run (System.Threading.ExecutionContext executionContext, System.Threading.ContextCallback callback, System.Object state, System.Boolean preserveSyncCtx) [0x00000] in <51fded79cd284d4d911c5949aff4cb21>:0 
  at System.Threading.ExecutionContext.Run (System.Threading.ExecutionContext executionContext, System.Threading.ContextCallback callback, System.Object state) [0x00000] in <51fded79cd284d4d911c5949aff4cb21>:0 
  at System.Threading.ThreadHelper.ThreadStart () [0x00000] in <51fded79cd284d4d911c5949aff4cb21>:0 
[CA][Regional][Jobs][SpawnPath] region rebuild entry TryRebuildDirtyRegionsAndRooms during regional generation of map 0; caller stack:
  at System.Environment.get_StackTrace () [0x00000] in <51fded79cd284d4d911c5949aff4cb21>:0 
  at ColonistAwareness.CARegionalSpawnPathPatches.TraceRebuild (System.String entryPoint) [0x00000] in <4a4810a07e034ce5b8045aac7a84c006>:0 
  at ColonistAwareness.CARegionalSpawnPathPatches.RebuildDirtyPrefix (System.Int64& __state) [0x00000] in <4a4810a07e034ce5b8045aac7a84c006>:0 
  at MonoMod.Utils.DynamicMethodDefinition.Verse.RegionAndRoomUpdater.TryRebuildDirtyRegionsAndRooms_Patch4 (Verse.RegionAndRoomUpdater ) [0x00000] in <e53399289d9b419d83f9f5b02c5cf609>:0 
  at MonoMod.Utils.DynamicMethodDefinition.Verse.RegionGrid.GetValidRegionAt_Patch1 (Verse.RegionGrid , Verse.IntVec3 ) [0x00000] in <e53399289d9b419d83f9f5b02c5cf609>:0 
  at Verse.RegionAndRoomQuery.RegionAt (Verse.IntVec3 c, Verse.Map map, Verse.RegionType allowedRegionTypes) [0x00000] in <61e4173561894da49d210260257b5097>:0 
  at Verse.RegionAndRoomQuery.DistrictAt (Verse.IntVec3 c, Verse.Map map, Verse.RegionType allowedRegionTypes) [0x00000] in <61e4173561894da49d210260257b5097>:0 
  at Verse.RegionAndRoomQuery.GetDistrict (Verse.Thing thing, Verse.RegionType allowedRegionTypes) [0x00000] in <61e4173561894da49d210260257b5097>:0 
  at RimWorld.Building_Bed.SpawnSetup (Verse.Map map, System.Boolean respawningAfterLoad) [0x00000] in <61e4173561894da49d210260257b5097>:0 
  at MonoMod.Utils.DynamicMethodDefinition.Verse.GenSpawn.Spawn_Patch3 (Verse.Thing , Verse.IntVec3 , Verse.Map , Verse.Rot4 , Verse.WipeMode , System.Boolean , System.Boolean ) [0x00000] in <e53399289d9b419d83f9f5b02c5cf609>:0 
  at Verse.GenStep_ScatterGroup.ScatterAt (Verse.IntVec3 loc, Verse.Map map, Verse.GenStepParams parms, System.Int32 count) [0x00000] in <61e4173561894da49d210260257b5097>:0 
  at MonoMod.Utils.DynamicMethodDefinition.Verse.GenStep_Scatterer.Generate_Patch1 (Verse.GenStep_Scatterer , Verse.Map , Verse.GenStepParams ) [0x00000] in <e53399289d9b419d83f9f5b02c5cf609>:0 
  at MonoMod.Utils.DynamicMethodDefinition.Verse.GenStep_ScatterGroup.Generate_Patch4 (Verse.GenStep_ScatterGroup , Verse.Map , Verse.GenStepParams ) [0x00000] in <e53399289d9b419d83f9f5b02c5cf609>:0 
  at MonoMod.Utils.DynamicMethodDefinition.Verse.MapGenerator.GenerateContentsIntoMap_Patch5 (System.Collections.Generic.IEnumerable`1[T] , Verse.Map , System.Int32 , System.Boolean ) [0x00000] in <e53399289d9b419d83f9f5b02c5cf609>:0 
  at MonoMod.Utils.DynamicMethodDefinition.Verse.MapGenerator.GenerateMap_Patch6 (Verse.IntVec3 , RimWorld.Planet.MapParent , Verse.MapGeneratorDef , System.Collections.Generic.IEnumerable`1[T] , System.Action`1[T] , System.Boolean , System.Boolean ) [0x00000] in <e53399289d9b419d83f9f5b02c5cf609>:0 
  at MonoMod.Utils.DynamicMethodDefinition.Verse.Game.InitNewGame_Patch3 (Verse.Game ) [0x00000] in <e53399289d9b419d83f9f5b02c5cf609>:0 
  at Verse.Root_Play+<>c.<Start>b__1_2 () [0x00000] in <61e4173561894da49d210260257b5097>:0 
  at Verse.LongEventHandler.RunEventFromAnotherThread (System.Action action) [0x00000] in <61e4173561894da49d210260257b5097>:0 
  at Verse.LongEventHandler+<>c.<UpdateCurrentAsynchronousEvent>b__28_0 () [0x00000] in <61e4173561894da49d210260257b5097>:0 
  at System.Threading.ThreadHelper.ThreadStart_Context (System.Object state) [0x00000] in <51fded79cd284d4d911c5949aff4cb21>:0 
  at System.Threading.ExecutionContext.RunInternal (System.Threading.ExecutionContext executionContext, System.Threading.ContextCallback callback, System.Object state, System.Boolean preserveSyncCtx) [0x00000] in <51fded79cd284d4d911c5949aff4cb21>:0 
  at System.Threading.ExecutionContext.Run (System.Threading.ExecutionContext executionContext, System.Threading.ContextCallback callback, System.Object state, System.Boolean preserveSyncCtx) [0x00000] in <51fded79cd284d4d911c5949aff4cb21>:0 
  at System.Threading.ExecutionContext.Run (System.Threading.ExecutionContext executionContext, System.Threading.ContextCallback callback, System.Object state) [0x00000] in <51fded79cd284d4d911c5949aff4cb21>:0 
  at System.Threading.ThreadHelper.ThreadStart () [0x00000] in <51fded79cd284d4d911c5949aff4cb21>:0 
[CA][Regional][Timing] region/room rebuild for 1246x1080 map 0 took 206 ms; dirty 1137/1345680 (0.1 %); initialized=True
[CA][Regional] scatter surrendered 3 of 42 allocated placements: no cell owned by a constituent still holding quota satisfied the native validators. No cross-constituent item was produced.
Scatterer Verse.GenStep_ScatterGroup from def AncientJunkClusters could not find cell to generate at.
[CA][Regional][Timing][GenStep] Verse.GenStep_Scatterer [AncientJunkClusters] completed in 1544 ms for 1246x1080 map 0
[CA][Regional][Timing][GenStep] Verse.GenStep_ScatterGroup [AncientJunkClusters] completed in 1553 ms for 1246x1080 map 0
[CA][Regional][Timing][AncientJunkClusters] completed with 10839 indexed walls built in 1 ms; answered 1404 indoor-ruin queries by inspecting 409 local walls instead of a worst-case full-list budget of 346848 comparisons for 1246x1080 map 0; def AncientJunkClusters
[CA][Regional][Timing][IndexedRemoval] Verse.GenStep_ScatterGroup [AncientJunkClusters] completed with plantDespawns=114 ownerRemovals=185 listerRemovals=440 indexedLists=559 snapshotEntries=731841 indexWork=88 ms restore=91 ms comparisonsBypassed=48729024 shiftsBypassed=31341282 canonicalOrder=False for 1246x1080 map 0
[CA][Regional][Jobs][SpawnPath] Verse.GenStep_ScatterGroup [AncientJunkClusters] for map 0: spawn=1726/365ms; wipe=1726/92ms; despawn=185/90ms; ownerTryAdd=1726/1ms; ownerRemove=185/20ms; mapListerRemove=185/64ms; otherListerRemove=255/4ms; filth=1373/21ms; regionRebuildDirty=7/215ms; scatterCalc=1404/1123ms; scatterFind=40/597ms; spawnedThings=148050
[CA][Regional][Timing][GenStep] starting Verse.GenStep_ScatterGroup [AncientPollutionJunk] for 1246x1080 map 0
[CA][Regional][Timing][GenStep] starting Verse.GenStep_Scatterer [AncientPollutionJunk] for 1246x1080 map 0
[CA][Regional][Timing][GenStep] Verse.GenStep_Scatterer [AncientPollutionJunk] completed in 0 ms for 1246x1080 map 0
[CA][Regional][Timing][GenStep] Verse.GenStep_ScatterGroup [AncientPollutionJunk] completed in 8 ms for 1246x1080 map 0
[CA][Regional][Jobs][RockChunks] starting RimWorld.GenStep_RockChunks [RockChunks] for 1246x1080 map 0; workers=8 (processors 32 - 2, clamped 1-8); sequential-verify on; env CA_REGIONAL_JOBS=0 disables at load, CA_REGIONAL_JOBS_SEQUENTIAL=1 forces one worker, CA_REGIONAL_JOBS_WORKERS=n overrides, CA_REGIONAL_JOBS_VERIFY=0 skips the live equivalence pass
[CA][Regional][Timing][GenStep] starting RimWorld.GenStep_RockChunks [RockChunks] for 1246x1080 map 0
[CA][Regional][Timing][GenStep] RimWorld.GenStep_RockChunks [RockChunks] completed in 18239 ms for 1246x1080 map 0
[CA][Regional][SettlementAudit] CA-RS-CA-RG-C42D7CC3-1 Shadow Valley after RimWorld.GenStep_RockChunks [RockChunks]: buildings 468->458; removed [count 10; defs CA_ApertureShuttered=1,Door=1,Wall=8; ids Wall#Thing_Wall36599,Door#Thing_Door36600,CA_ApertureShuttered#Thing_CA_ApertureShuttered36769,Wall#Thing_Wall36630,Wall#Thing_Wall36648,Wall#Thing_Wall36665,Wall#Thing_Wall36669,Wall#Thing_Wall36692,Wall#Thing_Wall36711,Wall#Thing_Wall36713]; added [none]
[CA][Regional] selected-source geology [Granite, Limestone, Marble, Slate]; materialized [Granite:natural=4069,chunks=10108 | Limestone:natural=3868,chunks=7525 | Marble:natural=3470,chunks=11099 | Slate:natural=6191,chunks=12619]; missing [none]
[CA][Regional][Timing][IndexedRemoval] RimWorld.GenStep_RockChunks [RockChunks] completed with plantDespawns=5247 ownerRemovals=44847 listerRemovals=87025 indexedLists=35171 snapshotEntries=1275822 indexWork=973 ms restore=452 ms comparisonsBypassed=16563685015 shiftsBypassed=2771158598 canonicalOrder=False for 1246x1080 map 0
[CA][Regional][Jobs][RockChunks] completed RimWorld.GenStep_RockChunks [RockChunks] in 18753 ms for 1246x1080 map 0: parallel noise build 147 ms across 8 workers, grid audit 679 ms (sequential rebuild 673 ms plus checksums/comparison), ordered native remainder 17927 ms, 1345680 of 1345680 cell values served from the grid
[CA][Regional][Jobs][RockChunks] checksums for map 0: parallel=D664E3CCB867D8DF; sequential=D664E3CCB867D8DF; bitIdentical=True
[CA][Regional][Jobs][RockChunks] formations=6940 chunkThings=42062 rubbleFilthThings=135738 maxFormationLength=50 lengths [0:391 1:445 2:1555 3:1068 4:767 5-8:1661 9-16:236 17-32:780 33-64:37 65+:0] for map 0 (chunkThings counts non-filth things spawned during formation growth; rubble thickened onto existing filth does not add a thing)
[CA][Regional][Jobs][RockChunks][ReGrowth] timed calls=6940 elapsed=5676 ms netThings=51992 netRubble=42734 exceptions=0 for map 0
[CA][Regional][Jobs][SpawnPath] RimWorld.GenStep_RockChunks [RockChunks] for map 0: spawn=222636/15937ms; wipe=222636/1103ms; despawn=44847/1267ms; ownerTryAdd=222636/238ms; ownerRemove=44847/65ms; mapListerRemove=44847/525ms; otherListerRemove=42178/449ms; filth=174736/11141ms; spawnedThings=325839
[CA][Regional][Timing][GenStep] starting RimWorld.GenStep_SpecialTrees [PoluxTrees] for 1246x1080 map 0
[CA][Regional][Timing][GenStep] RimWorld.GenStep_SpecialTrees [PoluxTrees] completed in 0 ms for 1246x1080 map 0
[CA][Regional][Timing][GenStep] starting RimWorld.GenStep_CaveHives [CaveHives] for 1246x1080 map 0
[CA][Regional][Timing][GenStep] RimWorld.GenStep_CaveHives [CaveHives] completed in 276 ms for 1246x1080 map 0
[CA][Regional][Timing][GenStep] starting RimWorld.GenStep_Snow [Snow] for 1246x1080 map 0
[CA][Regional][Timing][GenStep] RimWorld.GenStep_Snow [Snow] completed in 0 ms for 1246x1080 map 0
[CA][Regional][Timing][GenStep] starting RimWorld.GenStep_Animals [Animals] for 1246x1080 map 0
[CA][Regional][Timing] animal edge-locality mask classified 1345680 cells and reached 1295312 in 102 ms for 1246x1080 map 0; native animal selection no longer requires a dirty global region rebuild
[CA][Regional][Jobs][SpawnPath] region rebuild entry TryRebuildDirtyRegionsAndRooms during regional generation of map 0; caller stack:
  at System.Environment.get_StackTrace () [0x00000] in <51fded79cd284d4d911c5949aff4cb21>:0 
  at ColonistAwareness.CARegionalSpawnPathPatches.TraceRebuild (System.String entryPoint) [0x00000] in <4a4810a07e034ce5b8045aac7a84c006>:0 
  at ColonistAwareness.CARegionalSpawnPathPatches.RebuildDirtyPrefix (System.Int64& __state) [0x00000] in <4a4810a07e034ce5b8045aac7a84c006>:0 
  at MonoMod.Utils.DynamicMethodDefinition.Verse.RegionAndRoomUpdater.TryRebuildDirtyRegionsAndRooms_Patch4 (Verse.RegionAndRoomUpdater ) [0x00000] in <e53399289d9b419d83f9f5b02c5cf609>:0 
  at MonoMod.Utils.DynamicMethodDefinition.Verse.RegionGrid.GetValidRegionAt_Patch1 (Verse.RegionGrid , Verse.IntVec3 ) [0x00000] in <e53399289d9b419d83f9f5b02c5cf609>:0 
  at Verse.RegionAndRoomQuery.RegionAt (Verse.IntVec3 c, Verse.Map map, Verse.RegionType allowedRegionTypes) [0x00000] in <61e4173561894da49d210260257b5097>:0 
  at Verse.GridsUtility.GetRegion (Verse.IntVec3 loc, Verse.Map map, Verse.RegionType allowedRegionTypes) [0x00000] in <61e4173561894da49d210260257b5097>:0 
  at Verse.CellFinder.TryFindRandomReachableNearbyCell (Verse.IntVec3 root, Verse.Map map, System.Single radius, Verse.TraverseParms traverseParms, System.Predicate`1[T] cellValidator, System.Predicate`1[T] regionValidator, Verse.IntVec3& result, System.Int32 maxRegions) [0x00000] in <61e4173561894da49d210260257b5097>:0 
  at Verse.CellFinder.TryRandomClosewalkCellNear (Verse.IntVec3 root, Verse.Map map, System.Int32 radius, Verse.IntVec3& result, System.Predicate`1[T] extraValidator) [0x00000] in <61e4173561894da49d210260257b5097>:0 
  at Verse.CellFinder.RandomClosewalkCellNear (Verse.IntVec3 root, Verse.Map map, System.Int32 radius, System.Predicate`1[T] extraValidator) [0x00000] in <61e4173561894da49d210260257b5097>:0 
  at RimWorld.WildAnimalSpawner.SpawnRandomWildAnimalAt (Verse.IntVec3 loc, System.Boolean canFlyIn, Verse.PawnKindDef animalKind) [0x00000] in <61e4173561894da49d210260257b5097>:0 
  at MonoMod.Utils.DynamicMethodDefinition.RimWorld.GenStep_Animals.Generate_Patch4 (RimWorld.GenStep_Animals , Verse.Map , Verse.GenStepParams ) [0x00000] in <e53399289d9b419d83f9f5b02c5cf609>:0 
  at MonoMod.Utils.DynamicMethodDefinition.Verse.MapGenerator.GenerateContentsIntoMap_Patch5 (System.Collections.Generic.IEnumerable`1[T] , Verse.Map , System.Int32 , System.Boolean ) [0x00000] in <e53399289d9b419d83f9f5b02c5cf609>:0 
  at MonoMod.Utils.DynamicMethodDefinition.Verse.MapGenerator.GenerateMap_Patch6 (Verse.IntVec3 , RimWorld.Planet.MapParent , Verse.MapGeneratorDef , System.Collections.Generic.IEnumerable`1[T] , System.Action`1[T] , System.Boolean , System.Boolean ) [0x00000] in <e53399289d9b419d83f9f5b02c5cf609>:0 
  at MonoMod.Utils.DynamicMethodDefinition.Verse.Game.InitNewGame_Patch3 (Verse.Game ) [0x00000] in <e53399289d9b419d83f9f5b02c5cf609>:0 
  at Verse.Root_Play+<>c.<Start>b__1_2 () [0x00000] in <61e4173561894da49d210260257b5097>:0 
  at Verse.LongEventHandler.RunEventFromAnotherThread (System.Action action) [0x00000] in <61e4173561894da49d210260257b5097>:0 
  at Verse.LongEventHandler+<>c.<UpdateCurrentAsynchronousEvent>b__28_0 () [0x00000] in <61e4173561894da49d210260257b5097>:0 
  at System.Threading.ThreadHelper.ThreadStart_Context (System.Object state) [0x00000] in <51fded79cd284d4d911c5949aff4cb21>:0 
  at System.Threading.ExecutionContext.RunInternal (System.Threading.ExecutionContext executionContext, System.Threading.ContextCallback callback, System.Object state, System.Boolean preserveSyncCtx) [0x00000] in <51fded79cd284d4d911c5949aff4cb21>:0 
  at System.Threading.ExecutionContext.Run (System.Threading.ExecutionContext executionContext, System.Threading.ContextCallback callback, System.Object state, System.Boolean preserveSyncCtx) [0x00000] in <51fded79cd284d4d911c5949aff4cb21>:0 
  at System.Threading.ExecutionContext.Run (System.Threading.ExecutionContext executionContext, System.Threading.ContextCallback callback, System.Object state) [0x00000] in <51fded79cd284d4d911c5949aff4cb21>:0 
  at System.Threading.ThreadHelper.ThreadStart () [0x00000] in <51fded79cd284d4d911c5949aff4cb21>:0 
[CA][Regional][Timing] region/room rebuild for 1246x1080 map 0 took 17236 ms; dirty 227790/1345680 (16.9 %); initialized=True
[CA][Regional][Jobs][SpawnPath] region rebuild entry TryRebuildDirtyRegionsAndRooms during regional generation of map 0; caller stack:
  at System.Environment.get_StackTrace () [0x00000] in <51fded79cd284d4d911c5949aff4cb21>:0 
  at ColonistAwareness.CARegionalSpawnPathPatches.TraceRebuild (System.String entryPoint) [0x00000] in <4a4810a07e034ce5b8045aac7a84c006>:0 
  at ColonistAwareness.CARegionalSpawnPathPatches.RebuildDirtyPrefix (System.Int64& __state) [0x00000] in <4a4810a07e034ce5b8045aac7a84c006>:0 
  at MonoMod.Utils.DynamicMethodDefinition.Verse.RegionAndRoomUpdater.TryRebuildDirtyRegionsAndRooms_Patch4 (Verse.RegionAndRoomUpdater ) [0x00000] in <e53399289d9b419d83f9f5b02c5cf609>:0 
  at Verse.RegionGrid.get_DirectGrid () [0x00000] in <61e4173561894da49d210260257b5097>:0 
  at Verse.Region.get_RandomCell () [0x00000] in <61e4173561894da49d210260257b5097>:0 
  at Verse.CellFinder.TryFindRandomCellInRegion (Verse.Region reg, System.Predicate`1[T] validator, Verse.IntVec3& result) [0x00000] in <61e4173561894da49d210260257b5097>:0 
  at Verse.CellFinder.TryFindRandomReachableNearbyCell (Verse.IntVec3 root, Verse.Map map, System.Single radius, Verse.TraverseParms traverseParms, System.Predicate`1[T] cellValidator, System.Predicate`1[T] regionValidator, Verse.IntVec3& result, System.Int32 maxRegions) [0x00000] in <61e4173561894da49d210260257b5097>:0 
  at Verse.CellFinder.TryRandomClosewalkCellNear (Verse.IntVec3 root, Verse.Map map, System.Int32 radius, Verse.IntVec3& result, System.Predicate`1[T] extraValidator) [0x00000] in <61e4173561894da49d210260257b5097>:0 
  at Verse.CellFinder.RandomClosewalkCellNear (Verse.IntVec3 root, Verse.Map map, System.Int32 radius, System.Predicate`1[T] extraValidator) [0x00000] in <61e4173561894da49d210260257b5097>:0 
  at RimWorld.WildAnimalSpawner.SpawnRandomWildAnimalAt (Verse.IntVec3 loc, System.Boolean canFlyIn, Verse.PawnKindDef animalKind) [0x00000] in <61e4173561894da49d210260257b5097>:0 
  at MonoMod.Utils.DynamicMethodDefinition.RimWorld.GenStep_Animals.Generate_Patch4 (RimWorld.GenStep_Animals , Verse.Map , Verse.GenStepParams ) [0x00000] in <e53399289d9b419d83f9f5b02c5cf609>:0 
  at MonoMod.Utils.DynamicMethodDefinition.Verse.MapGenerator.GenerateContentsIntoMap_Patch5 (System.Collections.Generic.IEnumerable`1[T] , Verse.Map , System.Int32 , System.Boolean ) [0x00000] in <e53399289d9b419d83f9f5b02c5cf609>:0 
  at MonoMod.Utils.DynamicMethodDefinition.Verse.MapGenerator.GenerateMap_Patch6 (Verse.IntVec3 , RimWorld.Planet.MapParent , Verse.MapGeneratorDef , System.Collections.Generic.IEnumerable`1[T] , System.Action`1[T] , System.Boolean , System.Boolean ) [0x00000] in <e53399289d9b419d83f9f5b02c5cf609>:0 
  at MonoMod.Utils.DynamicMethodDefinition.Verse.Game.InitNewGame_Patch3 (Verse.Game ) [0x00000] in <e53399289d9b419d83f9f5b02c5cf609>:0 
  at Verse.Root_Play+<>c.<Start>b__1_2 () [0x00000] in <61e4173561894da49d210260257b5097>:0 
  at Verse.LongEventHandler.RunEventFromAnotherThread (System.Action action) [0x00000] in <61e4173561894da49d210260257b5097>:0 
  at Verse.LongEventHandler+<>c.<UpdateCurrentAsynchronousEvent>b__28_0 () [0x00000] in <61e4173561894da49d210260257b5097>:0 
  at System.Threading.ThreadHelper.ThreadStart_Context (System.Object state) [0x00000] in <51fded79cd284d4d911c5949aff4cb21>:0 
  at System.Threading.ExecutionContext.RunInternal (System.Threading.ExecutionContext executionContext, System.Threading.ContextCallback callback, System.Object state, System.Boolean preserveSyncCtx) [0x00000] in <51fded79cd284d4d911c5949aff4cb21>:0 
  at System.Threading.ExecutionContext.Run (System.Threading.ExecutionContext executionContext, System.Threading.ContextCallback callback, System.Object state, System.Boolean preserveSyncCtx) [0x00000] in <51fded79cd284d4d911c5949aff4cb21>:0 
  at System.Threading.ExecutionContext.Run (System.Threading.ExecutionContext executionContext, System.Threading.ContextCallback callback, System.Object state) [0x00000] in <51fded79cd284d4d911c5949aff4cb21>:0 
  at System.Threading.ThreadHelper.ThreadStart () [0x00000] in <51fded79cd284d4d911c5949aff4cb21>:0 
[CA][Regional] animal commonality receipt for map 0: 4096 calls, 3508 resolved to a non-root constituent, 0 of 256 sampled differed from the root-tile value
[CA][Regional][Timing][GenStep] RimWorld.GenStep_Animals [Animals] completed in 18847 ms for 1246x1080 map 0
[CA][Regional][Jobs][SpawnPath] RimWorld.GenStep_Animals [Animals] for map 0: spawn=936/946ms; wipe=936/2ms; ownerTryAdd=936/0ms; regionRebuildDirty=8308/17238ms; spawnedThings=326775
[CA][Regional][Timing][GenStep] starting RimWorld.GenStep_Fog [Fog] for 1246x1080 map 0
[CA][Regional][Timing][GenStep] RimWorld.GenStep_Fog [Fog] completed in 1042 ms for 1246x1080 map 0
[CA][Regional] selected-area stockpiles: no selected area carries Stockpile
[CA][Regional][Timing][GenStep] starting RimWorld.GenStep_SpecialTrees [AnimaTrees] for 1246x1080 map 0
[CA][Regional][Jobs][SpawnPath] region rebuild entry TryRebuildDirtyRegionsAndRooms during regional generation of map 0; caller stack:
  at System.Environment.get_StackTrace () [0x00000] in <51fded79cd284d4d911c5949aff4cb21>:0 
  at ColonistAwareness.CARegionalSpawnPathPatches.TraceRebuild (System.String entryPoint) [0x00000] in <4a4810a07e034ce5b8045aac7a84c006>:0 
  at ColonistAwareness.CARegionalSpawnPathPatches.RebuildDirtyPrefix (System.Int64& __state) [0x00000] in <4a4810a07e034ce5b8045aac7a84c006>:0 
  at MonoMod.Utils.DynamicMethodDefinition.Verse.RegionAndRoomUpdater.TryRebuildDirtyRegionsAndRooms_Patch4 (Verse.RegionAndRoomUpdater ) [0x00000] in <e53399289d9b419d83f9f5b02c5cf609>:0 
  at MonoMod.Utils.DynamicMethodDefinition.Verse.RegionGrid.GetValidRegionAt_Patch1 (Verse.RegionGrid , Verse.IntVec3 ) [0x00000] in <e53399289d9b419d83f9f5b02c5cf609>:0 
  at Verse.RegionAndRoomQuery.RegionAt (Verse.IntVec3 c, Verse.Map map, Verse.RegionType allowedRegionTypes) [0x00000] in <61e4173561894da49d210260257b5097>:0 
  at Verse.RegionAndRoomQuery.DistrictAt (Verse.IntVec3 c, Verse.Map map, Verse.RegionType allowedRegionTypes) [0x00000] in <61e4173561894da49d210260257b5097>:0 
  at MonoMod.Utils.DynamicMethodDefinition.Verse.RegionAndRoomQuery.RoomAt_Patch1 (Verse.IntVec3 , Verse.Map , Verse.RegionType ) [0x00000] in <e53399289d9b419d83f9f5b02c5cf609>:0 
  at MonoMod.Utils.DynamicMethodDefinition.Verse.GridsUtility.GetRoom_Patch1 (Verse.IntVec3 , Verse.Map ) [0x00000] in <e53399289d9b419d83f9f5b02c5cf609>:0 
  at RimWorld.GenStep_SpecialTrees.CanSpawnAt (Verse.IntVec3 c, Verse.Map map, System.Int32 minProximityToArtificialStructures, System.Int32 minProximityToCenter, System.Single fertilityRequirement, System.Int32 minFertileUnroofedCells, System.Int32 maxFertileUnroofedCellRadius, System.Int32 minProximityToSameTree, System.Int32 maxProximityToSameTree, System.Int32 minDistFromMapEdge) [0x00000] in <61e4173561894da49d210260257b5097>:0 
  at RimWorld.GenStep_SpecialTrees+<>c__DisplayClass10_0.<Generate>b__0 (Verse.IntVec3 x) [0x00000] in <61e4173561894da49d210260257b5097>:0 
  at Verse.CellFinderLoose.TryFindRandomNotEdgeCellWith (System.Int32 minEdgeDistance, System.Predicate`1[T] validator, Verse.Map map, Verse.IntVec3& result) [0x00000] in <61e4173561894da49d210260257b5097>:0 
  at MonoMod.Utils.DynamicMethodDefinition.RimWorld.GenStep_SpecialTrees.Generate_Patch1 (RimWorld.GenStep_SpecialTrees , Verse.Map , Verse.GenStepParams ) [0x00000] in <e53399289d9b419d83f9f5b02c5cf609>:0 
  at MonoMod.Utils.DynamicMethodDefinition.Verse.MapGenerator.GenerateContentsIntoMap_Patch5 (System.Collections.Generic.IEnumerable`1[T] , Verse.Map , System.Int32 , System.Boolean ) [0x00000] in <e53399289d9b419d83f9f5b02c5cf609>:0 
  at MonoMod.Utils.DynamicMethodDefinition.Verse.MapGenerator.GenerateMap_Patch6 (Verse.IntVec3 , RimWorld.Planet.MapParent , Verse.MapGeneratorDef , System.Collections.Generic.IEnumerable`1[T] , System.Action`1[T] , System.Boolean , System.Boolean ) [0x00000] in <e53399289d9b419d83f9f5b02c5cf609>:0 
  at MonoMod.Utils.DynamicMethodDefinition.Verse.Game.InitNewGame_Patch3 (Verse.Game ) [0x00000] in <e53399289d9b419d83f9f5b02c5cf609>:0 
  at Verse.Root_Play+<>c.<Start>b__1_2 () [0x00000] in <61e4173561894da49d210260257b5097>:0 
  at Verse.LongEventHandler.RunEventFromAnotherThread (System.Action action) [0x00000] in <61e4173561894da49d210260257b5097>:0 
  at Verse.LongEventHandler+<>c.<UpdateCurrentAsynchronousEvent>b__28_0 () [0x00000] in <61e4173561894da49d210260257b5097>:0 
  at System.Threading.ThreadHelper.ThreadStart_Context (System.Object state) [0x00000] in <51fded79cd284d4d911c5949aff4cb21>:0 
  at System.Threading.ExecutionContext.RunInternal (System.Threading.ExecutionContext executionContext, System.Threading.ContextCallback callback, System.Object state, System.Boolean preserveSyncCtx) [0x00000] in <51fded79cd284d4d911c5949aff4cb21>:0 
  at System.Threading.ExecutionContext.Run (System.Threading.ExecutionContext executionContext, System.Threading.ContextCallback callback, System.Object state, System.Boolean preserveSyncCtx) [0x00000] in <51fded79cd284d4d911c5949aff4cb21>:0 
  at System.Threading.ExecutionContext.Run (System.Threading.ExecutionContext executionContext, System.Threading.ContextCallback callback, System.Object state) [0x00000] in <51fded79cd284d4d911c5949aff4cb21>:0 
  at System.Threading.ThreadHelper.ThreadStart () [0x00000] in <51fded79cd284d4d911c5949aff4cb21>:0 
[CA][Regional][Jobs][SpawnPath] region rebuild entry TryRebuildDirtyRegionsAndRooms during regional generation of map 0; caller stack:
  at System.Environment.get_StackTrace () [0x00000] in <51fded79cd284d4d911c5949aff4cb21>:0 
  at ColonistAwareness.CARegionalSpawnPathPatches.TraceRebuild (System.String entryPoint) [0x00000] in <4a4810a07e034ce5b8045aac7a84c006>:0 
  at ColonistAwareness.CARegionalSpawnPathPatches.RebuildDirtyPrefix (System.Int64& __state) [0x00000] in <4a4810a07e034ce5b8045aac7a84c006>:0 
  at MonoMod.Utils.DynamicMethodDefinition.Verse.RegionAndRoomUpdater.TryRebuildDirtyRegionsAndRooms_Patch4 (Verse.RegionAndRoomUpdater ) [0x00000] in <e53399289d9b419d83f9f5b02c5cf609>:0 
  at MonoMod.Utils.DynamicMethodDefinition.Verse.RegionGrid.GetValidRegionAt_Patch1 (Verse.RegionGrid , Verse.IntVec3 ) [0x00000] in <e53399289d9b419d83f9f5b02c5cf609>:0 
  at Verse.RegionAndRoomQuery.DistirctAtFast (Verse.IntVec3 c, Verse.Map map, Verse.RegionType allowedRegionTypes) [0x00000] in <61e4173561894da49d210260257b5097>:0 
  at MonoMod.Utils.DynamicMethodDefinition.Verse.Reachability.CanReach_Patch1 (Verse.Reachability , Verse.IntVec3 , Verse.LocalTargetInfo , Verse.AI.PathEndMode , Verse.TraverseParms ) [0x00000] in <e53399289d9b419d83f9f5b02c5cf609>:0 
  at Verse.Reachability.CanReachFactionBase (Verse.IntVec3 c, RimWorld.Faction factionBaseFaction) [0x00000] in <61e4173561894da49d210260257b5097>:0 
  at RimWorld.GenStep_SpecialTrees.CanSpawnAt (Verse.IntVec3 c, Verse.Map map, System.Int32 minProximityToArtificialStructures, System.Int32 minProximityToCenter, System.Single fertilityRequirement, System.Int32 minFertileUnroofedCells, System.Int32 maxFertileUnroofedCellRadius, System.Int32 minProximityToSameTree, System.Int32 maxProximityToSameTree, System.Int32 minDistFromMapEdge) [0x00000] in <61e4173561894da49d210260257b5097>:0 
  at RimWorld.GenStep_SpecialTrees+<>c__DisplayClass10_0.<Generate>b__0 (Verse.IntVec3 x) [0x00000] in <61e4173561894da49d210260257b5097>:0 
  at Verse.CellFinderLoose.TryFindRandomNotEdgeCellWith (System.Int32 minEdgeDistance, System.Predicate`1[T] validator, Verse.Map map, Verse.IntVec3& result) [0x00000] in <61e4173561894da49d210260257b5097>:0 
  at MonoMod.Utils.DynamicMethodDefinition.RimWorld.GenStep_SpecialTrees.Generate_Patch1 (RimWorld.GenStep_SpecialTrees , Verse.Map , Verse.GenStepParams ) [0x00000] in <e53399289d9b419d83f9f5b02c5cf609>:0 
  at MonoMod.Utils.DynamicMethodDefinition.Verse.MapGenerator.GenerateContentsIntoMap_Patch5 (System.Collections.Generic.IEnumerable`1[T] , Verse.Map , System.Int32 , System.Boolean ) [0x00000] in <e53399289d9b419d83f9f5b02c5cf609>:0 
  at MonoMod.Utils.DynamicMethodDefinition.Verse.MapGenerator.GenerateMap_Patch6 (Verse.IntVec3 , RimWorld.Planet.MapParent , Verse.MapGeneratorDef , System.Collections.Generic.IEnumerable`1[T] , System.Action`1[T] , System.Boolean , System.Boolean ) [0x00000] in <e53399289d9b419d83f9f5b02c5cf609>:0 
  at MonoMod.Utils.DynamicMethodDefinition.Verse.Game.InitNewGame_Patch3 (Verse.Game ) [0x00000] in <e53399289d9b419d83f9f5b02c5cf609>:0 
  at Verse.Root_Play+<>c.<Start>b__1_2 () [0x00000] in <61e4173561894da49d210260257b5097>:0 
  at Verse.LongEventHandler.RunEventFromAnotherThread (System.Action action) [0x00000] in <61e4173561894da49d210260257b5097>:0 
  at Verse.LongEventHandler+<>c.<UpdateCurrentAsynchronousEvent>b__28_0 () [0x00000] in <61e4173561894da49d210260257b5097>:0 
  at System.Threading.ThreadHelper.ThreadStart_Context (System.Object state) [0x00000] in <51fded79cd284d4d911c5949aff4cb21>:0 
  at System.Threading.ExecutionContext.RunInternal (System.Threading.ExecutionContext executionContext, System.Threading.ContextCallback callback, System.Object state, System.Boolean preserveSyncCtx) [0x00000] in <51fded79cd284d4d911c5949aff4cb21>:0 
  at System.Threading.ExecutionContext.Run (System.Threading.ExecutionContext executionContext, System.Threading.ContextCallback callback, System.Object state, System.Boolean preserveSyncCtx) [0x00000] in <51fded79cd284d4d911c5949aff4cb21>:0 
  at System.Threading.ExecutionContext.Run (System.Threading.ExecutionContext executionContext, System.Threading.ContextCallback callback, System.Object state) [0x00000] in <51fded79cd284d4d911c5949aff4cb21>:0 
  at System.Threading.ThreadHelper.ThreadStart () [0x00000] in <51fded79cd284d4d911c5949aff4cb21>:0 
[CA][Regional][Timing][GenStep] RimWorld.GenStep_SpecialTrees [AnimaTrees] completed in 149 ms for 1246x1080 map 0
[CA][Regional][Timing][GenStep] starting Verse.GenStep_Scatterer [AncientExostriderRemains] for 1246x1080 map 0
[CA][Regional][Timing][GenStep] Verse.GenStep_Scatterer [AncientExostriderRemains] completed in 21 ms for 1246x1080 map 0
[CA][Regional][Timing] ordered map gensteps for 1246x1080 map 0 took 133325 ms
[CA][Regional][Timing][RegionRegistration] added 382283 initial things across 367475 touched regions while bypassing 9981633 redundant linear membership comparisons and extending the native spawned-thing capacity 0 times for 1246x1080 map 0
[CA][Regional][Jobs][MapListerIndex] scope completed for map 0: trackedLists=8 activeEntries=864222 served=6459 appended=20942 sampledAudits=25 auditMismatches=0 nativeFallbacks=994 build=108 ms finalAudit=34 ms exact=True
[CA][Regional][Jobs][SpawnPath] scope closed for map 0: spawnedThings 0 -> 326822; index served=3644 sampledAudits=14 auditMismatches=0 unavailableLookups=0; final full audit exact over 326822 entries
[CA][Regional][Jobs][SpawnPath] generation totals for map 0: spawn=382285/22966ms; wipe=382279/2156ms; despawn=55463/2426ms; ownerTryAdd=384304/319ms; ownerRemove=55464/255ms; mapListerRemove=55463/1323ms; otherListerRemove=43129/472ms; filth=176654/11171ms; regionRebuildAll=1/123ms; regionRebuildDirty=71887/29919ms; plantCheck=159840/12600ms; plantSaturated=155158/8ms; plantCanGrow=155155/5670ms; plantClusters=107235/5ms; plantSuccession=707092/33ms; plantDistribution=214470/13ms; scatterCalc=1406/1139ms; scatterFind=41/608ms
[CA][Regional][Jobs][NoiseGrids] Multiply#1 closed: requests=1345680, gridServes=1177471, nativeWarmup=168209, nativeFallback=0, buildMs=425, auditMs=0, state=grid
[CA][Regional][Jobs][NoiseGrids] ScaleBias#2 closed: requests=1345680, gridServes=1177471, nativeWarmup=168209, nativeFallback=0, buildMs=123, auditMs=0, state=grid
[CA][Regional][Jobs][NoiseGrids] Perlin#3 closed: requests=99231, gridServes=0, nativeWarmup=99231, nativeFallback=0, buildMs=0, auditMs=0, state=sparse-native
[CA][Regional][Jobs][NoiseGrids] Perlin#4 closed: requests=87525, gridServes=0, nativeWarmup=87525, nativeFallback=0, buildMs=0, auditMs=0, state=sparse-native
[CA][Regional][Jobs][NoiseGrids] Perlin#5 closed: requests=61594, gridServes=0, nativeWarmup=61594, nativeFallback=0, buildMs=0, auditMs=0, state=sparse-native
[CA][Regional][Jobs][NoiseGrids] Perlin#6 closed: requests=83625, gridServes=0, nativeWarmup=83625, nativeFallback=0, buildMs=0, auditMs=0, state=sparse-native
[CA][Regional][Jobs][NoiseGrids] scope closed for map 0: 2 grids built (10 MB, 548 ms parallel build, 0 ms audits, sequentialAudit=off), 4 sparse-native, 0 degraded, 0 refused by caps, 0 unsafe graphs kept native, 2354942 values served, 668393 native warm-up evaluations, 0 native fallback evaluations, routerNativeOnly=False
[CA][Regional][Timing] perceived path-cost rebuild for 1246x1080 map 0 took 1642 ms
[CA][Regional][Timing] reused clean initialized region graph during finalization for 1246x1080 map 0
[CA][Regional] map-loaded receipt CA-RS-CA-RG-C42D7CC3-0 Crook Plain: population 12/12, buildings 401, infrastructure 25, cultivated plants 0
[CA][Regional] map-loaded receipt CA-RS-CA-RG-C42D7CC3-1 Shadow Valley: population 11/11, buildings 458, infrastructure 28, cultivated plants 0
[CA][Regional] map-loaded receipt CA-RS-CA-RG-C42D7CC3-2 Criminal's Pit: population 14/14, buildings 411, infrastructure 25, cultivated plants 0
[CA][Regional] map-loaded receipt CA-RS-CA-RG-C42D7CC3-3 Triumph Cove: population 11/11, buildings 473, infrastructure 31, cultivated plants 0
[CA][Regional][Timing] refreshed native recent-memory state for 3 deferred starting pawns after the canonical room graph was finalized in 0 ms
[CA][Regional][Timing] map finalization for 1246x1080 map 0 took 4603 ms
[CA][Regional] map-generated receipt CA-RS-CA-RG-C42D7CC3-0 Crook Plain: population 12/12, buildings 401, infrastructure 25, cultivated plants 0
[CA][Regional] map-generated receipt CA-RS-CA-RG-C42D7CC3-1 Shadow Valley: population 11/11, buildings 458, infrastructure 28, cultivated plants 0
[CA][Regional] map-generated receipt CA-RS-CA-RG-C42D7CC3-2 Criminal's Pit: population 14/14, buildings 411, infrastructure 25, cultivated plants 0
[CA][Regional] map-generated receipt CA-RS-CA-RG-C42D7CC3-3 Triumph Cove: population 11/11, buildings 473, infrastructure 31, cultivated plants 0
[CA][Regional][Mountain] fixture receipt - region CA-RG-C42D7CC3, candidate 4e2b70996e42, anchor 115253, landing 115253
  map 1246x1080 = 1345680 cells; 59 constituents
  NO Mountain carriers on this footprint. The Mountain adapter contributes nothing here, so any rock present comes from base elevation - the per-cell hilliness factor - and not from this path (see F-131).
  hill-factor blend (F-131, separate and NOT fixed here): 0 cells read a hilliness factor above their OWN constituent's, worst excess 0.000 on a 0.80-1.10 scale
[CA][Regional][Invariant] landing-swap receipt (map generated)
  PRECONDITION candidate 4e2b70996e42  <- two receipts are COMPARABLE ONLY if this matches. A candidate id is a fresh Guid per created candidate and it seeds every feature instance, so two separately built candidates over the same footprint differ legitimately. Move the landing pin on the SAME pending candidate; do not rebuild or reroll it.
  region CA-RG-C42D7CC3; footprint anchor 115253; landing 115253; members [115253,115260,39480,115255,115261,66123]
  map 0 1246x1080; parented tile 115253; engine root answering intercepted reads 115253
  INVARIANT DIGEST C40CC308619CD9DF  <- this value must be IDENTICAL across two landings of the same candidate
    [=] footprint+anchor      AEE972F55DDF795C  identity, members, backing size, resolved engine root
    [=] terrain               F32204D93959C47B  surface + under terrain, all cells
    [=] roof                  6697926180E02591  roof grid, all cells
    [=] fertility             699E1FAACCFB878D  fertility grid, all cells
    [=] features+landmarks    961E293B785A2D23  map mutators/biome plus every constituent's mutators and landmark
    [=] stone palette         B21917F9ED7E7365  11 natural rock def(s): Granitex4069, Limestonex3868, Marblex3470, MineableComponentsIndustrialx850, MineableGoldx57, MineableJadex41, MineablePlasteelx72, MineableSilverx91, MineableSteelx6297, MineableUraniumx162, Slatex6191
    [=] stone layout          F8CFBBE462CCDF75  every natural rock, def and position
    [=] stone floors          10F3186DC2F3BFEF  stone-category terrain cells
    [=] plants                D14920C25A40783A  101838 plant(s), def, position and growth
    [=] placed things         0143F2165F26A0E5  every non-pawn non-rock thing, def, position and stack
    [=] pollution             CBF29CE484222325  0 polluted cell(s)
    [=] snow                  3F4CB15B5C1CFB65  snow depth, all cells
    [=] history               7BC8411881DD5F40  factions, relations, and settlements
    [=] settlement identity   BB78838966B17EA6  4 record(s)
    [=] settlement layout     A8532A73D72A3535  terrain and structures inside every settlement rect
    [=] settlement residents  6CDB00340998E6B3  typed residents and their independent faction affiliations
    [~] entry state           D33F2A9D3A0CCA58  landing tile and colonist start positions - this line is EXPECTED to differ
  [=] must not differ between landings; [~] may.
  NOT COVERED by this receipt, stated rather than implied: content this install does not load (this session loads 87 TileMutatorDefs; active expansions [Royalty, Ideology, Biotech, Odyssey]), anything a mod places after generation, and the runtime colony clock - GenLocalDate's hour-of-day family still reads the parented tile by design.
[CA][Regional][Timing] complete map generation 1246x1080 map 0 took 144963 ms; regional projection classification 3715 ms; smoothing/cache 182 ms; water depth 73 ms; littoral 21 ms; diagnostics 101 ms; total 4093 ms
[CA] No technological-knowledge mapping exists for research RG_MushroomCultivation.
[CA] No technological-knowledge mapping exists for research Ferny_NeolithicEducation.
[CA][tick=0] operational access allowed steel under player colony policy
[CA][tick=0] operational access allowed steel under player colony policy
[CA][tick=0] operational access allowed steel under player colony policy
[CA][tick=0] operational access allowed steel under player colony policy
[CA][tick=0] operational access allowed steel under player colony policy
[CA][tick=0] operational access allowed steel under player colony policy
[CA][tick=0] operational access allowed steel under player colony policy
[CA][tick=0] operational access allowed steel under player colony policy
[CA][tick=0] operational access allowed steel under player colony policy
[CA][tick=0] operational access allowed wood under player colony policy
[CA][tick=0] operational access allowed wood under player colony policy
[CA][tick=0] operational access allowed wood under player colony policy
[CA][tick=0] operational access allowed wood under player colony policy
[CA][tick=0] operational access allowed wood under player colony policy
[CA][tick=0] operational access allowed steel under player colony policy
[CA][tick=0] operational access allowed steel under player colony policy
[CA][tick=0] operational access allowed steel under player colony policy
[CA][tick=0] operational access allowed steel under player colony policy
[CA][tick=0] operational access allowed steel under player colony policy
[CA][tick=0] operational access allowed steel under player colony policy
[CA][tick=0] operational access allowed steel under player colony policy
[CA][tick=0] operational access allowed steel under player colony policy
[CA][tick=0] operational access allowed steel under player colony policy
[CA][tick=0] operational access allowed steel under player colony policy
[CA][tick=0] operational access allowed steel under player colony policy
[CA][tick=0] operational access allowed steel under player colony policy
[CA][tick=0] operational access allowed steel under player colony policy
[CA][tick=0] operational access allowed packaged survival meal under player colony policy
[CA][tick=0] operational access allowed packaged survival meal under player colony policy
[CA][tick=0] operational access allowed packaged survival meal under player colony policy
[CA][tick=0] operational access allowed packaged survival meal under player colony policy
[CA][tick=0] operational access allowed packaged survival meal under player colony policy
[CA][tick=0] operational access allowed packaged survival meal under player colony policy
[CA][tick=0] operational access allowed packaged survival meal under player colony policy
[CA] arrival signature: 'Crashlanded' - LOUD; the region saw the sky burn
[CA][Founding] preset 'shared-survival+faction' applied to scenario 'Crashlanded': One chosen founder leads. Work is voluntary. All 3 founders take part in decisions. Starting supplies are shared and rationed. These terms last 30 days. | relation ledger now holds 49 records.
[CA][MapSize] transpiler: redirected 2 MapSizes/TestMapSizes field-read(s) in the size loop to CA's source-scale catalog; the drawn list no longer trusts the mutable field
Unloading 0 Unused Serialized files (Serialized files now loaded: 7)
[CA][Regional][Timing][TerrainScatter] built 26316 deterministic minimum-spaced points for 1246x1080 map 0 in 9 ms instead of vanilla's quadratic whole-map pass
[CA][Regional][Timing] map drawer global layers took 4 ms; warmed 28 and retained 0 ready sections out of 4736 using separate landing and saved-camera bounds in 193 ms; total 197 ms; remaining section meshes will materialize when viewed
Unloading 1 unused Assets to reduce memory usage. Loaded Objects now: 32477.
Total: 816.565400 ms (FindLiveObjects: 0.964200 ms CreateObjectMapping: 0.635600 ms MarkObjects: 814.883900 ms  DeleteObjects: 0.081300 ms)

[CA][Regional][Timing] map drawer global layers took 0 ms; warmed 38 and retained 16 ready sections out of 4736 using separate landing and saved-camera bounds in 143 ms; total 143 ms; remaining section meshes will materialize when viewed
Random state stack is not empty. There were more calls to PushState than PopState. Fixing.
[CA] frontier autonomous siting chose (355, 0, 448): valid ground True; unmet requirements 0; terrain fit 121; functional adjacency 441; throughput 4; circulation 225; expansion 456; environmental buffer 0; defensive separation 0; visual order 40; material cost 0; stable order 2
[CA] frontier autonomous habitat closed outdoor cultivation at (355, 0, 448): 3 beds, 60 food units, 81 roofed cells; requirements 5
[CA][Regional][FreezeScan] map 0: freeze/thaw steady visits screened to relevant cells; 0 freezable and 0 ThinIce cells of 1345680 at build; terrain writes keep the screen exact; env CA_REGIONAL_FREEZESCAN=0 disables at load
[CA][tick=1][map=0][actor=Human36278@(652,833)][contact=(979,667)] Susumu: SPOTS an unresolved hostile silhouette [hostile-id 425, copied-cell (979, 0, 667), source-tick 1, acquired-tick 1, evidence Visual, source-id 425, confidence 0.18, uncertainty 8.58, delivery None, reporter-id 36278, state Active]
[CA][tick=1][map=0][actor=Human36278@(652,833)][contact=(979,667)][anchor=(652,833)] Susumu: battlefield perception ACQUIRED an unresolved hostile silhouette - distance 366.7 / map diagonal 1648.9, clear horizon 996.8, effective range 667.9, confidence 0.18, uncertainty 8.6 cells, soft occlusion 0.81 [plants 42, trees 0, partial cover 21, smoke 0], target glow 1.00, Sight 1.00 (range factor 0.92), medium/long acuity 0.50/0.25 -> distance factor 0.77, dark adaptation 1.00 -> light factor 1.00, weather factor 1.00, skill factor 0.95 [Shooting 1, Intellectual 0], limiting factor flora/cover/smoke 0.44, identified False, sources gene dark vision, gene nearsighted
[CA][tick=1][map=0][actor=Human36278@(652,833)][contact=(983,664)] Susumu: SPOTS an unresolved hostile silhouette [hostile-id 431, copied-cell (983, 0, 664), source-tick 1, acquired-tick 1, evidence Visual, source-id 431, confidence 0.27, uncertainty 7.59, delivery None, reporter-id 36278, state Active]
[CA][tick=1][map=0][actor=Human36278@(652,833)][contact=(983,664)][anchor=(652,833)] Susumu: battlefield perception ACQUIRED an unresolved hostile silhouette - distance 371.6 / map diagonal 1648.9, clear horizon 996.8, effective range 667.9, confidence 0.27, uncertainty 7.6 cells, soft occlusion 0.69 [plants 44, trees 0, partial cover 16, smoke 0], target glow 1.00, Sight 1.00 (range factor 0.92), medium/long acuity 0.50/0.25 -> distance factor 0.77, dark adaptation 1.00 -> light factor 1.00, weather factor 1.00, skill factor 0.95 [Shooting 1, Intellectual 0], limiting factor flora/cover/smoke 0.50, identified False, sources gene dark vision, gene nearsighted
[CA][tick=1][map=0][actor=Human36233@(648,832)][contact=(979,667)] Rika: SPOTS an unresolved hostile silhouette [hostile-id 425, copied-cell (979, 0, 667), source-tick 1, acquired-tick 1, evidence Visual, source-id 425, confidence 0.23, uncertainty 8.02, delivery None, reporter-id 36233, state Active]
[CA][tick=1][map=0][actor=Human36233@(648,832)][contact=(979,667)][anchor=(648,832)] Rika: battlefield perception ACQUIRED an unresolved hostile silhouette - distance 369.8 / map diagonal 1648.9, clear horizon 996.8, effective range 940.5, confidence 0.23, uncertainty 8.0 cells, soft occlusion 0.73 [plants 39, trees 0, partial cover 18, smoke 0], target glow 1.00, Sight 1.00 (range factor 0.92), medium/long acuity 1.00/1.00 -> distance factor 1.00, dark adaptation 0.00 -> light factor 1.00, weather factor 1.00, skill factor 1.03 [Shooting 8, Intellectual 16], limiting factor flora/cover/smoke 0.48, identified False, sources none
[CA][tick=1][map=0][actor=Human36233@(648,832)][contact=(983,664)] Rika: SPOTS an unresolved hostile silhouette [hostile-id 431, copied-cell (983, 0, 664), source-tick 1, acquired-tick 1, evidence Visual, source-id 431, confidence 0.33, uncertainty 6.85, delivery None, reporter-id 36233, state Active]
[CA][tick=1][map=0][actor=Human36233@(648,832)][contact=(983,664)][anchor=(648,832)] Rika: battlefield perception ACQUIRED an unresolved hostile silhouette - distance 374.8 / map diagonal 1648.9, clear horizon 996.8, effective range 940.5, confidence 0.33, uncertainty 6.9 cells, soft occlusion 0.61 [plants 40, trees 0, partial cover 14, smoke 0], target glow 1.00, Sight 1.00 (range factor 0.92), medium/long acuity 1.00/1.00 -> distance factor 1.00, dark adaptation 0.00 -> light factor 1.00, weather factor 1.00, skill factor 1.03 [Shooting 8, Intellectual 16], limiting factor flora/cover/smoke 0.54, identified False, sources none
[CA][tick=1][map=0][actor=Human37485@(633,413)][contact=(964,286)] Panshen: SPOTS an unresolved hostile silhouette [hostile-id 38105, copied-cell (964, 0, 286), source-tick 1, acquired-tick 1, evidence Visual, source-id 38105, confidence 0.42, uncertainty 5.95, delivery None, reporter-id 37485, state Active]
[CA][tick=1][map=0][actor=Human37485@(633,413)][contact=(964,286)][anchor=(633,413)] Panshen: battlefield perception ACQUIRED an unresolved hostile silhouette - distance 354.5 / map diagonal 1648.9, clear horizon 996.8, effective range 909.4, confidence 0.42, uncertainty 5.9 cells, soft occlusion 0.51 [plants 35, trees 0, partial cover 11, smoke 0], target glow 1.00, Sight 1.00 (range factor 0.92), medium/long acuity 1.00/1.00 -> distance factor 1.00, dark adaptation 0.00 -> light factor 1.00, weather factor 1.00, skill factor 0.99 [Shooting 9, Intellectual 2], limiting factor flora/cover/smoke 0.60, identified False, sources none
[CA][tick=1][map=0][actor=Human38105@(964,286)][contact=(633,413)] Vzizz: SPOTS an unresolved hostile silhouette [hostile-id 37485, copied-cell (633, 0, 413), source-tick 1, acquired-tick 1, evidence Visual, source-id 37485, confidence 0.39, uncertainty 6.13, delivery None, reporter-id 38105, state Active]
[CA][tick=1][map=0][actor=Human38105@(964,286)][contact=(633,413)][anchor=(964,286)] Vzizz: battlefield perception ACQUIRED an unresolved hostile silhouette - distance 354.5 / map diagonal 1648.9, clear horizon 996.8, effective range 916.7, confidence 0.39, uncertainty 6.1 cells, soft occlusion 0.51 [plants 35, trees 0, partial cover 11, smoke 0], target glow 1.00, Sight 1.00 (range factor 0.92), medium/long acuity 1.00/1.00 -> distance factor 1.00, dark adaptation 0.00 -> light factor 1.00, weather factor 1.00, skill factor 1.00 [Shooting 10, Intellectual 3], limiting factor flora/cover/smoke 0.60, identified False, sources none
[CA][tick=1][map=0][actor=Human425@(979,667)][contact=(652,833)] Bit: SPOTS an unresolved hostile silhouette [hostile-id 36278, copied-cell (652, 0, 833), source-tick 1, acquired-tick 1, evidence Visual, source-id 36278, confidence 0.20, uncertainty 8.46, delivery None, reporter-id 425, state Active]
[CA][tick=1][map=0][actor=Human425@(979,667)][contact=(652,833)][anchor=(979,667)] Bit: battlefield perception ACQUIRED an unresolved hostile silhouette - distance 366.7 / map diagonal 1648.9, clear horizon 996.8, effective range 863.9, confidence 0.20, uncertainty 8.5 cells, soft occlusion 0.81 [plants 42, trees 0, partial cover 21, smoke 0], target glow 1.00, Sight 1.00 (range factor 0.92), medium/long acuity 1.00/1.00 -> distance factor 1.00, dark adaptation 0.00 -> light factor 1.00, weather factor 1.00, skill factor 0.94 [Shooting 0, Intellectual 1], limiting factor flora/cover/smoke 0.44, identified False, sources none
[CA][tick=1][map=0][actor=Human425@(979,667)][contact=(648,832)] Bit: SPOTS an unresolved hostile silhouette [hostile-id 36233, copied-cell (648, 0, 832), source-tick 1, acquired-tick 1, evidence Visual, source-id 36233, confidence 0.28, uncertainty 7.61, delivery None, reporter-id 425, state Active]
[CA][tick=1][map=0][actor=Human425@(979,667)][contact=(648,832)][anchor=(979,667)] Bit: battlefield perception ACQUIRED an unresolved hostile silhouette - distance 369.8 / map diagonal 1648.9, clear horizon 996.8, effective range 863.9, confidence 0.28, uncertainty 7.6 cells, soft occlusion 0.73 [plants 39, trees 0, partial cover 18, smoke 0], target glow 1.00, Sight 1.00 (range factor 0.92), medium/long acuity 1.00/1.00 -> distance factor 1.00, dark adaptation 0.00 -> light factor 1.00, weather factor 1.00, skill factor 0.94 [Shooting 0, Intellectual 1], limiting factor flora/cover/smoke 0.48, identified False, sources none
[CA][tick=1][map=0][actor=Human431@(983,664)][contact=(652,833)] Hampton: SPOTS an unresolved hostile silhouette [hostile-id 36278, copied-cell (652, 0, 833), source-tick 1, acquired-tick 1, evidence Visual, source-id 36278, confidence 0.24, uncertainty 7.85, delivery None, reporter-id 431, state Active]
[CA][tick=1][map=0][actor=Human431@(983,664)][contact=(652,833)][anchor=(983,664)] Hampton: battlefield perception ACQUIRED an unresolved hostile silhouette - distance 371.6 / map diagonal 1648.9, clear horizon 996.8, effective range 900.9, confidence 0.24, uncertainty 7.9 cells, soft occlusion 0.69 [plants 44, trees 0, partial cover 16, smoke 0], target glow 1.00, Sight 1.00 (range factor 0.92), medium/long acuity 1.00/1.00 -> distance factor 1.00, dark adaptation 0.00 -> light factor 1.00, weather factor 1.00, skill factor 0.98 [Shooting 4, Intellectual 8], limiting factor flora/cover/smoke 0.50, identified False, sources none
[CA][tick=1][map=0][actor=Human431@(983,664)][contact=(648,832)] Hampton: SPOTS an unresolved hostile silhouette [hostile-id 36233, copied-cell (648, 0, 832), source-tick 1, acquired-tick 1, evidence Visual, source-id 36233, confidence 0.33, uncertainty 6.88, delivery None, reporter-id 431, state Active]
[CA][tick=1][map=0][actor=Human431@(983,664)][contact=(648,832)][anchor=(983,664)] Hampton: battlefield perception ACQUIRED an unresolved hostile silhouette - distance 374.8 / map diagonal 1648.9, clear horizon 996.8, effective range 900.9, confidence 0.33, uncertainty 6.9 cells, soft occlusion 0.61 [plants 40, trees 0, partial cover 14, smoke 0], target glow 1.00, Sight 1.00 (range factor 0.92), medium/long acuity 1.00/1.00 -> distance factor 1.00, dark adaptation 0.00 -> light factor 1.00, weather factor 1.00, skill factor 0.98 [Shooting 4, Intellectual 8], limiting factor flora/cover/smoke 0.54, identified False, sources none
[CA][tick=1][map=0][actor=Human37470@(633,422)][contact=(964,286)] Thevenove: is told about a contact [hostile-id 38105, copied-cell (964, 0, 286), source-tick 1, acquired-tick 1, evidence Visual, source-id 38105, confidence 1.00, uncertainty 0.00, delivery Voice, reporter-id 37485, state Active]
[CA][tick=1][map=0][actor=Human37439@(633,409)][contact=(964,286)] Trumpet: is told about a contact [hostile-id 38105, copied-cell (964, 0, 286), source-tick 1, acquired-tick 1, evidence Visual, source-id 38105, confidence 1.00, uncertainty 0.00, delivery Voice, reporter-id 37485, state Active]
[CA][tick=1][map=0][actor=Human428@(979,668)][contact=(652,833)] Pixie: is told about a contact [hostile-id 36278, copied-cell (652, 0, 833), source-tick 1, acquired-tick 1, evidence Visual, source-id 36278, confidence 1.00, uncertainty 0.00, delivery Voice, reporter-id 425, state Active]
[CA][tick=1][map=0][actor=Human428@(979,668)][contact=(648,832)] Pixie: is told about a contact [hostile-id 36233, copied-cell (648, 0, 832), source-tick 1, acquired-tick 1, evidence Visual, source-id 36233, confidence 1.00, uncertainty 0.00, delivery Voice, reporter-id 425, state Active]
[CA][Regional][Renderer] replaced vanilla's 1000-cell north/south map-edge mask with a complete 2246x500 regional cap on 1246x1080 map 0
[Colonist Awareness] God Mode item mover input patch is active.
ThinkNode_PrioritySorter has child node which didn't give a priority: ColonistAwareness.JobGiver_CAWash
ThinkNode_PrioritySorter has child node which didn't give a priority: ColonistAwareness.JobGiver_CARelieve
ThinkNode_PrioritySorter has child node which didn't give a priority: ColonistAwareness.JobGiver_CADrink
[CA][tick=3][map=0][actor=Human425@(979,667)] Bit: wears permitted protective apparel flak vest (normal)
[CA][tick=3][map=0][actor=Human428@(979,668)] Pixie: takes permitted weapon plasteel knife (normal)
[CA][tick=3][map=0][actor=Human431@(983,664)] Hampton: takes permitted weapon revolver (normal)
[CA][Regional][Renderer] tactical mesh pressure: 1 cold visible sections; processed 12 with budget 12 in 26 ms; camera section delta 0,0; prefetch bounds 229x189
[CA][Regional][Renderer] pacing sample map 0: 4 frames in 6787 ms (0.6 fps); process CPU 1.43 logical cores; CA draw 1.999 ms/frame; CA update 12.306 ms/frame; sections initialized 79, dirty 28, visible 28, offscreen dynamic 51, update candidates 135; vSyncCount 1, targetFrameRate 60, display refresh 60.00 Hz
[CA][tick=6][map=0][actor=Human428@(979,668)] Pixie: wears permitted protective apparel plasteel flak helmet (normal)
[CA][Regional][Timing] region/room rebuild for 1246x1080 map 0 took 68 ms; dirty 101/1345680 (0.0 %); initialized=True
[CA][Regional][Timing] region/room rebuild for 1246x1080 map 0 took 66 ms; dirty 138/1345680 (0.0 %); initialized=True
[CA][Regional][Timing] region/room rebuild for 1246x1080 map 0 took 64 ms; dirty 192/1345680 (0.0 %); initialized=True
[CA][tick=31][map=0][actor=Human36246@(617,847)][contact=(980,666)] Dennis: SPOTS an unresolved hostile silhouette [hostile-id 425, copied-cell (980, 0, 666), source-tick 31, acquired-tick 31, evidence Visual, source-id 425, confidence 0.22, uncertainty 8.02, delivery None, reporter-id 36246, state Active]
[CA][tick=31][map=0][actor=Human36246@(617,847)][contact=(980,666)][anchor=(617,847)] Dennis: battlefield perception ACQUIRED an unresolved hostile silhouette - distance 405.6 / map diagonal 1648.9, clear horizon 996.8, effective range 713.9, confidence 0.22, uncertainty 8.0 cells, soft occlusion 0.71 [plants 34, trees 0, partial cover 19, smoke 0], target glow 0.68, Sight 1.00 (range factor 0.92), medium/long acuity 0.50/0.25 -> distance factor 0.77, dark adaptation 1.00 -> light factor 1.00, weather factor 1.00, skill factor 1.01 [Shooting 13, Intellectual 1], limiting factor flora/cover/smoke 0.49, identified False, sources gene dark vision, gene nearsighted
[CA][tick=31][map=0][actor=Human36246@(617,847)][contact=(983,664)] Dennis: SPOTS an unresolved hostile silhouette [hostile-id 431, copied-cell (983, 0, 664), source-tick 31, acquired-tick 31, evidence Visual, source-id 431, confidence 0.29, uncertainty 7.39, delivery None, reporter-id 36246, state Active]
[CA][tick=31][map=0][actor=Human36246@(617,847)][contact=(983,664)][anchor=(617,847)] Dennis: battlefield perception ACQUIRED an unresolved hostile silhouette - distance 409.2 / map diagonal 1648.9, clear horizon 996.8, effective range 713.9, confidence 0.29, uncertainty 7.4 cells, soft occlusion 0.68 [plants 42, trees 0, partial cover 16, smoke 0], target glow 0.68, Sight 1.00 (range factor 0.92), medium/long acuity 0.50/0.25 -> distance factor 0.77, dark adaptation 1.00 -> light factor 1.00, weather factor 1.00, skill factor 1.01 [Shooting 13, Intellectual 1], limiting factor flora/cover/smoke 0.51, identified False, sources gene dark vision, gene nearsighted
[CA][tick=31][map=0][actor=Human425@(980,666)][contact=(617,847)] Bit: SPOTS an unresolved hostile silhouette [hostile-id 36246, copied-cell (617, 0, 847), source-tick 31, acquired-tick 31, evidence Visual, source-id 36246, confidence 0.28, uncertainty 7.56, delivery None, reporter-id 425, state Active]
[CA][tick=31][map=0][actor=Human425@(980,666)][contact=(617,847)][anchor=(980,666)] Bit: battlefield perception ACQUIRED an unresolved hostile silhouette - distance 405.6 / map diagonal 1648.9, clear horizon 996.8, effective range 732.3, confidence 0.28, uncertainty 7.6 cells, soft occlusion 0.71 [plants 34, trees 0, partial cover 19, smoke 0], target glow 0.68, Sight 1.00 (range factor 0.92), medium/long acuity 1.00/1.00 -> distance factor 1.00, dark adaptation 0.00 -> light factor 0.85, weather factor 1.00, skill factor 0.94 [Shooting 0, Intellectual 1], limiting factor flora/cover/smoke 0.49, identified False, sources none
[CA][tick=31][map=0][actor=Human431@(983,664)][contact=(617,847)] Hampton: SPOTS an unresolved hostile silhouette [hostile-id 36246, copied-cell (617, 0, 847), source-tick 31, acquired-tick 31, evidence Visual, source-id 36246, confidence 0.30, uncertainty 7.33, delivery None, reporter-id 431, state Active]
[CA][tick=31][map=0][actor=Human431@(983,664)][contact=(617,847)][anchor=(983,664)] Hampton: battlefield perception ACQUIRED an unresolved hostile silhouette - distance 409.2 / map diagonal 1648.9, clear horizon 996.8, effective range 763.7, confidence 0.30, uncertainty 7.3 cells, soft occlusion 0.68 [plants 42, trees 0, partial cover 16, smoke 0], target glow 0.68, Sight 1.00 (range factor 0.92), medium/long acuity 1.00/1.00 -> distance factor 1.00, dark adaptation 0.00 -> light factor 0.85, weather factor 1.00, skill factor 0.98 [Shooting 4, Intellectual 8], limiting factor flora/cover/smoke 0.51, identified False, sources none
[CA][tick=33][map=0][actor=Human431@(983,663)][target=Human36278@(651,834)][contact=(651,834)][destination=(983,663)][anchor=(983,663)][origin=player-delegated][controller=fire-position][episode=9][behavior=combat.fire_position_adjustment][authority=PlayerDelegated:player delegation][issuer=431] Hampton: cannot recover a firing solution after matchup revalidation (target distance 373.5, cover 0.00, lane risk 1.00, friendly-sector risk 0.00, support 0.00, pressure 0.00, crowding 0.00, force 3.00/0.00, hazard 0.00; competence Shooting 4, Intellectual 8, tactical synthesis 0.29, decision delay 145 ticks, search radius 7.4 cells, bounded approach 3.3 cells; condition pain 0.00, consciousness 1.00, movement 1.00, manipulation 1.00, breathing 1.00, blood-pumping 1.00, blood-loss 0.00, bleed 0.00, vital-injury no, death-in-ticks none, combat-power 1.00)
[CA][tick=33][map=0][actor=Human431@(983,663)] Hampton: wears permitted protective apparel flak pants (normal)
[CA][Regional][Timing] region/room rebuild for 1246x1080 map 0 took 73 ms; dirty 24/1345680 (0.0 %); initialized=True
[CA][Regional][Timing] region/room rebuild for 1246x1080 map 0 took 59 ms; dirty 126/1345680 (0.0 %); initialized=True
[CA][tick=61][map=0][actor=Human36254@(665,846)][contact=(982,663)] Ash: SPOTS an unresolved hostile silhouette [hostile-id 431, copied-cell (982, 0, 663), source-tick 61, acquired-tick 61, evidence Visual, source-id 431, confidence 0.25, uncertainty 8.04, delivery None, reporter-id 36254, state Active]
[CA][tick=61][map=0][actor=Human36254@(665,846)][contact=(982,663)][anchor=(665,846)] Ash: battlefield perception ACQUIRED an unresolved hostile silhouette - distance 366.0 / map diagonal 1648.9, clear horizon 996.8, effective range 699.5, confidence 0.25, uncertainty 8.0 cells, soft occlusion 0.81 [plants 54, trees 0, partial cover 19, smoke 0], target glow 0.69, Sight 1.00 (range factor 0.92), medium/long acuity 0.50/0.25 -> distance factor 0.77, dark adaptation 1.00 -> light factor 1.00, weather factor 1.00, skill factor 0.99 [Shooting 8, Intellectual 3], limiting factor flora/cover/smoke 0.45, identified False, sources gene dark vision, gene nearsighted
[CA][tick=61][map=0][actor=Human36246@(618,848)][contact=(980,667)] Dennis: SPOTS an unresolved hostile silhouette [hostile-id 428, copied-cell (980, 0, 667), source-tick 61, acquired-tick 61, evidence Visual, source-id 428, confidence 0.26, uncertainty 7.64, delivery None, reporter-id 36246, state Active]
[CA][tick=61][map=0][actor=Human36246@(618,848)][contact=(980,667)][anchor=(618,848)] Dennis: battlefield perception ACQUIRED an unresolved hostile silhouette - distance 404.7 / map diagonal 1648.9, clear horizon 996.8, effective range 713.9, confidence 0.26, uncertainty 7.6 cells, soft occlusion 0.70 [plants 45, trees 0, partial cover 16, smoke 0], target glow 0.69, Sight 1.00 (range factor 0.92), medium/long acuity 0.50/0.25 -> distance factor 0.77, dark adaptation 1.00 -> light factor 1.00, weather factor 1.00, skill factor 1.01 [Shooting 13, Intellectual 1], limiting factor flora/cover/smoke 0.50, identified False, sources gene dark vision, gene nearsighted
[CA][tick=61][map=0][actor=Human36233@(646,835)][contact=(980,667)] Rika: SPOTS an unresolved hostile silhouette [hostile-id 428, copied-cell (980, 0, 667), source-tick 61, acquired-tick 61, evidence Visual, source-id 428, confidence 0.24, uncertainty 8.03, delivery None, reporter-id 36233, state Active]
[CA][tick=61][map=0][actor=Human36233@(646,835)][contact=(980,667)][anchor=(646,835)] Rika: battlefield perception ACQUIRED an unresolved hostile silhouette - distance 373.9 / map diagonal 1648.9, clear horizon 996.8, effective range 798.9, confidence 0.24, uncertainty 8.0 cells, soft occlusion 0.79 [plants 43, trees 0, partial cover 20, smoke 0], target glow 0.69, Sight 1.00 (range factor 0.92), medium/long acuity 1.00/1.00 -> distance factor 1.00, dark adaptation 0.00 -> light factor 0.85, weather factor 1.00, skill factor 1.03 [Shooting 8, Intellectual 16], limiting factor flora/cover/smoke 0.45, identified False, sources none
[CA][tick=61][map=0][actor=Human36855@(578,869)][contact=(982,666)] Howi: SPOTS an unresolved hostile silhouette [hostile-id 425, copied-cell (982, 0, 666), source-tick 61, acquired-tick 61, evidence Visual, source-id 425, confidence 0.18, uncertainty 8.60, delivery None, reporter-id 36855, state Active]
[CA][tick=61][map=0][actor=Human36855@(578,869)][contact=(982,666)][anchor=(578,869)] Howi: battlefield perception ACQUIRED an unresolved hostile silhouette - distance 452.1 / map diagonal 1648.9, clear horizon 996.8, effective range 794.8, confidence 0.18, uncertainty 8.6 cells, soft occlusion 0.83 [plants 54, trees 0, partial cover 19, smoke 0], target glow 0.69, Sight 1.00 (range factor 0.92), medium/long acuity 1.00/1.00 -> distance factor 1.00, dark adaptation 0.00 -> light factor 0.85, weather factor 1.00, skill factor 1.02 [Shooting 14, Intellectual 3], limiting factor flora/cover/smoke 0.44, identified False, sources none
[CA][tick=61][map=0][actor=Human36855@(578,869)][contact=(980,667)] Howi: SPOTS an unresolved hostile silhouette [hostile-id 428, copied-cell (980, 0, 667), source-tick 61, acquired-tick 61, evidence Visual, source-id 428, confidence 0.22, uncertainty 8.33, delivery None, reporter-id 36855, state Active]
[CA][tick=61][map=0][actor=Human36855@(578,869)][contact=(980,667)][anchor=(578,869)] Howi: battlefield perception ACQUIRED an unresolved hostile silhouette - distance 449.9 / map diagonal 1648.9, clear horizon 996.8, effective range 794.8, confidence 0.22, uncertainty 8.3 cells, soft occlusion 0.83 [plants 54, trees 0, partial cover 19, smoke 0], target glow 0.69, Sight 1.00 (range factor 0.92), medium/long acuity 1.00/1.00 -> distance factor 1.00, dark adaptation 0.00 -> light factor 0.85, weather factor 1.00, skill factor 1.02 [Shooting 14, Intellectual 3], limiting factor flora/cover/smoke 0.44, identified False, sources none
[CA][tick=61][map=0][actor=Human425@(982,666)][contact=(578,869)] Bit: SPOTS an unresolved hostile silhouette [hostile-id 36855, copied-cell (578, 0, 869), source-tick 61, acquired-tick 61, evidence Visual, source-id 36855, confidence 0.22, uncertainty 8.30, delivery None, reporter-id 425, state Active]
[CA][tick=61][map=0][actor=Human425@(982,666)][contact=(578,869)][anchor=(982,666)] Bit: battlefield perception ACQUIRED an unresolved hostile silhouette - distance 452.1 / map diagonal 1648.9, clear horizon 996.8, effective range 733.8, confidence 0.22, uncertainty 8.3 cells, soft occlusion 0.83 [plants 54, trees 0, partial cover 19, smoke 0], target glow 0.69, Sight 1.00 (range factor 0.92), medium/long acuity 1.00/1.00 -> distance factor 1.00, dark adaptation 0.00 -> light factor 0.85, weather factor 1.00, skill factor 0.94 [Shooting 0, Intellectual 1], limiting factor flora/cover/smoke 0.44, identified False, sources none
[CA][tick=61][map=0][actor=Human428@(980,667)][contact=(618,848)] Pixie: SPOTS an unresolved hostile silhouette [hostile-id 36246, copied-cell (618, 0, 848), source-tick 61, acquired-tick 61, evidence Visual, source-id 36246, confidence 0.29, uncertainty 7.45, delivery None, reporter-id 428, state Active]
[CA][tick=61][map=0][actor=Human428@(980,667)][contact=(618,848)][anchor=(980,667)] Pixie: battlefield perception ACQUIRED an unresolved hostile silhouette - distance 404.7 / map diagonal 1648.9, clear horizon 996.8, effective range 772.7, confidence 0.29, uncertainty 7.4 cells, soft occlusion 0.70 [plants 45, trees 0, partial cover 16, smoke 0], target glow 0.69, Sight 1.00 (range factor 0.92), medium/long acuity 1.00/1.00 -> distance factor 1.00, dark adaptation 0.00 -> light factor 0.85, weather factor 1.00, skill factor 0.99 [Shooting 8, Intellectual 4], limiting factor flora/cover/smoke 0.50, identified False, sources none
[CA][tick=61][map=0][actor=Human428@(980,667)][contact=(578,869)] Pixie: SPOTS an unresolved hostile silhouette [hostile-id 36855, copied-cell (578, 0, 869), source-tick 61, acquired-tick 61, evidence Visual, source-id 36855, confidence 0.23, uncertainty 8.25, delivery None, reporter-id 428, state Active]
[CA][tick=61][map=0][actor=Human428@(980,667)][contact=(578,869)][anchor=(980,667)] Pixie: battlefield perception ACQUIRED an unresolved hostile silhouette - distance 449.9 / map diagonal 1648.9, clear horizon 996.8, effective range 772.7, confidence 0.23, uncertainty 8.3 cells, soft occlusion 0.83 [plants 54, trees 0, partial cover 19, smoke 0], target glow 0.69, Sight 1.00 (range factor 0.92), medium/long acuity 1.00/1.00 -> distance factor 1.00, dark adaptation 0.00 -> light factor 0.85, weather factor 1.00, skill factor 0.99 [Shooting 8, Intellectual 4], limiting factor flora/cover/smoke 0.44, identified False, sources none
[CA][tick=61][map=0][actor=Human431@(982,663)][contact=(665,846)] Hampton: SPOTS an unresolved hostile silhouette [hostile-id 36254, copied-cell (665, 0, 846), source-tick 61, acquired-tick 61, evidence Visual, source-id 36254, confidence 0.25, uncertainty 7.99, delivery None, reporter-id 431, state Active]
[CA][tick=61][map=0][actor=Human431@(982,663)][contact=(665,846)][anchor=(982,663)] Hampton: battlefield perception ACQUIRED an unresolved hostile silhouette - distance 366.0 / map diagonal 1648.9, clear horizon 996.8, effective range 765.3, confidence 0.25, uncertainty 8.0 cells, soft occlusion 0.81 [plants 54, trees 0, partial cover 19, smoke 0], target glow 0.69, Sight 1.00 (range factor 0.92), medium/long acuity 1.00/1.00 -> distance factor 1.00, dark adaptation 0.00 -> light factor 0.85, weather factor 1.00, skill factor 0.98 [Shooting 4, Intellectual 8], limiting factor flora/cover/smoke 0.45, identified False, sources none
[CA][tick=61][map=0][actor=Human36261@(673,854)][contact=(982,663)] Starry: is told about a contact [hostile-id 431, copied-cell (982, 0, 663), source-tick 61, acquired-tick 61, evidence Visual, source-id 431, confidence 1.00, uncertainty 0.00, delivery Voice, reporter-id 36254, state Active]
[CA][tick=61][map=0][actor=Human36227@(667,841)][contact=(982,663)] Maru: is told about a contact [hostile-id 431, copied-cell (982, 0, 663), source-tick 61, acquired-tick 61, evidence Visual, source-id 431, confidence 1.00, uncertainty 0.00, delivery Voice, reporter-id 36254, state Active]
[CA][tick=61][map=0][actor=Human36278@(650,835)][contact=(980,667)] Susumu: is told about a contact [hostile-id 428, copied-cell (980, 0, 667), source-tick 61, acquired-tick 61, evidence Visual, source-id 428, confidence 1.00, uncertainty 0.00, delivery Voice, reporter-id 36233, state Active]
[CA][tick=61][map=0][actor=Human36911@(581,879)][contact=(982,666)] Rynyk: is told about a contact [hostile-id 425, copied-cell (982, 0, 666), source-tick 61, acquired-tick 61, evidence Visual, source-id 425, confidence 1.00, uncertainty 0.00, delivery Voice, reporter-id 36855, state Active]
[CA][tick=61][map=0][actor=Human36911@(581,879)][contact=(980,667)] Rynyk: is told about a contact [hostile-id 428, copied-cell (980, 0, 667), source-tick 61, acquired-tick 61, evidence Visual, source-id 428, confidence 1.00, uncertainty 0.00, delivery Voice, reporter-id 36855, state Active]
[CA][tick=61][map=0][actor=Human38035@(977,279)][contact=(634,414)] Boss: is told about a contact [hostile-id 37485, copied-cell (634, 0, 414), source-tick 31, acquired-tick 61, evidence Visual, source-id 37485, confidence 1.00, uncertainty 0.00, delivery Voice, reporter-id 38105, state Active]
[CA][tick=61][map=0][actor=Human431@(982,663)][contact=(578,869)] Hampton: is told about a contact [hostile-id 36855, copied-cell (578, 0, 869), source-tick 61, acquired-tick 61, evidence Visual, source-id 36855, confidence 1.00, uncertainty 0.00, delivery Voice, reporter-id 425, state Active]
[CA][tick=61][map=0][actor=Human425@(982,666)][contact=(665,846)] Bit: is told about a contact [hostile-id 36254, copied-cell (665, 0, 846), source-tick 61, acquired-tick 61, evidence Visual, source-id 36254, confidence 1.00, uncertainty 0.00, delivery Voice, reporter-id 431, state Active]
[CA][tick=61][map=0][actor=Human428@(980,667)][contact=(665,846)] Pixie: is told about a contact [hostile-id 36254, copied-cell (665, 0, 846), source-tick 61, acquired-tick 61, evidence Visual, source-id 36254, confidence 1.00, uncertainty 0.00, delivery Voice, reporter-id 431, state Active]
[CA][Regional][Timing] region/room rebuild for 1246x1080 map 0 took 64 ms; dirty 92/1345680 (0.0 %); initialized=True
[CA][Regional][Timing] region/room rebuild for 1246x1080 map 0 took 65 ms; dirty 52/1345680 (0.0 %); initialized=True
[CA][Regional][Timing] region/room rebuild for 1246x1080 map 0 took 60 ms; dirty 27/1345680 (0.0 %); initialized=True
[CA][Regional][Timing] region/room rebuild for 1246x1080 map 0 took 63 ms; dirty 21/1345680 (0.0 %); initialized=True
[CA][tick=90][map=0][actor=Human431@(981,665)][target=Human36233@(645,836)][contact=(645,836)][destination=(981,665)][anchor=(981,665)][origin=player-delegated][controller=fire-position][episode=11][behavior=combat.fire_position_adjustment][authority=PlayerDelegated:player delegation][issuer=431] Hampton: cannot recover a firing solution after matchup revalidation (target distance 377.0, cover 0.00, lane risk 1.00, friendly-sector risk 0.00, support 0.00, pressure 0.00, crowding 1.00, force 3.00/0.00, hazard 0.00; competence Shooting 4, Intellectual 8, tactical synthesis 0.29, decision delay 145 ticks, search radius 7.4 cells, bounded approach 3.3 cells; condition pain 0.00, consciousness 1.00, movement 1.00, manipulation 1.00, breathing 1.00, blood-pumping 1.00, blood-loss 0.00, bleed 0.00, vital-injury no, death-in-ticks none, combat-power 1.00)
[CA][tick=91][map=0][actor=Human36855@(578,866)][contact=(981,665)] Howi: SPOTS an unresolved hostile silhouette [hostile-id 431, copied-cell (981, 0, 665), source-tick 91, acquired-tick 91, evidence Visual, source-id 431, confidence 0.28, uncertainty 7.55, delivery None, reporter-id 36855, state Active]
[CA][tick=91][map=0][actor=Human36855@(578,866)][contact=(981,665)][anchor=(578,866)] Howi: battlefield perception ACQUIRED an unresolved hostile silhouette - distance 450.3 / map diagonal 1648.9, clear horizon 996.8, effective range 796.5, confidence 0.28, uncertainty 7.5 cells, soft occlusion 0.71 [plants 51, trees 0, partial cover 15, smoke 0], target glow 0.69, Sight 1.00 (range factor 0.92), medium/long acuity 1.00/1.00 -> distance factor 1.00, dark adaptation 0.00 -> light factor 0.85, weather factor 1.00, skill factor 1.02 [Shooting 14, Intellectual 3], limiting factor flora/cover/smoke 0.49, identified False, sources none
[CA][tick=121][map=0][actor=Human36199@(632,840)][contact=(983,665)] Frenchy: SPOTS an unresolved hostile silhouette [hostile-id 425, copied-cell (983, 0, 665), source-tick 121, acquired-tick 121, evidence Visual, source-id 425, confidence 0.21, uncertainty 8.22, delivery None, reporter-id 36199, state Active]
[CA][tick=121][map=0][actor=Human36199@(632,840)][contact=(983,665)][anchor=(632,840)] Frenchy: battlefield perception ACQUIRED an unresolved hostile silhouette - distance 392.2 / map diagonal 1648.9, clear horizon 996.8, effective range 769.1, confidence 0.21, uncertainty 8.2 cells, soft occlusion 0.75 [plants 42, trees 0, partial cover 18, smoke 0], target glow 0.69, Sight 1.00 (range factor 0.92), medium/long acuity 1.00/1.00 -> distance factor 1.00, dark adaptation 0.00 -> light factor 0.85, weather factor 1.00, skill factor 0.98 [Shooting 2, Intellectual 12], limiting factor flora/cover/smoke 0.47, identified False, sources none
[CA][tick=121][map=0][actor=Human36199@(632,840)][contact=(980,667)] Frenchy: SPOTS an unresolved hostile silhouette [hostile-id 428, copied-cell (980, 0, 667), source-tick 121, acquired-tick 121, evidence Visual, source-id 428, confidence 0.24, uncertainty 7.99, delivery None, reporter-id 36199, state Active]
[CA][tick=121][map=0][actor=Human36199@(632,840)][contact=(980,667)][anchor=(632,840)] Frenchy: battlefield perception ACQUIRED an unresolved hostile silhouette - distance 388.6 / map diagonal 1648.9, clear horizon 996.8, effective range 769.1, confidence 0.24, uncertainty 8.0 cells, soft occlusion 0.78 [plants 39, trees 0, partial cover 20, smoke 0], target glow 0.69, Sight 1.00 (range factor 0.92), medium/long acuity 1.00/1.00 -> distance factor 1.00, dark adaptation 0.00 -> light factor 0.85, weather factor 1.00, skill factor 0.98 [Shooting 2, Intellectual 12], limiting factor flora/cover/smoke 0.46, identified False, sources none
[CA][tick=121][map=0][actor=Human425@(983,665)][contact=(632,840)] Bit: SPOTS an unresolved hostile silhouette [hostile-id 36199, copied-cell (632, 0, 840), source-tick 121, acquired-tick 121, evidence Visual, source-id 36199, confidence 0.27, uncertainty 7.72, delivery None, reporter-id 425, state Active]
[CA][tick=121][map=0][actor=Human425@(983,665)][contact=(632,840)][anchor=(983,665)] Bit: battlefield perception ACQUIRED an unresolved hostile silhouette - distance 392.2 / map diagonal 1648.9, clear horizon 996.8, effective range 736.9, confidence 0.27, uncertainty 7.7 cells, soft occlusion 0.75 [plants 42, trees 0, partial cover 18, smoke 0], target glow 0.69, Sight 1.00 (range factor 0.92), medium/long acuity 1.00/1.00 -> distance factor 1.00, dark adaptation 0.00 -> light factor 0.85, weather factor 1.00, skill factor 0.94 [Shooting 0, Intellectual 1], limiting factor flora/cover/smoke 0.47, identified False, sources none
[CA][tick=121][map=0][actor=Human428@(980,667)][contact=(632,840)] Pixie: SPOTS an unresolved hostile silhouette [hostile-id 36199, copied-cell (632, 0, 840), source-tick 121, acquired-tick 121, evidence Visual, source-id 36199, confidence 0.26, uncertainty 7.87, delivery None, reporter-id 428, state Active]
[CA][tick=121][map=0][actor=Human428@(980,667)][contact=(632,840)][anchor=(980,667)] Pixie: battlefield perception ACQUIRED an unresolved hostile silhouette - distance 388.6 / map diagonal 1648.9, clear horizon 996.8, effective range 776.0, confidence 0.26, uncertainty 7.9 cells, soft occlusion 0.78 [plants 39, trees 0, partial cover 20, smoke 0], target glow 0.69, Sight 1.00 (range factor 0.92), medium/long acuity 1.00/1.00 -> distance factor 1.00, dark adaptation 0.00 -> light factor 0.85, weather factor 1.00, skill factor 0.99 [Shooting 8, Intellectual 4], limiting factor flora/cover/smoke 0.46, identified False, sources none
[CA][tick=121][map=0][actor=Human36199@(632,840)][contact=(981,665)] Frenchy: is told about a contact [hostile-id 431, copied-cell (981, 0, 665), source-tick 91, acquired-tick 121, evidence Visual, source-id 431, confidence 1.00, uncertainty 0.00, delivery Voice, reporter-id 36233, state Active]
[CA][tick=121][map=0][actor=Human36219@(663,837)][contact=(982,663)] Klemetson: is told about a contact [hostile-id 431, copied-cell (982, 0, 663), source-tick 61, acquired-tick 121, evidence Visual, source-id 431, confidence 1.00, uncertainty 0.00, delivery Voice, reporter-id 36227, state Active]
[CA][tick=121][map=0][actor=Human36911@(577,875)][contact=(981,665)] Rynyk: is told about a contact [hostile-id 431, copied-cell (981, 0, 665), source-tick 91, acquired-tick 121, evidence Visual, source-id 431, confidence 0.28, uncertainty 7.55, delivery Voice, reporter-id 36855, state Active]
[CA][tick=121][map=0][actor=Human37381@(649,429)][contact=(965,285)] Speedy: is told about a contact [hostile-id 38105, copied-cell (965, 0, 285), source-tick 31, acquired-tick 121, evidence Visual, source-id 38105, confidence 1.00, uncertainty 0.00, delivery Voice, reporter-id 37470, state Active]
[CA][tick=121][map=0][actor=Human38062@(974,268)][contact=(634,414)] Fluodrite: is told about a contact [hostile-id 37485, copied-cell (634, 0, 414), source-tick 31, acquired-tick 121, evidence Visual, source-id 37485, confidence 1.00, uncertainty 0.00, delivery Voice, reporter-id 38105, state Active]
[CA][tick=121][map=0][actor=Human38055@(972,272)][contact=(634,414)] Siska: is told about a contact [hostile-id 37485, copied-cell (634, 0, 414), source-tick 31, acquired-tick 121, evidence Visual, source-id 37485, confidence 1.00, uncertainty 0.00, delivery Voice, reporter-id 38105, state Active]
[CA][tick=121][map=0][actor=Human38044@(981,274)][contact=(634,414)] Trev: is told about a contact [hostile-id 37485, copied-cell (634, 0, 414), source-tick 31, acquired-tick 121, evidence Visual, source-id 37485, confidence 1.00, uncertainty 0.00, delivery Voice, reporter-id 38105, state Active]
[CA][tick=121][map=0][actor=Human431@(981,667)][contact=(632,840)] Hampton: is told about a contact [hostile-id 36199, copied-cell (632, 0, 840), source-tick 121, acquired-tick 121, evidence Visual, source-id 36199, confidence 1.00, uncertainty 0.00, delivery Voice, reporter-id 425, state Active]
[CA][tick=151][map=0][actor=Human36865@(545,836)][contact=(980,667)] Hakuja: SPOTS an unresolved hostile silhouette [hostile-id 428, copied-cell (980, 0, 667), source-tick 151, acquired-tick 151, evidence Visual, source-id 428, confidence 0.29, uncertainty 7.31, delivery None, reporter-id 36865, state Active]
[CA][tick=151][map=0][actor=Human36865@(545,836)][contact=(980,667)][anchor=(545,836)] Hakuja: battlefield perception ACQUIRED an unresolved hostile silhouette - distance 466.7 / map diagonal 1648.9, clear horizon 996.8, effective range 754.8, confidence 0.29, uncertainty 7.3 cells, soft occlusion 0.65 [plants 58, trees 0, partial cover 12, smoke 0], target glow 0.70, Sight 1.00 (range factor 0.92), medium/long acuity 1.00/1.00 -> distance factor 1.00, dark adaptation 0.00 -> light factor 0.85, weather factor 1.00, skill factor 0.96 [Shooting 4, Intellectual 1], limiting factor flora/cover/smoke 0.52, identified False, sources none
[CA][tick=151][map=0][actor=Human36865@(545,836)][contact=(981,668)] Hakuja: SPOTS an unresolved hostile silhouette [hostile-id 431, copied-cell (981, 0, 668), source-tick 151, acquired-tick 151, evidence Visual, source-id 431, confidence 0.24, uncertainty 7.98, delivery None, reporter-id 36865, state Active]
[CA][tick=151][map=0][actor=Human36865@(545,836)][contact=(981,668)][anchor=(545,836)] Hakuja: battlefield perception ACQUIRED an unresolved hostile silhouette - distance 467.2 / map diagonal 1648.9, clear horizon 996.8, effective range 754.8, confidence 0.24, uncertainty 8.0 cells, soft occlusion 0.75 [plants 49, trees 0, partial cover 18, smoke 0], target glow 0.70, Sight 1.00 (range factor 0.92), medium/long acuity 1.00/1.00 -> distance factor 1.00, dark adaptation 0.00 -> light factor 0.85, weather factor 1.00, skill factor 0.96 [Shooting 4, Intellectual 1], limiting factor flora/cover/smoke 0.47, identified False, sources none
[CA][tick=151][map=0][actor=Human428@(980,667)][contact=(545,836)] Pixie: SPOTS an unresolved hostile silhouette [hostile-id 36865, copied-cell (545, 0, 836), source-tick 151, acquired-tick 151, evidence Visual, source-id 36865, confidence 0.29, uncertainty 7.27, delivery None, reporter-id 428, state Active]
[CA][tick=151][map=0][actor=Human428@(980,667)][contact=(545,836)][anchor=(980,667)] Pixie: battlefield perception ACQUIRED an unresolved hostile silhouette - distance 466.7 / map diagonal 1648.9, clear horizon 996.8, effective range 777.6, confidence 0.29, uncertainty 7.3 cells, soft occlusion 0.65 [plants 58, trees 0, partial cover 12, smoke 0], target glow 0.70, Sight 1.00 (range factor 0.92), medium/long acuity 1.00/1.00 -> distance factor 1.00, dark adaptation 0.00 -> light factor 0.85, weather factor 1.00, skill factor 0.99 [Shooting 8, Intellectual 4], limiting factor flora/cover/smoke 0.52, identified False, sources none
[CA][tick=151][map=0][actor=Human431@(981,668)][contact=(545,836)] Hampton: SPOTS an unresolved hostile silhouette [hostile-id 36865, copied-cell (545, 0, 836), source-tick 151, acquired-tick 151, evidence Visual, source-id 36865, confidence 0.25, uncertainty 7.85, delivery None, reporter-id 431, state Active]
[CA][tick=151][map=0][actor=Human431@(981,668)][contact=(545,836)][anchor=(981,668)] Hampton: battlefield perception ACQUIRED an unresolved hostile silhouette - distance 467.2 / map diagonal 1648.9, clear horizon 996.8, effective range 770.1, confidence 0.25, uncertainty 7.8 cells, soft occlusion 0.75 [plants 49, trees 0, partial cover 18, smoke 0], target glow 0.70, Sight 1.00 (range factor 0.92), medium/long acuity 1.00/1.00 -> distance factor 1.00, dark adaptation 0.00 -> light factor 0.85, weather factor 1.00, skill factor 0.98 [Shooting 4, Intellectual 8], limiting factor flora/cover/smoke 0.47, identified False, sources none
[CA][Regional][Timing] region/room rebuild for 1246x1080 map 0 took 86 ms; dirty 221/1345680 (0.0 %); initialized=True
[CA][Regional][Timing] region/room rebuild for 1246x1080 map 0 took 62 ms; dirty 221/1345680 (0.0 %); initialized=True
[CA][Regional][Timing] region/room rebuild for 1246x1080 map 0 took 68 ms; dirty 68/1345680 (0.0 %); initialized=True
[CA][Regional][Timing] region/room rebuild for 1246x1080 map 0 took 71 ms; dirty 93/1345680 (0.0 %); initialized=True
[CA][Regional][Timing] region/room rebuild for 1246x1080 map 0 took 99 ms; dirty 97/1345680 (0.0 %); initialized=True
[CA][tick=181][map=0][actor=Human428@(979,666)][contact=(573,873)] Pixie: SPOTS an unresolved hostile silhouette [hostile-id 36911, copied-cell (573, 0, 873), source-tick 181, acquired-tick 181, evidence Visual, source-id 36911, confidence 0.28, uncertainty 7.54, delivery None, reporter-id 428, state Active]
[CA][tick=181][map=0][actor=Human428@(979,666)][contact=(573,873)][anchor=(979,666)] Pixie: battlefield perception ACQUIRED an unresolved hostile silhouette - distance 455.7 / map diagonal 1648.9, clear horizon 996.8, effective range 779.3, confidence 0.28, uncertainty 7.5 cells, soft occlusion 0.70 [plants 50, trees 0, partial cover 15, smoke 0], target glow 0.70, Sight 1.00 (range factor 0.92), medium/long acuity 1.00/1.00 -> distance factor 1.00, dark adaptation 0.00 -> light factor 0.86, weather factor 1.00, skill factor 0.99 [Shooting 8, Intellectual 4], limiting factor flora/cover/smoke 0.50, identified False, sources none
[CA][tick=181][map=0][actor=Human36227@(657,845)][contact=(982,666)] Maru: is told about a contact [hostile-id 425, copied-cell (982, 0, 666), source-tick 91, acquired-tick 181, evidence Visual, source-id 425, confidence 1.00, uncertainty 0.00, delivery Voice, reporter-id 36278, state Active]
[CA][tick=181][map=0][actor=Human36227@(657,845)][contact=(980,667)] Maru: is told about a contact [hostile-id 428, copied-cell (980, 0, 667), source-tick 91, acquired-tick 181, evidence Visual, source-id 428, confidence 1.00, uncertainty 0.00, delivery Voice, reporter-id 36278, state Active]
[CA][tick=181][map=0][actor=Human36219@(659,841)][contact=(982,666)] Klemetson: is told about a contact [hostile-id 425, copied-cell (982, 0, 666), source-tick 91, acquired-tick 181, evidence Visual, source-id 425, confidence 1.00, uncertainty 0.00, delivery Voice, reporter-id 36278, state Active]
[CA][tick=181][map=0][actor=Human36219@(659,841)][contact=(980,667)] Klemetson: is told about a contact [hostile-id 428, copied-cell (980, 0, 667), source-tick 91, acquired-tick 181, evidence Visual, source-id 428, confidence 1.00, uncertainty 0.00, delivery Voice, reporter-id 36278, state Active]
[CA][tick=181][map=0][actor=Human36881@(550,848)][contact=(980,667)] Cam: is told about a contact [hostile-id 428, copied-cell (980, 0, 667), source-tick 151, acquired-tick 181, evidence Visual, source-id 428, confidence 0.29, uncertainty 7.31, delivery Voice, reporter-id 36865, state Active]
[CA][tick=181][map=0][actor=Human36881@(550,848)][contact=(981,668)] Cam: is told about a contact [hostile-id 431, copied-cell (981, 0, 668), source-tick 151, acquired-tick 181, evidence Visual, source-id 431, confidence 0.24, uncertainty 7.98, delivery Voice, reporter-id 36865, state Active]
[CA][tick=181][map=0][actor=Human36832@(546,837)][contact=(980,667)] Vasilisa: is told about a contact [hostile-id 428, copied-cell (980, 0, 667), source-tick 151, acquired-tick 181, evidence Visual, source-id 428, confidence 0.29, uncertainty 7.31, delivery Voice, reporter-id 36865, state Active]
[CA][tick=181][map=0][actor=Human36832@(546,837)][contact=(981,668)] Vasilisa: is told about a contact [hostile-id 431, copied-cell (981, 0, 668), source-tick 151, acquired-tick 181, evidence Visual, source-id 431, confidence 0.24, uncertainty 7.98, delivery Voice, reporter-id 36865, state Active]
[CA][tick=181][map=0][actor=Human38014@(972,269)][contact=(634,414)] Flea: is told about a contact [hostile-id 37485, copied-cell (634, 0, 414), source-tick 31, acquired-tick 181, evidence Visual, source-id 37485, confidence 1.00, uncertainty 0.00, delivery Voice, reporter-id 38105, state Active]
[CA][tick=181][map=0][actor=Human38020@(989,272)][contact=(634,414)] Furr: is told about a contact [hostile-id 37485, copied-cell (634, 0, 414), source-tick 31, acquired-tick 181, evidence Visual, source-id 37485, confidence 1.00, uncertainty 0.00, delivery Voice, reporter-id 38044, state Active]
[CA][tick=181][map=0][actor=Human425@(983,665)][contact=(545,836)] Bit: is told about a contact [hostile-id 36865, copied-cell (545, 0, 836), source-tick 151, acquired-tick 181, evidence Visual, source-id 36865, confidence 1.00, uncertainty 0.00, delivery Voice, reporter-id 428, state Active]
[CA][tick=181][map=0][actor=Human425@(983,665)][contact=(573,873)] Bit: is told about a contact [hostile-id 36911, copied-cell (573, 0, 873), source-tick 181, acquired-tick 181, evidence Visual, source-id 36911, confidence 1.00, uncertainty 0.00, delivery Voice, reporter-id 428, state Active]
[CA][tick=181][map=0][actor=Human431@(981,668)][contact=(573,873)] Hampton: is told about a contact [hostile-id 36911, copied-cell (573, 0, 873), source-tick 181, acquired-tick 181, evidence Visual, source-id 36911, confidence 1.00, uncertainty 0.00, delivery Voice, reporter-id 428, state Active]
[CA][Regional][Timing] region/room rebuild for 1246x1080 map 0 took 83 ms; dirty 115/1345680 (0.0 %); initialized=True
[CA][Regional][Timing] region/room rebuild for 1246x1080 map 0 took 69 ms; dirty 156/1345680 (0.0 %); initialized=True
[CA][Regional][Timing] region/room rebuild for 1246x1080 map 0 took 59 ms; dirty 130/1345680 (0.0 %); initialized=True
[CA][Regional][Timing] region/room rebuild for 1246x1080 map 0 took 61 ms; dirty 85/1345680 (0.0 %); initialized=True
[CA][Regional][Timing] region/room rebuild for 1246x1080 map 0 took 62 ms; dirty 76/1345680 (0.0 %); initialized=True
[CA][Regional][Timing] region/room rebuild for 1246x1080 map 0 took 59 ms; dirty 138/1345680 (0.0 %); initialized=True
[CA][Regional][Timing] region/room rebuild for 1246x1080 map 0 took 62 ms; dirty 126/1345680 (0.0 %); initialized=True
[CA][Regional][Timing] region/room rebuild for 1246x1080 map 0 took 54 ms; dirty 72/1345680 (0.0 %); initialized=True
[CA][Regional][Timing] region/room rebuild for 1246x1080 map 0 took 55 ms; dirty 272/1345680 (0.0 %); initialized=True
[CA][tick=241][map=0][actor=Human36254@(657,852)][contact=(983,665)] Ash: is told about a contact [hostile-id 425, copied-cell (983, 0, 665), source-tick 121, acquired-tick 241, evidence Visual, source-id 425, confidence 1.00, uncertainty 0.00, delivery Voice, reporter-id 36278, state Active]
[CA][tick=241][map=0][actor=Human36254@(657,852)][contact=(980,667)] Ash: is told about a contact [hostile-id 428, copied-cell (980, 0, 667), source-tick 121, acquired-tick 241, evidence Visual, source-id 428, confidence 1.00, uncertainty 0.00, delivery Voice, reporter-id 36278, state Active]
[CA][tick=241][map=0][actor=Human36270@(652,868)][contact=(982,663)] Xonovel: is told about a contact [hostile-id 431, copied-cell (982, 0, 663), source-tick 61, acquired-tick 241, evidence Visual, source-id 431, confidence 1.00, uncertainty 0.00, delivery Voice, reporter-id 36261, state Active]
[CA][tick=241][map=0][actor=Human36205@(636,865)][contact=(982,666)] Luna: is told about a contact [hostile-id 425, copied-cell (982, 0, 666), source-tick 61, acquired-tick 241, evidence Visual, source-id 425, confidence 1.00, uncertainty 0.00, delivery Voice, reporter-id 36246, state Active]
[CA][tick=241][map=0][actor=Human36205@(636,865)][contact=(981,665)] Luna: is told about a contact [hostile-id 431, copied-cell (981, 0, 665), source-tick 91, acquired-tick 241, evidence Visual, source-id 431, confidence 1.00, uncertainty 0.00, delivery Voice, reporter-id 36246, state Active]
[CA][tick=241][map=0][actor=Human36205@(636,865)][contact=(980,667)] Luna: is told about a contact [hostile-id 428, copied-cell (980, 0, 667), source-tick 61, acquired-tick 241, evidence Visual, source-id 428, confidence 1.00, uncertainty 0.00, delivery Voice, reporter-id 36246, state Active]
[CA][tick=241][map=0][actor=Human36261@(658,858)][contact=(982,666)] Starry: is told about a contact [hostile-id 425, copied-cell (982, 0, 666), source-tick 91, acquired-tick 241, evidence Visual, source-id 425, confidence 1.00, uncertainty 0.00, delivery Voice, reporter-id 36227, state Active]
[CA][tick=241][map=0][actor=Human36261@(658,858)][contact=(980,667)] Starry: is told about a contact [hostile-id 428, copied-cell (980, 0, 667), source-tick 91, acquired-tick 241, evidence Visual, source-id 428, confidence 1.00, uncertainty 0.00, delivery Voice, reporter-id 36227, state Active]
[CA][tick=241][map=0][actor=Human36886@(556,860)][contact=(980,667)] Teddy: is told about a contact [hostile-id 428, copied-cell (980, 0, 667), source-tick 151, acquired-tick 241, evidence Visual, source-id 428, confidence 0.29, uncertainty 7.31, delivery Voice, reporter-id 36881, state Active]
[CA][tick=241][map=0][actor=Human36886@(556,860)][contact=(981,668)] Teddy: is told about a contact [hostile-id 431, copied-cell (981, 0, 668), source-tick 151, acquired-tick 241, evidence Visual, source-id 431, confidence 0.24, uncertainty 7.98, delivery Voice, reporter-id 36881, state Active]
[CA][tick=241][map=0][actor=Human36873@(543,855)][contact=(980,667)] Piin: is told about a contact [hostile-id 428, copied-cell (980, 0, 667), source-tick 151, acquired-tick 241, evidence Visual, source-id 428, confidence 0.29, uncertainty 7.31, delivery Voice, reporter-id 36881, state Active]
[CA][tick=241][map=0][actor=Human36873@(543,855)][contact=(981,668)] Piin: is told about a contact [hostile-id 431, copied-cell (981, 0, 668), source-tick 151, acquired-tick 241, evidence Visual, source-id 431, confidence 0.24, uncertainty 7.98, delivery Voice, reporter-id 36881, state Active]
[CA][tick=241][map=0][actor=Human36826@(556,855)][contact=(980,667)] Jennings: is told about a contact [hostile-id 428, copied-cell (980, 0, 667), source-tick 151, acquired-tick 241, evidence Visual, source-id 428, confidence 0.29, uncertainty 7.31, delivery Voice, reporter-id 36881, state Active]
[CA][tick=241][map=0][actor=Human36826@(556,855)][contact=(981,668)] Jennings: is told about a contact [hostile-id 431, copied-cell (981, 0, 668), source-tick 151, acquired-tick 241, evidence Visual, source-id 431, confidence 0.24, uncertainty 7.98, delivery Voice, reporter-id 36881, state Active]
[CA][tick=241][map=0][actor=Human36816@(551,855)][contact=(980,667)] Carmelita: is told about a contact [hostile-id 428, copied-cell (980, 0, 667), source-tick 151, acquired-tick 241, evidence Visual, source-id 428, confidence 0.29, uncertainty 7.31, delivery Voice, reporter-id 36881, state Active]
[CA][tick=241][map=0][actor=Human36816@(551,855)][contact=(981,668)] Carmelita: is told about a contact [hostile-id 431, copied-cell (981, 0, 668), source-tick 151, acquired-tick 241, evidence Visual, source-id 431, confidence 0.24, uncertainty 7.98, delivery Voice, reporter-id 36881, state Active]
[CA][tick=241][map=0][actor=Human37417@(637,439)][contact=(965,285)] Dumbo: is told about a contact [hostile-id 38105, copied-cell (965, 0, 285), source-tick 31, acquired-tick 241, evidence Visual, source-id 38105, confidence 1.00, uncertainty 0.00, delivery Voice, reporter-id 37485, state Active]
[CA][tick=241][map=0][actor=Human37463@(656,432)][contact=(965,285)] Saga: is told about a contact [hostile-id 38105, copied-cell (965, 0, 285), source-tick 31, acquired-tick 241, evidence Visual, source-id 38105, confidence 1.00, uncertainty 0.00, delivery Voice, reporter-id 37470, state Active]
[CA][tick=241][map=0][actor=Human37425@(642,444)][contact=(965,285)] Kena: is told about a contact [hostile-id 38105, copied-cell (965, 0, 285), source-tick 31, acquired-tick 241, evidence Visual, source-id 38105, confidence 1.00, uncertainty 0.00, delivery Voice, reporter-id 37470, state Active]
[CA][tick=241][map=0][actor=Human37456@(661,443)][contact=(965,285)] Shiro: is told about a contact [hostile-id 38105, copied-cell (965, 0, 285), source-tick 31, acquired-tick 241, evidence Visual, source-id 38105, confidence 1.00, uncertainty 0.00, delivery Voice, reporter-id 37381, state Active]
[CA][tick=241][map=0][actor=Human37405@(662,438)][contact=(965,285)] Bellerose: is told about a contact [hostile-id 38105, copied-cell (965, 0, 285), source-tick 31, acquired-tick 241, evidence Visual, source-id 38105, confidence 1.00, uncertainty 0.00, delivery Voice, reporter-id 37381, state Active]
[CA][tick=241][map=0][actor=Human38028@(981,281)][contact=(634,414)] Tony: is told about a contact [hostile-id 37485, copied-cell (634, 0, 414), source-tick 31, acquired-tick 241, evidence Visual, source-id 37485, confidence 1.00, uncertainty 0.00, delivery Voice, reporter-id 38105, state Active]
[CA][tick=241][map=0][actor=Human38101@(961,289)][contact=(634,414)] Yukiko: is told about a contact [hostile-id 37485, copied-cell (634, 0, 414), source-tick 31, acquired-tick 241, evidence Visual, source-id 37485, confidence 1.00, uncertainty 0.00, delivery Voice, reporter-id 38035, state Active]
[CA][tick=241][map=0][actor=Human38076@(954,278)][contact=(634,414)] Sissy: is told about a contact [hostile-id 37485, copied-cell (634, 0, 414), source-tick 31, acquired-tick 241, evidence Visual, source-id 37485, confidence 1.00, uncertainty 0.00, delivery Voice, reporter-id 38035, state Active]
[CA][tick=241][map=0][actor=Human38069@(985,261)][contact=(634,414)] Zippy: is told about a contact [hostile-id 37485, copied-cell (634, 0, 414), source-tick 31, acquired-tick 241, evidence Visual, source-id 37485, confidence 1.00, uncertainty 0.00, delivery Voice, reporter-id 38020, state Active]
[CA][Regional][Timing] region/room rebuild for 1246x1080 map 0 took 60 ms; dirty 73/1345680 (0.0 %); initialized=True
[CA][Regional][Timing] region/room rebuild for 1246x1080 map 0 took 58 ms; dirty 135/1345680 (0.0 %); initialized=True
[CA][Settlements] Assembly of the Ford: central authority, 3 member settlements, shared [defense, diplomacy, taxes, decisions, disputes]
[CA][Exercise] receipts written
[CA][Regional][Renderer] tactical mesh pressure: 0 cold visible sections; processed 26 with budget 32 in 102 ms; camera section delta -1,1; prefetch bounds 229x189
[CA][SteadySub] 300 ticks, 808 visits/tick, ms/tick: cell 9.42; room 7.79 (rebuild 0.09 of it); deteriorate 0.35; snow 0.15; sand 0.14; conditions 0.04; gas 0.02; unbracketed 0.93 | per visit us: cell 11.66; room 9.64; deteriorate 0.43
[CA][TickProbe] 300 ticks, ms/tick: total 72.99; mapPre 1.35; listNormal 18.05; listRare 1.21; listLong 10.54; world 3.87; story 0.00; mapPost 33.74 [animals 0.00; plants 18.59; power 0.00; steady 9.50; components 5.33; gas 0.00; pollution 0.00; lords 0.04; resources 0.00; fireWatch 0.00; flecks 0.02; postOther 0.00]; gameComp 0.03; other 4.19; post:GameConditionManager 0.01; post:TempTerrainManager 0.19; post:DeferredSpawner 0.00; post:PassingShipManager 0.00; post:DebugCellDrawer 0.00; post:VoluntarilyJoinableLordsStarter 0.00; post:WeatherManager 0.02; post:WeatherDecider 0.01; post:EffecterMaintainer 0.00; comp:KnowledgeMapComponent 1.72; comp:WallSnowManager 1.54; comp:CASettlementWorksMapComponent 0.81; comp:CASettlementGraphMapComponent 0.36; comp:CASettlementPlanningContextMapComponent 0.32; comp:CASpatialCombatMemoryMapComponent 0.12
[CA][tick=301][map=0][actor=Human36239@(647,868)][contact=(982,663)] Jaclyn: is told about a contact [hostile-id 431, copied-cell (982, 0, 663), source-tick 61, acquired-tick 301, evidence Visual, source-id 431, confidence 1.00, uncertainty 0.00, delivery Voice, reporter-id 36270, state Active]
[CA][tick=301][map=0][actor=Human36210@(647,868)][contact=(982,663)] Cait: is told about a contact [hostile-id 431, copied-cell (982, 0, 663), source-tick 61, acquired-tick 301, evidence Visual, source-id 431, confidence 1.00, uncertainty 0.00, delivery Voice, reporter-id 36270, state Active]
[CA][tick=301][map=0][actor=Human36270@(648,867)][contact=(982,666)] Xonovel: is told about a contact [hostile-id 425, copied-cell (982, 0, 666), source-tick 91, acquired-tick 301, evidence Visual, source-id 425, confidence 1.00, uncertainty 0.00, delivery Voice, reporter-id 36261, state Active]
[CA][tick=301][map=0][actor=Human36270@(648,867)][contact=(980,667)] Xonovel: is told about a contact [hostile-id 428, copied-cell (980, 0, 667), source-tick 91, acquired-tick 301, evidence Visual, source-id 428, confidence 1.00, uncertainty 0.00, delivery Voice, reporter-id 36261, state Active]
[CA][tick=301][map=0][actor=Human36239@(647,868)][contact=(982,666)] Jaclyn: is told about a contact [hostile-id 425, copied-cell (982, 0, 666), source-tick 91, acquired-tick 301, evidence Visual, source-id 425, confidence 1.00, uncertainty 0.00, delivery Voice, reporter-id 36261, state Active]
[CA][tick=301][map=0][actor=Human36239@(647,868)][contact=(980,667)] Jaclyn: is told about a contact [hostile-id 428, copied-cell (980, 0, 667), source-tick 91, acquired-tick 301, evidence Visual, source-id 428, confidence 1.00, uncertainty 0.00, delivery Voice, reporter-id 36261, state Active]
[CA][tick=301][map=0][actor=Human36210@(647,868)][contact=(982,666)] Cait: is told about a contact [hostile-id 425, copied-cell (982, 0, 666), source-tick 91, acquired-tick 301, evidence Visual, source-id 425, confidence 1.00, uncertainty 0.00, delivery Voice, reporter-id 36261, state Active]
[CA][tick=301][map=0][actor=Human36210@(647,868)][contact=(980,667)] Cait: is told about a contact [hostile-id 428, copied-cell (980, 0, 667), source-tick 91, acquired-tick 301, evidence Visual, source-id 428, confidence 1.00, uncertainty 0.00, delivery Voice, reporter-id 36261, state Active]
[CA][tick=301][map=0][actor=Human36848@(558,861)][contact=(982,666)] Grey: is told about a contact [hostile-id 425, copied-cell (982, 0, 666), source-tick 61, acquired-tick 301, evidence Visual, source-id 425, confidence 1.00, uncertainty 0.00, delivery Voice, reporter-id 36911, state Active]
[CA][tick=301][map=0][actor=Human36848@(558,861)][contact=(979,666)] Grey: is told about a contact [hostile-id 428, copied-cell (979, 0, 666), source-tick 211, acquired-tick 301, evidence Visual, source-id 428, confidence 1.00, uncertainty 0.00, delivery Voice, reporter-id 36911, state Active]
[CA][tick=301][map=0][actor=Human36848@(558,861)][contact=(981,665)] Grey: is told about a contact [hostile-id 431, copied-cell (981, 0, 665), source-tick 91, acquired-tick 301, evidence Visual, source-id 431, confidence 0.28, uncertainty 7.55, delivery Voice, reporter-id 36911, state Active]
[CA][tick=301][map=0][actor=Human36841@(558,864)][contact=(982,666)] Butters: is told about a contact [hostile-id 425, copied-cell (982, 0, 666), source-tick 61, acquired-tick 301, evidence Visual, source-id 425, confidence 1.00, uncertainty 0.00, delivery Voice, reporter-id 36911, state Active]
[CA][tick=301][map=0][actor=Human36841@(558,864)][contact=(979,666)] Butters: is told about a contact [hostile-id 428, copied-cell (979, 0, 666), source-tick 211, acquired-tick 301, evidence Visual, source-id 428, confidence 1.00, uncertainty 0.00, delivery Voice, reporter-id 36911, state Active]
[CA][tick=301][map=0][actor=Human36841@(558,864)][contact=(981,665)] Butters: is told about a contact [hostile-id 431, copied-cell (981, 0, 665), source-tick 91, acquired-tick 301, evidence Visual, source-id 431, confidence 0.28, uncertainty 7.55, delivery Voice, reporter-id 36911, state Active]
[CA][tick=301][map=0][actor=Human36886@(557,860)][contact=(982,666)] Teddy: is told about a contact [hostile-id 425, copied-cell (982, 0, 666), source-tick 61, acquired-tick 301, evidence Visual, source-id 425, confidence 1.00, uncertainty 0.00, delivery Voice, reporter-id 36855, state Active]
[CA][tick=301][map=0][actor=Human36826@(558,860)][contact=(982,666)] Jennings: is told about a contact [hostile-id 425, copied-cell (982, 0, 666), source-tick 61, acquired-tick 301, evidence Visual, source-id 425, confidence 1.00, uncertainty 0.00, delivery Voice, reporter-id 36855, state Active]
[CA][tick=301][map=0][actor=Human36816@(556,855)][contact=(982,666)] Carmelita: is told about a contact [hostile-id 425, copied-cell (982, 0, 666), source-tick 61, acquired-tick 301, evidence Visual, source-id 425, confidence 1.00, uncertainty 0.00, delivery Voice, reporter-id 36855, state Active]
[CA][tick=301][map=0][actor=Human37477@(660,438)][contact=(965,285)] Agatha: is told about a contact [hostile-id 38105, copied-cell (965, 0, 285), source-tick 31, acquired-tick 301, evidence Visual, source-id 38105, confidence 1.00, uncertainty 0.00, delivery Voice, reporter-id 37470, state Active]
[CA][tick=301][map=0][actor=Human37432@(644,448)][contact=(965,285)] Lihan: is told about a contact [hostile-id 38105, copied-cell (965, 0, 285), source-tick 31, acquired-tick 301, evidence Visual, source-id 38105, confidence 1.00, uncertainty 0.00, delivery Voice, reporter-id 37425, state Active]
[CA][tick=301][map=0][actor=Human37396@(646,454)][contact=(965,285)] Rose: is told about a contact [hostile-id 38105, copied-cell (965, 0, 285), source-tick 31, acquired-tick 301, evidence Visual, source-id 38105, confidence 1.00, uncertainty 0.00, delivery Voice, reporter-id 37425, state Active]
[CA][tick=301][map=0][actor=Human37390@(644,448)][contact=(965,285)] Estelle: is told about a contact [hostile-id 38105, copied-cell (965, 0, 285), source-tick 31, acquired-tick 301, evidence Visual, source-id 38105, confidence 1.00, uncertainty 0.00, delivery Voice, reporter-id 37425, state Active]
[CA][tick=301][map=0][actor=Human37373@(644,450)][contact=(965,285)] Bowman: is told about a contact [hostile-id 38105, copied-cell (965, 0, 285), source-tick 31, acquired-tick 301, evidence Visual, source-id 38105, confidence 1.00, uncertainty 0.00, delivery Voice, reporter-id 37425, state Active]
[CA][tick=361][map=0][actor=Human36881@(555,855)][contact=(982,666)] Cam: is told about a contact [hostile-id 425, copied-cell (982, 0, 666), source-tick 61, acquired-tick 361, evidence Visual, source-id 425, confidence 1.00, uncertainty 0.00, delivery Voice, reporter-id 36886, state Active]
[CA][tick=361][map=0][actor=Human36873@(555,858)][contact=(982,666)] Piin: is told about a contact [hostile-id 425, copied-cell (982, 0, 666), source-tick 61, acquired-tick 361, evidence Visual, source-id 425, confidence 1.00, uncertainty 0.00, delivery Voice, reporter-id 36886, state Active]
[CA][tick=361][map=0][actor=Human36865@(552,852)][contact=(982,666)] Hakuja: is told about a contact [hostile-id 425, copied-cell (982, 0, 666), source-tick 61, acquired-tick 361, evidence Visual, source-id 425, confidence 1.00, uncertainty 0.00, delivery Voice, reporter-id 36886, state Active]
[CA][tick=361][map=0][actor=Human36832@(551,848)][contact=(982,666)] Vasilisa: is told about a contact [hostile-id 425, copied-cell (982, 0, 666), source-tick 61, acquired-tick 361, evidence Visual, source-id 425, confidence 1.00, uncertainty 0.00, delivery Voice, reporter-id 36848, state Active]
[CA][Regional][Renderer] pacing sample map 0: 288 frames in 30049 ms (9.6 fps); process CPU 1.73 logical cores; CA draw 0.425 ms/frame; CA update 4.376 ms/frame; sections initialized 410, dirty 29, visible 24, offscreen dynamic 386, update candidates 0; vSyncCount 1, targetFrameRate 60, display refresh 60.00 Hz
[CA][Regional][Renderer] tactical mesh pressure: 0 cold visible sections; processed 32 with budget 32 in 147 ms; camera section delta 0,-3; prefetch bounds 229x257
[CA][SteadySub] 300 ticks, 808 visits/tick, ms/tick: cell 9.08; room 7.65 (rebuild 0.09 of it); deteriorate 0.30; snow 0.14; sand 0.14; conditions 0.04; gas 0.02; unbracketed 0.80 | per visit us: cell 11.24; room 9.46; deteriorate 0.37
[CA][TickProbe] 300 ticks, ms/tick: total 37.74; mapPre 0.47; listNormal 17.33; listRare 0.00; listLong 3.03; world 0.60; story 0.00; mapPost 11.57 [animals 0.00; plants 0.32; power 0.00; steady 9.15; components 1.68; gas 0.00; pollution 0.00; lords 0.04; resources 0.00; fireWatch 0.00; flecks 0.19; postOther 0.00]; gameComp 0.01; other 4.74; post:GameConditionManager 0.01; post:TempTerrainManager 0.15; post:DeferredSpawner 0.00; post:PassingShipManager 0.00; post:DebugCellDrawer 0.00; post:VoluntarilyJoinableLordsStarter 0.00; post:WeatherManager 0.00; post:WeatherDecider 0.01; post:EffecterMaintainer 0.00; comp:KnowledgeMapComponent 1.15; comp:CASettlementGraphMapComponent 0.17; comp:CASpatialCombatMemoryMapComponent 0.17; comp:CADraftedCombatInitiativeMapComponent 0.05; comp:AutonomousHomeMapComponent 0.03; comp:CASpatialInitiativeMapComponent 0.01
[CA][SteadySub] 300 ticks, 808 visits/tick, ms/tick: cell 8.77; room 7.36 (rebuild 0.09 of it); deteriorate 0.30; snow 0.14; sand 0.14; conditions 0.04; gas 0.02; unbracketed 0.78 | per visit us: cell 10.85; room 9.11; deteriorate 0.37
[CA][TickProbe] 300 ticks, ms/tick: total 29.44; mapPre 0.42; listNormal 9.94; listRare 0.00; listLong 2.92; world 0.59; story 0.00; mapPost 11.42 [animals 0.00; plants 0.28; power 0.00; steady 8.84; components 1.36; gas 0.00; pollution 0.00; lords 0.04; resources 0.00; fireWatch 0.00; flecks 0.71; postOther 0.00]; gameComp 0.01; other 4.13; post:GameConditionManager 0.01; post:TempTerrainManager 0.15; post:DeferredSpawner 0.00; post:PassingShipManager 0.00; post:DebugCellDrawer 0.00; post:VoluntarilyJoinableLordsStarter 0.00; post:WeatherManager 0.01; post:WeatherDecider 0.01; post:EffecterMaintainer 0.00; comp:KnowledgeMapComponent 1.04; comp:CASpatialCombatMemoryMapComponent 0.16; comp:CADraftedCombatInitiativeMapComponent 0.06; comp:CACombatRecoveryMapComponent 0.01; comp:SquadSupportMapComponent 0.01; comp:EquipTransitionMapComponent 0.01
[CA][Exercise] fixed benchmark RNG cleanup failed during shutdown: Stack empty.
[CA][Exercise] complete; shutting down
Memory Statistics:
[ALLOC_TEMP_TLS] TLS Allocator
  StackAllocators : 
    [ALLOC_TEMP_MAIN]
      Peak usage frame count: [0-1.0 KB]: 12169 frames, [1.0 KB-2.0 KB]: 9 frames, [2.0 KB-4.0 KB]: 534 frames, [4.0 KB-8.0 KB]: 13 frames, [8.0 KB-16.0 KB]: 33 frames, [16.0 KB-32.0 KB]: 6 frames, [32.0 KB-64.0 KB]: 5 frames, [64.0 KB-128.0 KB]: 11 frames, [128.0 KB-256.0 KB]: 1 frames, [1.0 MB-2.0 MB]: 1 frames, [2.0 MB-4.0 MB]: 1 frames, [4.0 MB-8.0 MB]: 3 frames
      Initial Block Size 4.0 MB
      Current Block Size 6.3 MB
      Peak Allocated Bytes 6.3 MB
      Overflow Count 1
    [ALLOC_TEMP_Job.Worker 18]
      Initial Block Size 256.0 KB
      Current Block Size 256.0 KB
      Peak Allocated Bytes 160 B
      Overflow Count 0
    [ALLOC_TEMP_Loading.PreloadManager]
      Initial Block Size 256.0 KB
      Current Block Size 256.0 KB
      Peak Allocated Bytes 3.8 KB
      Overflow Count 8
    [ALLOC_TEMP_Background Job.Worker 8]
      Initial Block Size 32.0 KB
      Current Block Size 32.0 KB
      Peak Allocated Bytes 54 B
      Overflow Count 0
    [ALLOC_TEMP_Background Job.Worker 10]
      Initial Block Size 32.0 KB
      Current Block Size 32.0 KB
      Peak Allocated Bytes 54 B
      Overflow Count 0
    [ALLOC_TEMP_Job.Worker 16]
      Initial Block Size 256.0 KB
      Current Block Size 256.0 KB
      Peak Allocated Bytes 144 B
      Overflow Count 0
    [ALLOC_TEMP_Background Job.Worker 6]
      Initial Block Size 32.0 KB
      Current Block Size 32.0 KB
      Peak Allocated Bytes 54 B
      Overflow Count 0
    [ALLOC_TEMP_Job.Worker 4]
      Initial Block Size 256.0 KB
      Current Block Size 256.0 KB
      Peak Allocated Bytes 176 B
      Overflow Count 0
    [ALLOC_TEMP_Job.Worker 27]
      Initial Block Size 256.0 KB
      Current Block Size 256.0 KB
      Peak Allocated Bytes 112 B
      Overflow Count 0
    [ALLOC_TEMP_Job.Worker 14]
      Initial Block Size 256.0 KB
      Current Block Size 256.0 KB
      Peak Allocated Bytes 160 B
      Overflow Count 0
    [ALLOC_TEMP_Job.Worker 17]
      Initial Block Size 256.0 KB
      Current Block Size 256.0 KB
      Peak Allocated Bytes 160 B
      Overflow Count 0
    [ALLOC_TEMP_Job.Worker 3]
      Initial Block Size 256.0 KB
      Current Block Size 256.0 KB
      Peak Allocated Bytes 160 B
      Overflow Count 0
    [ALLOC_TEMP_Background Job.Worker 12]
      Initial Block Size 32.0 KB
      Current Block Size 32.0 KB
      Peak Allocated Bytes 54 B
      Overflow Count 0
    [ALLOC_TEMP_] x 3
      Initial Block Size 64.0 KB
      Current Block Size 92.0 KB
      Peak Allocated Bytes 91.6 KB
      Overflow Count 8
    [ALLOC_TEMP_Background Job.Worker 1]
      Initial Block Size 32.0 KB
      Current Block Size 32.0 KB
      Peak Allocated Bytes 54 B
      Overflow Count 0
    [ALLOC_TEMP_AssetGarbageCollectorHelper] x 31
      Initial Block Size 64.0 KB
      Current Block Size 64.0 KB
      Peak Allocated Bytes 138 B
      Overflow Count 0
    [ALLOC_TEMP_Background Job.Worker 5]
      Initial Block Size 32.0 KB
      Current Block Size 32.0 KB
      Peak Allocated Bytes 54 B
      Overflow Count 0
    [ALLOC_TEMP_Background Job.Worker 13]
      Initial Block Size 32.0 KB
      Current Block Size 32.0 KB
      Peak Allocated Bytes 54 B
      Overflow Count 0
    [ALLOC_TEMP_Background Job.Worker 11]
      Initial Block Size 32.0 KB
      Current Block Size 32.0 KB
      Peak Allocated Bytes 54 B
      Overflow Count 0
    [ALLOC_TEMP_Job.Worker 2]
      Initial Block Size 256.0 KB
      Current Block Size 256.0 KB
      Peak Allocated Bytes 480 B
      Overflow Count 0
    [ALLOC_TEMP_Background Job.Worker 3]
      Initial Block Size 32.0 KB
      Current Block Size 32.0 KB
      Peak Allocated Bytes 54 B
      Overflow Count 0
    [ALLOC_TEMP_Background Job.Worker 0]
      Initial Block Size 32.0 KB
      Current Block Size 32.0 KB
      Peak Allocated Bytes 54 B
      Overflow Count 0
    [ALLOC_TEMP_Job.Worker 20]
      Initial Block Size 256.0 KB
      Current Block Size 256.0 KB
      Peak Allocated Bytes 144 B
      Overflow Count 0
    [ALLOC_TEMP_Job.Worker 11]
      Initial Block Size 256.0 KB
      Current Block Size 256.0 KB
      Peak Allocated Bytes 160 B
      Overflow Count 0
    [ALLOC_TEMP_Background Job.Worker 4]
      Initial Block Size 32.0 KB
      Current Block Size 32.0 KB
      Peak Allocated Bytes 54 B
      Overflow Count 0
    [ALLOC_TEMP_BatchDeleteObjects]
      Initial Block Size 64.0 KB
      Current Block Size 64.0 KB
      Peak Allocated Bytes 54 B
      Overflow Count 0
    [ALLOC_TEMP_Job.Worker 30]
      Initial Block Size 256.0 KB
      Current Block Size 256.0 KB
      Peak Allocated Bytes 144 B
      Overflow Count 0
    [ALLOC_TEMP_Job.Worker 6]
      Initial Block Size 256.0 KB
      Current Block Size 256.0 KB
      Peak Allocated Bytes 144 B
      Overflow Count 0
    [ALLOC_TEMP_Job.Worker 0]
      Initial Block Size 256.0 KB
      Current Block Size 256.0 KB
      Peak Allocated Bytes 0 B
      Overflow Count 0
    [ALLOC_TEMP_Job.Worker 21]
      Initial Block Size 256.0 KB
      Current Block Size 256.0 KB
      Peak Allocated Bytes 54 B
      Overflow Count 0
    [ALLOC_TEMP_Job.Worker 26]
      Initial Block Size 256.0 KB
      Current Block Size 256.0 KB
      Peak Allocated Bytes 144 B
      Overflow Count 0
    [ALLOC_TEMP_Job.Worker 5]
      Initial Block Size 256.0 KB
      Current Block Size 256.0 KB
      Peak Allocated Bytes 176 B
      Overflow Count 0
    [ALLOC_TEMP_Background Job.Worker 14]
      Initial Block Size 32.0 KB
      Current Block Size 32.0 KB
      Peak Allocated Bytes 54 B
      Overflow Count 0
    [ALLOC_TEMP_Job.Worker 25]
      Initial Block Size 256.0 KB
      Current Block Size 256.0 KB
      Peak Allocated Bytes 144 B
      Overflow Count 0
    [ALLOC_TEMP_ReadCacheIndex]
      Initial Block Size 64.0 KB
      Current Block Size 64.0 KB
      Peak Allocated Bytes 0.6 KB
      Overflow Count 0
    [ALLOC_TEMP_Background Job.Worker 9]
      Initial Block Size 32.0 KB
      Current Block Size 32.0 KB
      Peak Allocated Bytes 54 B
      Overflow Count 0
    [ALLOC_TEMP_Job.Worker 29]
      Initial Block Size 256.0 KB
      Current Block Size 256.0 KB
      Peak Allocated Bytes 144 B
      Overflow Count 0
    [ALLOC_TEMP_Job.Worker 13]
      Initial Block Size 256.0 KB
      Current Block Size 256.0 KB
      Peak Allocated Bytes 160 B
      Overflow Count 0
    [ALLOC_TEMP_EnlightenWorker] x 16
      Initial Block Size 64.0 KB
      Current Block Size 64.0 KB
      Peak Allocated Bytes 54 B
      Overflow Count 0
    [ALLOC_TEMP_Background Job.Worker 15]
      Initial Block Size 32.0 KB
      Current Block Size 32.0 KB
      Peak Allocated Bytes 54 B
      Overflow Count 0
    [ALLOC_TEMP_Background Job.Worker 2]
      Initial Block Size 32.0 KB
      Current Block Size 32.0 KB
      Peak Allocated Bytes 54 B
      Overflow Count 0
    [ALLOC_TEMP_Job.Worker 28]
      Initial Block Size 256.0 KB
      Current Block Size 256.0 KB
      Peak Allocated Bytes 144 B
      Overflow Count 0
    [ALLOC_TEMP_Job.Worker 22]
      Initial Block Size 256.0 KB
      Current Block Size 256.0 KB
      Peak Allocated Bytes 144 B
      Overflow Count 0
    [ALLOC_TEMP_UnityGfxDeviceWorker]
      Initial Block Size 256.0 KB
      Current Block Size 256.0 KB
      Peak Allocated Bytes 10.3 KB
      Overflow Count 0
    [ALLOC_TEMP_Background Job.Worker 7]
      Initial Block Size 32.0 KB
      Current Block Size 32.0 KB
      Peak Allocated Bytes 54 B
      Overflow Count 0
    [ALLOC_TEMP_Job.Worker 9]
      Initial Block Size 256.0 KB
      Current Block Size 256.0 KB
      Peak Allocated Bytes 160 B
      Overflow Count 0
    [ALLOC_TEMP_Job.Worker 8]
      Initial Block Size 256.0 KB
      Current Block Size 256.0 KB
      Peak Allocated Bytes 160 B
      Overflow Count 0
    [ALLOC_TEMP_Job.Worker 7]
      Initial Block Size 256.0 KB
      Current Block Size 256.0 KB
      Peak Allocated Bytes 160 B
      Overflow Count 0
    [ALLOC_TEMP_Job.Worker 23]
      Initial Block Size 256.0 KB
      Current Block Size 256.0 KB
      Peak Allocated Bytes 128 B
      Overflow Count 0
    [ALLOC_TEMP_Job.Worker 1]
      Initial Block Size 256.0 KB
      Current Block Size 256.0 KB
      Peak Allocated Bytes 507 B
      Overflow Count 0
    [ALLOC_TEMP_Job.Worker 10]
      Initial Block Size 256.0 KB
      Current Block Size 256.0 KB
      Peak Allocated Bytes 144 B
      Overflow Count 0
    [ALLOC_TEMP_Job.Worker 15]
      Initial Block Size 256.0 KB
      Current Block Size 256.0 KB
      Peak Allocated Bytes 160 B
      Overflow Count 0
    [ALLOC_TEMP_Job.Worker 24]
      Initial Block Size 256.0 KB
      Current Block Size 256.0 KB
      Peak Allocated Bytes 144 B
      Overflow Count 0
    [ALLOC_TEMP_Job.Worker 12]
      Initial Block Size 256.0 KB
      Current Block Size 256.0 KB
      Peak Allocated Bytes 160 B
      Overflow Count 0
    [ALLOC_TEMP_Job.Worker 19]
      Initial Block Size 256.0 KB
      Current Block Size 256.0 KB
      Peak Allocated Bytes 144 B
      Overflow Count 0
    [ALLOC_TEMP_Loading.AsyncRead]
      Initial Block Size 64.0 KB
      Current Block Size 108.0 KB
      Peak Allocated Bytes 104.0 KB
      Overflow Count 0
[ALLOC_DEFAULT] Dual Thread Allocator
  Peak main deferred allocation count 36435
    [ALLOC_BUCKET]
      Large Block size 4.0 MB
      Used Block count 1
      Peak Allocated bytes 4.0 MB
      Failed Allocations. Bucket layout:
        16B: 4 Subsections = 4096 buckets. Failed count: 83094
        32B: 34 Subsections = 17408 buckets. Failed count: 71214
        48B: 49 Subsections = 16725 buckets. Failed count: 192567
        64B: 40 Subsections = 10240 buckets. Failed count: 61850
        80B: 85 Subsections = 17408 buckets. Failed count: 38821
        96B: 28 Subsections = 4778 buckets. Failed count: 36806
        112B: 10 Subsections = 1462 buckets. Failed count: 18754
        128B: 6 Subsections = 768 buckets. Failed count: 22343
    [ALLOC_DEFAULT_MAIN]
      Peak usage frame count: [16.0 MB-32.0 MB]: 1560 frames, [32.0 MB-64.0 MB]: 1 frames, [128.0 MB-256.0 MB]: 10638 frames, [2.00 GB-4.00 GB]: 587 frames
      Requested Block Size 16.0 MB
      Peak Block count 40
      Peak Allocated memory 2.51 GB
      Peak Large allocation bytes 1.91 GB
    [ALLOC_DEFAULT_THREAD]
      Peak usage frame count: [8.0 MB-16.0 MB]: 1629 frames, [16.0 MB-32.0 MB]: 3 frames, [32.0 MB-64.0 MB]: 7 frames, [64.0 MB-128.0 MB]: 3 frames, [128.0 MB-256.0 MB]: 1 frames, [256.0 MB-0.50 GB]: 3 frames, [0.50 GB-1.00 GB]: 11 frames, [1.00 GB-2.00 GB]: 11129 frames
      Requested Block Size 16.0 MB
      Peak Block count 33
      Peak Allocated memory 1.30 GB
      Peak Large allocation bytes 0.80 GB
[ALLOC_TEMP_JOB_1_FRAME]
  Initial Block Size 2.0 MB
  Used Block Count 0
  Overflow Count (too large) 0
  Overflow Count (full) 0
[ALLOC_TEMP_JOB_2_FRAMES]
  Initial Block Size 2.0 MB
  Used Block Count 0
  Overflow Count (too large) 0
  Overflow Count (full) 0
[ALLOC_TEMP_JOB_4_FRAMES (JobTemp)]
  Initial Block Size 2.0 MB
  Used Block Count 1
  Overflow Count (too large) 0
  Overflow Count (full) 0
[ALLOC_TEMP_JOB_ASYNC (Background)]
  Initial Block Size 1.0 MB
  Used Block Count 1
  Overflow Count (too large) 0
  Overflow Count (full) 0
[ALLOC_GFX] Dual Thread Allocator
  Peak main deferred allocation count 42
    [ALLOC_BUCKET]
      Large Block size 4.0 MB
      Used Block count 1
      Peak Allocated bytes 4.0 MB
      Failed Allocations. Bucket layout:
        16B: 4 Subsections = 4096 buckets. Failed count: 83094
        32B: 34 Subsections = 17408 buckets. Failed count: 71214
        48B: 49 Subsections = 16725 buckets. Failed count: 192567
        64B: 40 Subsections = 10240 buckets. Failed count: 61850
        80B: 85 Subsections = 17408 buckets. Failed count: 38821
        96B: 28 Subsections = 4778 buckets. Failed count: 36806
        112B: 10 Subsections = 1462 buckets. Failed count: 18754
        128B: 6 Subsections = 768 buckets. Failed count: 22343
    [ALLOC_GFX_MAIN]
      Peak usage frame count: [128.0 KB-256.0 KB]: 1 frames, [2.0 MB-4.0 MB]: 1560 frames, [8.0 MB-16.0 MB]: 10633 frames, [16.0 MB-32.0 MB]: 14 frames, [32.0 MB-64.0 MB]: 157 frames, [64.0 MB-128.0 MB]: 273 frames, [128.0 MB-256.0 MB]: 147 frames, [0.50 GB-1.00 GB]: 1 frames
      Requested Block Size 16.0 MB
      Peak Block count 9
      Peak Allocated memory 0.92 GB
      Peak Large allocation bytes 0.85 GB
    [ALLOC_GFX_THREAD]
      Peak usage frame count: [0-1.0 KB]: 1563 frames, [2.0 KB-4.0 KB]: 10634 frames, [16.0 KB-32.0 KB]: 154 frames, [32.0 KB-64.0 KB]: 140 frames, [64.0 KB-128.0 KB]: 295 frames
      Requested Block Size 16.0 MB
      Peak Block count 1
      Peak Allocated memory 103.6 KB
      Peak Large allocation bytes 0 B
[ALLOC_CACHEOBJECTS] Dual Thread Allocator
  Peak main deferred allocation count 203
    [ALLOC_BUCKET]
      Large Block size 4.0 MB
      Used Block count 1
      Peak Allocated bytes 4.0 MB
      Failed Allocations. Bucket layout:
        16B: 4 Subsections = 4096 buckets. Failed count: 83094
        32B: 34 Subsections = 17408 buckets. Failed count: 71214
        48B: 49 Subsections = 16725 buckets. Failed count: 192567
        64B: 40 Subsections = 10240 buckets. Failed count: 61850
        80B: 85 Subsections = 17408 buckets. Failed count: 38821
        96B: 28 Subsections = 4778 buckets. Failed count: 36806
        112B: 10 Subsections = 1462 buckets. Failed count: 18754
        128B: 6 Subsections = 768 buckets. Failed count: 22343
    [ALLOC_CACHEOBJECTS_MAIN]
      Peak usage frame count: [4.0 MB-8.0 MB]: 1 frames, [8.0 MB-16.0 MB]: 1560 frames, [32.0 MB-64.0 MB]: 11225 frames
      Requested Block Size 4.0 MB
      Peak Block count 9
      Peak Allocated memory 33.5 MB
      Peak Large allocation bytes 0 B
    [ALLOC_CACHEOBJECTS_THREAD]
      Peak usage frame count: [4.0 KB-8.0 KB]: 1560 frames, [32.0 KB-64.0 KB]: 1 frames, [128.0 KB-256.0 KB]: 3 frames, [256.0 KB-0.5 MB]: 11219 frames, [0.5 MB-1.0 MB]: 3 frames
      Requested Block Size 4.0 MB
      Peak Block count 1
      Peak Allocated memory 0.6 MB
      Peak Large allocation bytes 0 B
[ALLOC_TYPETREE] Dual Thread Allocator
  Peak main deferred allocation count 0
    [ALLOC_BUCKET]
      Large Block size 4.0 MB
      Used Block count 1
      Peak Allocated bytes 4.0 MB
      Failed Allocations. Bucket layout:
        16B: 4 Subsections = 4096 buckets. Failed count: 83094
        32B: 34 Subsections = 17408 buckets. Failed count: 71214
        48B: 49 Subsections = 16725 buckets. Failed count: 192567
        64B: 40 Subsections = 10240 buckets. Failed count: 61850
        80B: 85 Subsections = 17408 buckets. Failed count: 38821
        96B: 28 Subsections = 4778 buckets. Failed count: 36806
        112B: 10 Subsections = 1462 buckets. Failed count: 18754
        128B: 6 Subsections = 768 buckets. Failed count: 22343
    [ALLOC_TYPETREE_MAIN]
      Peak usage frame count: [4.0 KB-8.0 KB]: 1 frames, [8.0 KB-16.0 KB]: 1560 frames, [256.0 KB-0.5 MB]: 11225 frames
      Requested Block Size 2.0 MB
      Peak Block count 1
      Peak Allocated memory 352.7 KB
      Peak Large allocation bytes 0 B
    [ALLOC_TYPETREE_THREAD]
      Peak usage frame count: [0-1.0 KB]: 12786 frames
      Requested Block Size 2.0 MB
      Peak Block count 0
      Peak Allocated memory 0 B
      Peak Large allocation bytes 0 B
